Company,Product,Normalized Product,AccountID,AccountDescription,AccountType,Count,First Seen,Last Seen
SYNTH COMPANY 001 SRL,SYNTH MAINTENANCE 00545,synth maintenance 00545,609,REDUCERI COMERCIALE PRIMITE,Cheltuieli,1,2025-03-18,2025-03-18
SYNTH COMPANY 001 SRL,SYNTH OFFICE 01085,synth office 01085,4426,TVA DEDUCTIBILA,Activ,3,2024-10-14,2025-05-05
SYNTH COMPANY 001 SRL,SYNTH RAW MATERIAL 01041,synth raw material 01041,609,REDUCERI COMERCIALE PRIMITE,Cheltuieli,5,2025-03-18,2026-04-18
SYNTH COMPANY 001 SRL,SYNTH UTILITY 01016,synth utility 01016,605,CHELT. CU ENERGIA SI APA,Cheltuieli,7,2024-07-08,2025-07-18
SYNTH COMPANY 001 SRL,SYNTH RAW MATERIAL 00027,synth raw material 00027,612,"CHELT. CU REDEVENTELE, LOCATIILE DE GESTIUNE",Cheltuieli,8,2024-07-08,2025-12-10
SYNTH COMPANY 001 SRL,SYNTH UTILITY 00135,synth utility 00135,6022,CHELT. PRIVIND COMBUSTIBILUL,Cheltuieli,3,2024-07-08,2025-07-18
SYNTH COMPANY 001 SRL,SYNTH MISC 00054,synth misc 00054,612,"CHELT. CU REDEVENTELE, LOCATIILE DE GESTIUNE",Cheltuieli,5,2024-07-30,2025-12-10
SYNTH COMPANY 001 SRL,SYNTH OFFICE 00581,synth office 00581,608,CHELT. PRIVIND AMBALAJELE,Cheltuieli,1,2024-12-26,2024-12-26
SYNTH COMPANY 001 SRL,SYNTH RAW MATERIAL 01045,synth raw material 01045,701,VEN. DIN VANZAREA PROD. FINITE,Pasiv,7,2024-11-29,2026-06-25
SYNTH COMPANY 001 SRL,SYNTH SERVICE 00239,synth service 00239,701,VEN. DIN VANZAREA PROD. FINITE,Pasiv,5,2025-07-04,2026-06-25
SYNTH COMPANY 001 SRL,SYNTH SERVICE 00787,synth service 00787,707,VEN. DIN VANZAREA MARFURILOR,Pasiv,1,2026-06-25,2026-06-25
SYNTH COMPANY 001 SRL,SYNTH PACKAGING 00995,synth packaging 00995,704,VEN. DIN SERVICII PRESTATE,Pasiv,2,2025-04-18,2026-06-25
SYNTH COMPANY 001 SRL,SYNTH MAINTENANCE 01069,synth maintenance 01069,4427,TVA COLECTATA,Pasiv,2,2025-04-18,2026-06-25
SYNTH COMPANY 001 SRL,SYNTH UTILITY 00587,synth utility 00587,628,ALTE CHELT. CU SERVICIILE EXECUTATE DE TERTI,Cheltuieli,6,2024-07-26,2025-06-10
SYNTH COMPANY 001 SRL,SYNTH OFFICE 00284,synth office 00284,625,"CHELT. CU DEPLASARI, DETASARI",Cheltuieli,2,2024-10-14,2025-06-10
SYNTH COMPANY 001 SRL,SYNTH PACKAGING 01194,synth packaging 01194,4426,TVA DEDUCTIBILA,Activ,1,2024-07-27,2024-07-27
SYNTH COMPANY 001 SRL,SYNTH UTILITY 00587,synth utility 00587,609,REDUCERI COMERCIALE PRIMITE,Cheltuieli,1,2026-04-18,2026-04-18
SYNTH COMPANY 001 SRL,SYNTH RETAIL 01130,synth retail 01130,707,VEN. DIN VANZAREA MARFURILOR,Pasiv,3,2024-11-29,2025-09-18
SYNTH COMPANY 001 SRL,SYNTH PACKAGING 00004,synth packaging 00004,6022,CHELT. PRIVIND COMBUSTIBILUL,Cheltuieli,1,2024-06-27,2024-06-27
SYNTH COMPANY 001 SRL,SYNTH TRANSPORT 00009,synth transport 00009,625,"CHELT. CU DEPLASARI, DETASARI",Cheltuieli,1,2024-10-14,2024-10-14
SYNTH COMPANY 001 SRL,SYNTH RETAIL 00911,synth retail 00911,371,MARFURI,Activ,1,2025-07-18,2025-07-18
SYNTH COMPANY 001 SRL,SYNTH SERVICE 00389,synth service 00389,605,CHELT. CU ENERGIA SI APA,Cheltuieli,1,2025-06-29,2025-06-29
SYNTH COMPANY 002 SRL,SYNTH SERVICE 00101,synth service 00101,6022,CHELT. PRIVIND COMBUSTIBILUL,Cheltuieli,3,2025-02-02,2026-03-03
SYNTH COMPANY 002 SRL,SYNTH FUEL 00441,synth fuel 00441,605,CHELT. CU ENERGIA SI APA,Cheltuieli,6,2024-12-31,2026-06-18
SYNTH COMPANY 002 SRL,SYNTH FUEL 00792,synth fuel 00792,6022,CHELT. PRIVIND COMBUSTIBILUL,Cheltuieli,6,2024-07-26,2026-06-18
SYNTH COMPANY 002 SRL,SYNTH OFFICE 00959,synth office 00959,411,CLIENTI,Activ,4,2024-09-27,2025-10-30
SYNTH COMPANY 002 SRL,SYNTH UTILITY 00946,synth utility 00946,4427,TVA COLECTATA,Pasiv,3,2024-09-27,2025-10-05
SYNTH COMPANY 002 SRL,SYNTH MISC 01118,synth misc 01118,701,VEN. DIN VANZAREA PROD. FINITE,Pasiv,2,2025-03-03,2025-10-05
SYNTH COMPANY 002 SRL,SYNTH SERVICE 00381,synth service 00381,601,CHELT. CU MATERIILE PRIME,Cheltuieli,3,2025-05-12,2026-01-27
SYNTH COMPANY 002 SRL,SYNTH RETAIL 00484,synth retail 00484,401,FURNIZORI,Pasiv,4,2024-07-16,2026-06-18
SYNTH COMPANY 002 SRL,SYNTH RETAIL 00136,synth retail 00136,608,CHELT. PRIVIND AMBALAJELE,Cheltuieli,4,2024-07-02,2026-06-18
SYNTH COMPANY 002 SRL,SYNTH SERVICE 00101,synth service 00101,608,CHELT. PRIVIND AMBALAJELE,Cheltuieli,5,2025-01-29,2026-06-25
SYNTH COMPANY 002 SRL,SYNTH FUEL 00750,synth fuel 00750,628,ALTE CHELT. CU SERVICIILE EXECUTATE DE TERTI,Cheltuieli,2,2024-07-11,2025-11-20
SYNTH COMPANY 002 SRL,SYNTH SERVICE 00201,synth service 00201,609,REDUCERI COMERCIALE PRIMITE,Cheltuieli,2,2025-05-12,2026-01-27
SYNTH COMPANY 002 SRL,SYNTH MISC 01042,synth misc 01042,6022,CHELT. PRIVIND COMBUSTIBILUL,Cheltuieli,1,2025-08-13,2025-08-13
SYNTH COMPANY 002 SRL,SYNTH SERVICE 00101,synth service 00101,602,CHELT. CU MATERIALELE CONSUMABILE,Cheltuieli,3,2025-01-29,2026-06-25
SYNTH COMPANY 002 SRL,SYNTH SERVICE 00480,synth service 00480,701,VEN. DIN VANZAREA PROD. FINITE,Pasiv,2,2024-09-27,2024-09-27
SYNTH COMPANY 002 SRL,SYNTH MAINTENANCE 01121,synth maintenance 01121,601,CHELT. CU MATERIILE PRIME,Cheltuieli,2,2025-06-11,2026-07-01
SYNTH COMPANY 002 SRL,SYNTH OFFICE 00977,synth office 00977,622,CHELT. CU COMISIOANELE SI ONORARIILE,Cheltuieli,3,2025-06-11,2026-07-01
SYNTH COMPANY 002 SRL,SYNTH SERVICE 00101,synth service 00101,607,CHELT. PRIVIND MARFURILE,Cheltuieli,18,2024-07-02,2026-07-01
SYNTH COMPANY 002 SRL,SYNTH PACKAGING 00196,synth packaging 00196,401,FURNIZORI,Pasiv,2,2025-02-02,2026-03-18
SYNTH COMPANY 002 SRL,SYNTH OFFICE 00499,synth office 00499,4427,TVA COLECTATA,Pasiv,1,2025-11-14,2025-11-14
SYNTH COMPANY 002 SRL,SYNTH RETAIL 00629,synth retail 00629,622,CHELT. CU COMISIOANELE SI ONORARIILE,Cheltuieli,2,2024-07-16,2025-06-13
SYNTH COMPANY 003 SRL,SYNTH OFFICE 00927,synth office 00927,612,"CHELT. CU REDEVENTELE, LOCATIILE DE GESTIUNE",Cheltuieli,11,2024-08-20,2026-01-17
SYNTH COMPANY 003 SRL,SYNTH OFFICE 00282,synth office 00282,612,"CHELT. CU REDEVENTELE, LOCATIILE DE GESTIUNE",Cheltuieli,21,2024-07-21,2026-05-28
SYNTH COMPANY 003 SRL,SYNTH RETAIL 00493,synth retail 00493,628,ALTE CHELT. CU SERVICIILE EXECUTATE DE TERTI,Cheltuieli,300,2024-06-13,2026-06-25
SYNTH COMPANY 003 SRL,SYNTH RETAIL 00070,synth retail 00070,608,CHELT. PRIVIND AMBALAJELE,Cheltuieli,45,2024-08-08,2026-05-15
SYNTH COMPANY 003 SRL,SYNTH PACKAGING 00094,synth packaging 00094,602,CHELT. CU MATERIALELE CONSUMABILE,Cheltuieli,43,2024-06-02,2026-05-20
SYNTH COMPANY 003 SRL,SYNTH UTILITY 01083,synth utility 01083,704,VEN. DIN SERVICII PRESTATE,Pasiv,192,2024-06-10,2026-06-19
SYNTH COMPANY 003 SRL,SYNTH OFFICE 00841,synth office 00841,411,CLIENTI,Activ,32,2024-06-10,2026-06-19
SYNTH COMPANY 003 SRL,SYNTH RETAIL 00932,synth retail 00932,607,CHELT. PRIVIND MARFURILE,Cheltuieli,63,2024-06-02,2026-06-25
SYNTH COMPANY 003 SRL,SYNTH SERVICE 00253,synth service 00253,602,CHELT. CU MATERIALELE CONSUMABILE,Cheltuieli,69,2024-06-09,2026-05-16
SYNTH COMPANY 003 SRL,SYNTH PACKAGING 00299,synth packaging 00299,608,CHELT. PRIVIND AMBALAJELE,Cheltuieli,12,2024-06-22,2026-03-25
SYNTH COMPANY 003 SRL,SYNTH UTILITY 00833,synth utility 00833,4427,TVA COLECTATA,Pasiv,8,2024-06-20,2026-05-22
SYNTH COMPANY 003 SRL,SYNTH RAW MATERIAL 00601,synth raw material 00601,4427,TVA COLECTATA,Pasiv,19,2024-06-18,2026-06-19
SYNTH COMPANY 003 SRL,SYNTH MISC 01191,synth misc 01191,607,CHELT. PRIVIND MARFURILE,Cheltuieli,17,2024-09-04,2026-05-16
SYNTH COMPANY 003 SRL,SYNTH UTILITY 00914,synth utility 00914,635,"CHELT. CU ALTE IMPOZITE, TAXE",Cheltuieli,28,2024-06-09,2026-05-16
SYNTH COMPANY 003 SRL,SYNTH TRANSPORT 00872,synth transport 00872,607,CHELT. PRIVIND MARFURILE,Cheltuieli,25,2024-08-17,2026-06-25
SYNTH COMPANY 003 SRL,SYNTH OFFICE 00928,synth office 00928,601,CHELT. CU MATERIILE PRIME,Cheltuieli,45,2024-06-02,2026-06-28
SYNTH COMPANY 003 SRL,SYNTH OFFICE 00581,synth office 00581,605,CHELT. CU ENERGIA SI APA,Cheltuieli,18,2024-06-17,2026-03-21
SYNTH COMPANY 003 SRL,SYNTH RETAIL 01128,synth retail 01128,628,ALTE CHELT. CU SERVICIILE EXECUTATE DE TERTI,Cheltuieli,5,2024-10-20,2026-04-30
SYNTH COMPANY 003 SRL,SYNTH RAW MATERIAL 01015,synth raw material 01015,704,VEN. DIN SERVICII PRESTATE,Pasiv,16,2024-06-18,2026-05-22
SYNTH COMPANY 003 SRL,SYNTH PACKAGING 00546,synth packaging 00546,707,VEN. DIN VANZAREA MARFURILOR,Pasiv,6,2024-12-23,2026-02-10
SYNTH COMPANY 003 SRL,SYNTH MISC 00131,synth misc 00131,613,CHELT. CU PRIMELE DE ASIGURARE,Cheltuieli,7,2024-06-04,2026-06-28
SYNTH COMPANY 003 SRL,SYNTH MAINTENANCE 00664,synth maintenance 00664,605,CHELT. CU ENERGIA SI APA,Cheltuieli,5,2024-07-20,2026-05-19
SYNTH COMPANY 003 SRL,SYNTH UTILITY 00833,synth utility 00833,707,VEN. DIN VANZAREA MARFURILOR,Pasiv,2,2025-11-30,2026-02-09
SYNTH COMPANY 003 SRL,SYNTH OFFICE 00226,synth office 00226,628,ALTE CHELT. CU SERVICIILE EXECUTATE DE TERTI,Cheltuieli,2,2024-11-11,2026-02-16
SYNTH COMPANY 003 SRL,SYNTH RETAIL 01178,synth retail 01178,609,REDUCERI COMERCIALE PRIMITE,Cheltuieli,5,2024-12-05,2026-02-02
SYNTH COMPANY 003 SRL,SYNTH MISC 00822,synth misc 00822,635,"CHELT. CU ALTE IMPOZITE, TAXE",Cheltuieli,7,2024-11-02,2026-04-10
SYNTH COMPANY 003 SRL,SYNTH RETAIL 00971,synth retail 00971,701,VEN. DIN VANZAREA PROD. FINITE,Pasiv,4,2025-02-04,2026-05-13
SYNTH COMPANY 003 SRL,SYNTH PACKAGING 00546,synth packaging 00546,4427,TVA COLECTATA,Pasiv,3,2025-12-29,2026-01-27
SYNTH COMPANY 003 SRL,SYNTH OFFICE 00499,synth office 00499,707,VEN. DIN VANZAREA MARFURILOR,Pasiv,4,2024-09-09,2025-06-12
SYNTH COMPANY 003 SRL,SYNTH SERVICE 00389,synth service 00389,613,CHELT. CU PRIMELE DE ASIGURARE,Cheltuieli,9,2024-08-08,2026-03-26
SYNTH COMPANY 003 SRL,SYNTH PACKAGING 00546,synth packaging 00546,411,CLIENTI,Activ,3,2025-03-26,2025-09-29
SYNTH COMPANY 004 SRL,SYNTH TRANSPORT 00232,synth transport 00232,625,"CHELT. CU DEPLASARI, DETASARI",Cheltuieli,6,2025-01-19,2026-03-15
SYNTH COMPANY 004 SRL,SYNTH RAW MATERIAL 00027,synth raw material 00027,612,"CHELT. CU REDEVENTELE, LOCATIILE DE GESTIUNE",Cheltuieli,12,2024-12-02,2026-06-09
SYNTH COMPANY 004 SRL,SYNTH MAINTENANCE 00939,synth maintenance 00939,605,CHELT. CU ENERGIA SI APA,Cheltuieli,1,2026-02-08,2026-02-08
SYNTH COMPANY 004 SRL,SYNTH MAINTENANCE 01121,synth maintenance 01121,601,CHELT. CU MATERIILE PRIME,Cheltuieli,4,2025-05-04,2026-02-08
SYNTH COMPANY 004 SRL,SYNTH RETAIL 00615,synth retail 00615,401,FURNIZORI,Pasiv,1,2024-07-15,2024-07-15
SYNTH COMPANY 004 SRL,SYNTH FUEL 00907,synth fuel 00907,411,CLIENTI,Activ,1,2025-05-24,2025-05-24
SYNTH COMPANY 004 SRL,SYNTH UTILITY 00473,synth utility 00473,707,VEN. DIN VANZAREA MARFURILOR,Pasiv,6,2024-08-05,2026-03-03
SYNTH COMPANY 004 SRL,SYNTH UTILITY 00159,synth utility 00159,4426,TVA DEDUCTIBILA,Activ,3,2025-01-19,2025-12-08
SYNTH COMPANY 004 SRL,SYNTH PACKAGING 00421,synth packaging 00421,609,REDUCERI COMERCIALE PRIMITE,Cheltuieli,4,2025-01-19,2026-03-29
SYNTH COMPANY 004 SRL,SYNTH RAW MATERIAL 00854,synth raw material 00854,628,ALTE CHELT. CU SERVICIILE EXECUTATE DE TERTI,Cheltuieli,8,2025-01-28,2026-05-07
SYNTH COMPANY 004 SRL,SYNTH SERVICE 00192,synth service 00192,622,CHELT. CU COMISIOANELE SI ONORARIILE,Cheltuieli,2,2025-12-08,2026-06-07
SYNTH COMPANY 004 SRL,SYNTH TRANSPORT 00193,synth transport 00193,601,CHELT. CU MATERIILE PRIME,Cheltuieli,2,2025-12-08,2026-02-11
SYNTH COMPANY 004 SRL,SYNTH SERVICE 00497,synth service 00497,628,ALTE CHELT. CU SERVICIILE EXECUTATE DE TERTI,Cheltuieli,2,2026-02-08,2026-02-11
SYNTH COMPANY 004 SRL,SYNTH SERVICE 00818,synth service 00818,602,CHELT. CU MATERIALELE CONSUMABILE,Cheltuieli,1,2026-02-08,2026-02-08
SYNTH COMPANY 004 SRL,SYNTH FUEL 00333,synth fuel 00333,628,ALTE CHELT. CU SERVICIILE EXECUTATE DE TERTI,Cheltuieli,3,2025-01-19,2026-06-07
SYNTH COMPANY 004 SRL,SYNTH PACKAGING 00173,synth packaging 00173,625,"CHELT. CU DEPLASARI, DETASARI",Cheltuieli,2,2025-01-19,2025-08-08
SYNTH COMPANY 004 SRL,SYNTH MAINTENANCE 00806,synth maintenance 00806,6022,CHELT. PRIVIND COMBUSTIBILUL,Cheltuieli,2,2025-01-19,2026-06-07
SYNTH COMPANY 004 SRL,SYNTH MISC 00778,synth misc 00778,613,CHELT. CU PRIMELE DE ASIGURARE,Cheltuieli,1,2025-01-19,2025-01-19
SYNTH COMPANY 004 SRL,SYNTH RAW MATERIAL 00405,synth raw material 00405,707,VEN. DIN VANZAREA MARFURILOR,Pasiv,1,2024-08-05,2024-08-05
SYNTH COMPANY 004 SRL,SYNTH TRANSPORT 00231,synth transport 00231,707,VEN. DIN VANZAREA MARFURILOR,Pasiv,1,2024-08-05,2024-08-05
SYNTH COMPANY 004 SRL,SYNTH SERVICE 00055,synth service 00055,707,VEN. DIN VANZAREA MARFURILOR,Pasiv,1,2024-08-05,2024-08-05
SYNTH COMPANY 004 SRL,SYNTH SERVICE 00736,synth service 00736,605,CHELT. CU ENERGIA SI APA,Cheltuieli,1,2025-12-26,2025-12-26
SYNTH COMPANY 004 SRL,SYNTH MISC 01081,synth misc 01081,635,"CHELT. CU ALTE IMPOZITE, TAXE",Cheltuieli,1,2025-12-26,2025-12-26
SYNTH COMPANY 004 SRL,SYNTH OFFICE 00225,synth office 00225,622,CHELT. CU COMISIOANELE SI ONORARIILE,Cheltuieli,1,2026-06-07,2026-06-07
SYNTH COMPANY 005 SRL,SYNTH OFFICE 00654,synth office 00654,401,FURNIZORI,Pasiv,5,2024-10-06,2026-04-21
SYNTH COMPANY 005 SRL,SYNTH UTILITY 00749,synth utility 00749,608,CHELT. PRIVIND AMBALAJELE,Cheltuieli,10,2024-09-30,2026-06-26
SYNTH COMPANY 005 SRL,SYNTH RETAIL 00164,synth retail 00164,411,CLIENTI,Activ,25,2024-06-24,2026-03-24
SYNTH COMPANY 005 SRL,SYNTH SERVICE 00055,synth service 00055,707,VEN. DIN VANZAREA MARFURILOR,Pasiv,4,2024-06-24,2025-06-17
SYNTH COMPANY 005 SRL,SYNTH SERVICE 00332,synth service 00332,602,CHELT. CU MATERIALELE CONSUMABILE,Cheltuieli,6,2024-10-17,2026-04-21
SYNTH COMPANY 005 SRL,SYNTH OFFICE 00635,synth office 00635,601,CHELT. CU MATERIILE PRIME,Cheltuieli,27,2024-06-01,2026-06-26
SYNTH COMPANY 005 SRL,SYNTH UTILITY 00657,synth utility 00657,4427,TVA COLECTATA,Pasiv,1,2025-07-03,2025-07-03
SYNTH COMPANY 005 SRL,SYNTH PACKAGING 00658,synth packaging 00658,704,VEN. DIN SERVICII PRESTATE,Pasiv,7,2024-06-24,2026-02-27
SYNTH COMPANY 005 SRL,SYNTH UTILITY 00878,synth utility 00878,635,"CHELT. CU ALTE IMPOZITE, TAXE",Cheltuieli,2,2026-03-14,2026-03-19
SYNTH COMPANY 005 SRL,SYNTH RAW MATERIAL 00761,synth raw material 00761,625,"CHELT. CU DEPLASARI, DETASARI",Cheltuieli,2,2025-03-15,2025-06-22
SYNTH COMPANY 005 SRL,SYNTH SERVICE 00211,synth service 00211,613,CHELT. CU PRIMELE DE ASIGURARE,Cheltuieli,4,2024-06-01,2026-04-13
SYNTH COMPANY 005 SRL,SYNTH SERVICE 00332,synth service 00332,609,REDUCERI COMERCIALE PRIMITE,Cheltuieli,4,2024-07-24,2026-02-25
SYNTH COMPANY 005 SRL,SYNTH OFFICE 01155,synth office 01155,612,"CHELT. CU REDEVENTELE, LOCATIILE DE GESTIUNE",Cheltuieli,7,2024-07-24,2026-04-21
SYNTH COMPANY 005 SRL,SYNTH RAW MATERIAL 00935,synth raw material 00935,707,VEN. DIN VANZAREA MARFURILOR,Pasiv,14,2024-07-25,2026-03-24
SYNTH COMPANY 005 SRL,SYNTH MAINTENANCE 01110,synth maintenance 01110,612,"CHELT. CU REDEVENTELE, LOCATIILE DE GESTIUNE",Cheltuieli,5,2024-07-16,2026-05-24
SYNTH COMPANY 005 SRL,SYNTH OFFICE 01087,synth office 01087,4426,TVA DEDUCTIBILA,Activ,1,2025-04-26,2025-04-26
SYNTH COMPANY 005 SRL,SYNTH FUEL 00950,synth fuel 00950,602,CHELT. CU MATERIALELE CONSUMABILE,Cheltuieli,1,2025-04-18,2025-04-18
SYNTH COMPANY 005 SRL,SYNTH TRANSPORT 00366,synth transport 00366,608,CHELT. PRIVIND AMBALAJELE,Cheltuieli,6,2024-10-06,2026-04-21
SYNTH COMPANY 005 SRL,SYNTH OFFICE 01087,synth office 01087,625,"CHELT. CU DEPLASARI, DETASARI",Cheltuieli,4,2024-10-06,2026-03-14
SYNTH COMPANY 005 SRL,SYNTH MISC 00425,synth misc 00425,608,CHELT. PRIVIND AMBALAJELE,Cheltuieli,2,2024-08-12,2025-01-06
SYNTH COMPANY 005 SRL,SYNTH MISC 00042,synth misc 00042,607,CHELT. PRIVIND MARFURILE,Cheltuieli,1,2024-12-14,2024-12-14
SYNTH COMPANY 005 SRL,SYNTH UTILITY 00878,synth utility 00878,371,MARFURI,Activ,2,2024-06-01,2025-03-15
SYNTH COMPANY 005 SRL,SYNTH MISC 01191,synth misc 01191,401,FURNIZORI,Pasiv,4,2024-07-16,2026-05-24
SYNTH COMPANY 005 SRL,SYNTH UTILITY 00878,synth utility 00878,4426,TVA DEDUCTIBILA,Activ,5,2025-02-12,2025-12-02
SYNTH COMPANY 005 SRL,SYNTH RAW MATERIAL 00338,synth raw material 00338,613,CHELT. CU PRIMELE DE ASIGURARE,Cheltuieli,2,2026-03-01,2026-05-22
SYNTH COMPANY 005 SRL,SYNTH MISC 00840,synth misc 00840,622,CHELT. CU COMISIOANELE SI ONORARIILE,Cheltuieli,1,2025-09-04,2025-09-04
SYNTH COMPANY 005 SRL,SYNTH TRANSPORT 00590,synth transport 00590,625,"CHELT. CU DEPLASARI, DETASARI",Cheltuieli,1,2025-12-02,2025-12-02
SYNTH COMPANY 005 SRL,SYNTH MISC 00042,synth misc 00042,6022,CHELT. PRIVIND COMBUSTIBILUL,Cheltuieli,1,2026-02-04,2026-02-04
SYNTH COMPANY 006 SRL,SYNTH TRANSPORT 00565,synth transport 00565,411,CLIENTI,Activ,10,2024-08-18,2025-12-29
SYNTH COMPANY 006 SRL,SYNTH FUEL 00402,synth fuel 00402,601,CHELT. CU MATERIILE PRIME,Cheltuieli,3,2024-07-20,2025-09-09
SYNTH COMPANY 006 SRL,SYNTH OFFICE 00271,synth office 00271,625,"CHELT. CU DEPLASARI, DETASARI",Cheltuieli,6,2024-07-20,2026-05-27
SYNTH COMPANY 006 SRL,SYNTH MISC 00579,synth misc 00579,613,CHELT. CU PRIMELE DE ASIGURARE,Cheltuieli,9,2024-07-04,2026-04-29
SYNTH COMPANY 006 SRL,SYNTH TRANSPORT 00334,synth transport 00334,635,"CHELT. CU ALTE IMPOZITE, TAXE",Cheltuieli,2,2025-05-21,2026-04-10
SYNTH COMPANY 006 SRL,SYNTH RETAIL 00944,synth retail 00944,609,REDUCERI COMERCIALE PRIMITE,Cheltuieli,11,2024-10-23,2026-05-27
SYNTH COMPANY 006 SRL,SYNTH MAINTENANCE 00867,synth maintenance 00867,701,VEN. DIN VANZAREA PROD. FINITE,Pasiv,1,2025-07-10,2025-07-10
SYNTH COMPANY 006 SRL,SYNTH PACKAGING 00858,synth packaging 00858,701,VEN. DIN VANZAREA PROD. FINITE,Pasiv,10,2025-06-12,2026-04-12
SYNTH COMPANY 006 SRL,SYNTH TRANSPORT 01062,synth transport 01062,411,CLIENTI,Activ,3,2025-10-25,2025-12-29
SYNTH COMPANY 006 SRL,SYNTH MISC 00393,synth misc 00393,601,CHELT. CU MATERIILE PRIME,Cheltuieli,11,2024-10-26,2026-05-27
SYNTH COMPANY 006 SRL,SYNTH OFFICE 00374,synth office 00374,6022,CHELT. PRIVIND COMBUSTIBILUL,Cheltuieli,2,2024-10-27,2026-04-10
SYNTH COMPANY 006 SRL,SYNTH TRANSPORT 00495,synth transport 00495,371,MARFURI,Activ,2,2024-10-23,2025-03-10
SYNTH COMPANY 006 SRL,SYNTH MISC 01191,synth misc 01191,607,CHELT. PRIVIND MARFURILE,Cheltuieli,4,2024-07-04,2026-05-27
SYNTH COMPANY 006 SRL,SYNTH FUEL 00756,synth fuel 00756,401,FURNIZORI,Pasiv,3,2025-03-18,2026-04-20
SYNTH COMPANY 006 SRL,SYNTH FUEL 00047,synth fuel 00047,612,"CHELT. CU REDEVENTELE, LOCATIILE DE GESTIUNE",Cheltuieli,5,2024-07-29,2025-07-07
SYNTH COMPANY 006 SRL,SYNTH FUEL 00762,synth fuel 00762,622,CHELT. CU COMISIOANELE SI ONORARIILE,Cheltuieli,2,2025-06-28,2025-08-30
SYNTH COMPANY 006 SRL,SYNTH RAW MATERIAL 00365,synth raw material 00365,605,CHELT. CU ENERGIA SI APA,Cheltuieli,3,2024-07-29,2026-05-08
SYNTH COMPANY 006 SRL,SYNTH MAINTENANCE 00605,synth maintenance 00605,608,CHELT. PRIVIND AMBALAJELE,Cheltuieli,6,2025-07-16,2026-05-08
SYNTH COMPANY 006 SRL,SYNTH UTILITY 00227,synth utility 00227,628,ALTE CHELT. CU SERVICIILE EXECUTATE DE TERTI,Cheltuieli,4,2024-07-29,2025-12-31
SYNTH COMPANY 006 SRL,SYNTH FUEL 00985,synth fuel 00985,6022,CHELT. PRIVIND COMBUSTIBILUL,Cheltuieli,1,2025-04-21,2025-04-21
SYNTH COMPANY 006 SRL,SYNTH RAW MATERIAL 00265,synth raw material 00265,607,CHELT. PRIVIND MARFURILE,Cheltuieli,3,2025-07-02,2026-05-27
SYNTH COMPANY 006 SRL,SYNTH PACKAGING 00129,synth packaging 00129,6022,CHELT. PRIVIND COMBUSTIBILUL,Cheltuieli,3,2024-07-29,2026-05-08
SYNTH COMPANY 006 SRL,SYNTH FUEL 00968,synth fuel 00968,613,CHELT. CU PRIMELE DE ASIGURARE,Cheltuieli,1,2024-07-29,2024-07-29
SYNTH COMPANY 006 SRL,SYNTH FUEL 00481,synth fuel 00481,707,VEN. DIN VANZAREA MARFURILOR,Pasiv,2,2025-07-26,2025-10-25
SYNTH COMPANY 006 SRL,SYNTH MAINTENANCE 00545,synth maintenance 00545,609,REDUCERI COMERCIALE PRIMITE,Cheltuieli,1,2025-07-25,2025-07-25
SYNTH COMPANY 006 SRL,SYNTH RAW MATERIAL 01103,synth raw material 01103,602,CHELT. CU MATERIALELE CONSUMABILE,Cheltuieli,1,2026-05-27,2026-05-27
SYNTH COMPANY 007 SRL,SYNTH MAINTENANCE 00594,synth maintenance 00594,601,CHELT. CU MATERIILE PRIME,Cheltuieli,3,2024-07-23,2025-04-11
SYNTH COMPANY 007 SRL,SYNTH PACKAGING 01049,synth packaging 01049,701,VEN. DIN VANZAREA PROD. FINITE,Pasiv,1,2024-12-24,2024-12-24
SYNTH COMPANY 007 SRL,SYNTH FUEL 00732,synth fuel 00732,605,CHELT. CU ENERGIA SI APA,Cheltuieli,2,2024-06-11,2025-03-12
SYNTH COMPANY 007 SRL,SYNTH SERVICE 00980,synth service 00980,605,CHELT. CU ENERGIA SI APA,Cheltuieli,7,2024-06-04,2026-05-27
SYNTH COMPANY 007 SRL,SYNTH UTILITY 00398,synth utility 00398,605,CHELT. CU ENERGIA SI APA,Cheltuieli,10,2024-06-04,2026-06-10
SYNTH COMPANY 007 SRL,SYNTH RAW MATERIAL 00494,synth raw material 00494,601,CHELT. CU MATERIILE PRIME,Cheltuieli,8,2024-06-04,2025-11-02
SYNTH COMPANY 007 SRL,SYNTH OFFICE 00604,synth office 00604,6022,CHELT. PRIVIND COMBUSTIBILUL,Cheltuieli,1,2024-06-04,2024-06-04
SYNTH COMPANY 007 SRL,SYNTH OFFICE 00581,synth office 00581,608,CHELT. PRIVIND AMBALAJELE,Cheltuieli,3,2024-08-11,2025-03-02
SYNTH COMPANY 007 SRL,SYNTH RAW MATERIAL 00216,synth raw material 00216,628,ALTE CHELT. CU SERVICIILE EXECUTATE DE TERTI,Cheltuieli,12,2024-08-26,2026-05-27
SYNTH COMPANY 007 SRL,SYNTH TRANSPORT 01057,synth transport 01057,601,CHELT. CU MATERIILE PRIME,Cheltuieli,5,2024-06-30,2025-10-11
SYNTH COMPANY 007 SRL,SYNTH FUEL 01033,synth fuel 01033,371,MARFURI,Activ,1,2024-08-26,2024-08-26
SYNTH COMPANY 007 SRL,SYNTH OFFICE 00014,synth office 00014,635,"CHELT. CU ALTE IMPOZITE, TAXE",Cheltuieli,7,2025-03-02,2025-11-02
SYNTH COMPANY 007 SRL,SYNTH TRANSPORT 00343,synth transport 00343,635,"CHELT. CU ALTE IMPOZITE, TAXE",Cheltuieli,1,2025-03-02,2025-03-02
SYNTH COMPANY 007 SRL,SYNTH TRANSPORT 00064,synth transport 00064,612,"CHELT. CU REDEVENTELE, LOCATIILE DE GESTIUNE",Cheltuieli,1,2024-06-30,2024-06-30
SYNTH COMPANY 007 SRL,SYNTH MAINTENANCE 00049,synth maintenance 00049,628,ALTE CHELT. CU SERVICIILE EXECUTATE DE TERTI,Cheltuieli,3,2025-05-21,2025-11-02
SYNTH COMPANY 007 SRL,SYNTH MISC 00154,synth misc 00154,6022,CHELT. PRIVIND COMBUSTIBILUL,Cheltuieli,3,2025-10-11,2025-11-05
SYNTH COMPANY 007 SRL,SYNTH UTILITY 00080,synth utility 00080,701,VEN. DIN VANZAREA PROD. FINITE,Pasiv,4,2024-09-13,2025-05-28
SYNTH COMPANY 007 SRL,SYNTH SERVICE 00651,synth service 00651,411,CLIENTI,Activ,2,2025-05-28,2026-04-04
SYNTH COMPANY 007 SRL,SYNTH MISC 00125,synth misc 00125,704,VEN. DIN SERVICII PRESTATE,Pasiv,3,2025-05-28,2025-07-31
SYNTH COMPANY 007 SRL,SYNTH PACKAGING 00194,synth packaging 00194,4427,TVA COLECTATA,Pasiv,1,2025-05-28,2025-05-28
SYNTH COMPANY 007 SRL,SYNTH RETAIL 00021,synth retail 00021,613,CHELT. CU PRIMELE DE ASIGURARE,Cheltuieli,1,2025-03-25,2025-03-25
SYNTH COMPANY 007 SRL,SYNTH UTILITY 00190,synth utility 00190,625,"CHELT. CU DEPLASARI, DETASARI",Cheltuieli,1,2024-07-28,2024-07-28
SYNTH COMPANY 008 SRL,SYNTH MISC 00643,synth misc 00643,704,VEN. DIN SERVICII PRESTATE,Pasiv,31,2024-06-04,2026-04-28
SYNTH COMPANY 008 SRL,SYNTH MAINTENANCE 00597,synth maintenance 00597,4427,TVA COLECTATA,Pasiv,3,2024-08-27,2025-07-20
SYNTH COMPANY 008 SRL,SYNTH SERVICE 00239,synth service 00239,707,VEN. DIN VANZAREA MARFURILOR,Pasiv,10,2024-08-11,2026-04-28
SYNTH COMPANY 008 SRL,SYNTH MISC 00346,synth misc 00346,609,REDUCERI COMERCIALE PRIMITE,Cheltuieli,3,2024-09-04,2026-04-07
SYNTH COMPANY 008 SRL,SYNTH MISC 00269,synth misc 00269,704,VEN. DIN SERVICII PRESTATE,Pasiv,7,2024-08-11,2026-01-30
SYNTH COMPANY 008 SRL,SYNTH TRANSPORT 00457,synth transport 00457,608,CHELT. PRIVIND AMBALAJELE,Cheltuieli,31,2024-07-05,2026-06-05
SYNTH COMPANY 008 SRL,SYNTH MISC 00393,synth misc 00393,625,"CHELT. CU DEPLASARI, DETASARI",Cheltuieli,15,2024-07-25,2026-02-25
SYNTH COMPANY 008 SRL,SYNTH PACKAGING 00369,synth packaging 00369,628,ALTE CHELT. CU SERVICIILE EXECUTATE DE TERTI,Cheltuieli,16,2024-07-25,2026-01-30
SYNTH COMPANY 008 SRL,SYNTH TRANSPORT 00740,synth transport 00740,608,CHELT. PRIVIND AMBALAJELE,Cheltuieli,4,2025-04-20,2025-12-07
SYNTH COMPANY 008 SRL,SYNTH PACKAGING 00970,synth packaging 00970,704,VEN. DIN SERVICII PRESTATE,Pasiv,13,2024-08-11,2026-04-28
SYNTH COMPANY 008 SRL,SYNTH RAW MATERIAL 00286,synth raw material 00286,411,CLIENTI,Activ,3,2024-07-03,2026-04-28
SYNTH COMPANY 008 SRL,SYNTH MISC 00953,synth misc 00953,707,VEN. DIN VANZAREA MARFURILOR,Pasiv,3,2025-07-20,2025-09-10
SYNTH COMPANY 008 SRL,SYNTH OFFICE 00616,synth office 00616,605,CHELT. CU ENERGIA SI APA,Cheltuieli,14,2024-06-30,2025-12-06
SYNTH COMPANY 008 SRL,SYNTH MAINTENANCE 00472,synth maintenance 00472,401,FURNIZORI,Pasiv,1,2024-07-27,2024-07-27
SYNTH COMPANY 008 SRL,SYNTH RAW MATERIAL 01010,synth raw material 01010,6022,CHELT. PRIVIND COMBUSTIBILUL,Cheltuieli,13,2024-06-30,2026-04-22
SYNTH COMPANY 008 SRL,SYNTH RAW MATERIAL 00596,synth raw material 00596,609,REDUCERI COMERCIALE PRIMITE,Cheltuieli,1,2026-04-07,2026-04-07
SYNTH COMPANY 008 SRL,SYNTH UTILITY 01016,synth utility 01016,605,CHELT. CU ENERGIA SI APA,Cheltuieli,9,2024-09-28,2026-02-25
SYNTH COMPANY 008 SRL,SYNTH MAINTENANCE 01184,synth maintenance 01184,4427,TVA COLECTATA,Pasiv,5,2024-06-04,2025-08-27
SYNTH COMPANY 008 SRL,SYNTH RETAIL 00715,synth retail 00715,608,CHELT. PRIVIND AMBALAJELE,Cheltuieli,4,2024-11-08,2025-11-06
SYNTH COMPANY 008 SRL,SYNTH FUEL 00033,synth fuel 00033,4427,TVA COLECTATA,Pasiv,1,2025-08-27,2025-08-27
SYNTH COMPANY 008 SRL,SYNTH RAW MATERIAL 00596,synth raw material 00596,401,FURNIZORI,Pasiv,1,2025-12-06,2025-12-06
SYNTH COMPANY 008 SRL,SYNTH TRANSPORT 01132,synth transport 01132,612,"CHELT. CU REDEVENTELE, LOCATIILE DE GESTIUNE",Cheltuieli,2,2024-11-26,2025-09-06
SYNTH COMPANY 008 SRL,SYNTH UTILITY 00352,synth utility 00352,601,CHELT. CU MATERIILE PRIME,Cheltuieli,2,2025-06-05,2025-09-06
SYNTH COMPANY 008 SRL,SYNTH PACKAGING 00784,synth packaging 00784,608,CHELT. PRIVIND AMBALAJELE,Cheltuieli,4,2025-02-09,2026-06-05
SYNTH COMPANY 008 SRL,SYNTH MAINTENANCE 00545,synth maintenance 00545,609,REDUCERI COMERCIALE PRIMITE,Cheltuieli,1,2025-01-29,2025-01-29
SYNTH COMPANY 008 SRL,SYNTH MISC 00542,synth misc 00542,635,"CHELT. CU ALTE IMPOZITE, TAXE",Cheltuieli,3,2025-04-20,2025-11-06
SYNTH COMPANY 008 SRL,SYNTH MISC 00542,synth misc 00542,6022,CHELT. PRIVIND COMBUSTIBILUL,Cheltuieli,3,2025-04-20,2025-11-17
SYNTH COMPANY 009 SRL,SYNTH OFFICE 00023,synth office 00023,401,FURNIZORI,Pasiv,5,2024-08-08,2026-01-20
SYNTH COMPANY 009 SRL,SYNTH SERVICE 00389,synth service 00389,613,CHELT. CU PRIMELE DE ASIGURARE,Cheltuieli,2,2026-06-15,2026-06-15
SYNTH COMPANY 009 SRL,SYNTH MISC 01175,synth misc 01175,635,"CHELT. CU ALTE IMPOZITE, TAXE",Cheltuieli,2,2026-05-01,2026-06-15
SYNTH COMPANY 009 SRL,SYNTH TRANSPORT 00872,synth transport 00872,602,CHELT. CU MATERIALELE CONSUMABILE,Cheltuieli,1,2026-06-15,2026-06-15
SYNTH COMPANY 009 SRL,SYNTH UTILITY 01016,synth utility 01016,605,CHELT. CU ENERGIA SI APA,Cheltuieli,6,2024-07-01,2026-06-15
SYNTH COMPANY 009 SRL,SYNTH FUEL 00047,synth fuel 00047,635,"CHELT. CU ALTE IMPOZITE, TAXE",Cheltuieli,5,2026-03-02,2026-06-15
SYNTH COMPANY 009 SRL,SYNTH UTILITY 00655,synth utility 00655,411,CLIENTI,Activ,4,2024-11-13,2026-01-28
SYNTH COMPANY 009 SRL,SYNTH UTILITY 00914,synth utility 00914,635,"CHELT. CU ALTE IMPOZITE, TAXE",Cheltuieli,3,2025-07-28,2026-04-02
SYNTH COMPANY 009 SRL,SYNTH MAINTENANCE 01159,synth maintenance 01159,612,"CHELT. CU REDEVENTELE, LOCATIILE DE GESTIUNE",Cheltuieli,2,2025-08-09,2026-01-05
SYNTH COMPANY 009 SRL,SYNTH TRANSPORT 01080,synth transport 01080,625,"CHELT. CU DEPLASARI, DETASARI",Cheltuieli,3,2024-08-08,2026-05-01
SYNTH COMPANY 009 SRL,SYNTH RETAIL 00642,synth retail 00642,4426,TVA DEDUCTIBILA,Activ,2,2025-11-23,2026-01-05
SYNTH COMPANY 009 SRL,SYNTH RETAIL 00327,synth retail 00327,605,CHELT. CU ENERGIA SI APA,Cheltuieli,2,2025-11-23,2026-03-02
SYNTH COMPANY 009 SRL,SYNTH PACKAGING 00355,synth packaging 00355,411,CLIENTI,Activ,3,2025-01-29,2026-01-28
SYNTH COMPANY 009 SRL,SYNTH RAW MATERIAL 01015,synth raw material 01015,704,VEN. DIN SERVICII PRESTATE,Pasiv,2,2025-01-29,2025-01-29
SYNTH COMPANY 010 SRL,SYNTH OFFICE 00407,synth office 00407,601,CHELT. CU MATERIILE PRIME,Cheltuieli,216,2024-06-02,2026-06-25
SYNTH COMPANY 010 SRL,SYNTH FUEL 00895,synth fuel 00895,411,CLIENTI,Activ,23,2024-07-26,2026-06-03
SYNTH COMPANY 010 SRL,SYNTH RETAIL 00757,synth retail 00757,4427,TVA COLECTATA,Pasiv,31,2024-08-20,2026-06-12
SYNTH COMPANY 010 SRL,SYNTH RAW MATERIAL 00353,synth raw material 00353,4427,TVA COLECTATA,Pasiv,28,2024-08-18,2026-06-06
SYNTH COMPANY 010 SRL,SYNTH SERVICE 00122,synth service 00122,704,VEN. DIN SERVICII PRESTATE,Pasiv,58,2024-07-01,2026-06-26
SYNTH COMPANY 010 SRL,SYNTH RAW MATERIAL 00069,synth raw material 00069,411,CLIENTI,Activ,50,2024-07-04,2026-06-12
SYNTH COMPANY 010 SRL,SYNTH UTILITY 00504,synth utility 00504,625,"CHELT. CU DEPLASARI, DETASARI",Cheltuieli,18,2024-06-12,2026-04-28
SYNTH COMPANY 010 SRL,SYNTH MISC 00163,synth misc 00163,613,CHELT. CU PRIMELE DE ASIGURARE,Cheltuieli,16,2024-07-04,2026-06-25
SYNTH COMPANY 010 SRL,SYNTH FUEL 00481,synth fuel 00481,704,VEN. DIN SERVICII PRESTATE,Pasiv,16,2024-09-17,2026-06-06
SYNTH COMPANY 010 SRL,SYNTH RETAIL 00132,synth retail 00132,411,CLIENTI,Activ,20,2024-09-01,2026-06-19
SYNTH COMPANY 010 SRL,SYNTH UTILITY 00812,synth utility 00812,605,CHELT. CU ENERGIA SI APA,Cheltuieli,24,2024-06-09,2026-06-18
SYNTH COMPANY 010 SRL,SYNTH SERVICE 00804,synth service 00804,401,FURNIZORI,Pasiv,15,2024-06-29,2026-06-18
SYNTH COMPANY 010 SRL,SYNTH OFFICE 01087,synth office 01087,4426,TVA DEDUCTIBILA,Activ,28,2024-06-07,2026-06-25
SYNTH COMPANY 010 SRL,SYNTH OFFICE 01032,synth office 01032,607,CHELT. PRIVIND MARFURILE,Cheltuieli,69,2024-06-06,2026-06-27
SYNTH COMPANY 010 SRL,SYNTH UTILITY 00800,synth utility 00800,6022,CHELT. PRIVIND COMBUSTIBILUL,Cheltuieli,14,2024-06-08,2026-04-28
SYNTH COMPANY 010 SRL,SYNTH RETAIL 00620,synth retail 00620,635,"CHELT. CU ALTE IMPOZITE, TAXE",Cheltuieli,5,2024-06-19,2025-03-28
SYNTH COMPANY 010 SRL,SYNTH MAINTENANCE 01121,synth maintenance 01121,601,CHELT. CU MATERIILE PRIME,Cheltuieli,34,2024-06-07,2026-05-21
SYNTH COMPANY 010 SRL,SYNTH RETAIL 00744,synth retail 00744,601,CHELT. CU MATERIILE PRIME,Cheltuieli,10,2024-06-25,2026-01-06
SYNTH COMPANY 010 SRL,SYNTH FUEL 00273,synth fuel 00273,4427,TVA COLECTATA,Pasiv,11,2024-09-01,2026-06-06
SYNTH COMPANY 010 SRL,SYNTH UTILITY 00469,synth utility 00469,628,ALTE CHELT. CU SERVICIILE EXECUTATE DE TERTI,Cheltuieli,2,2025-09-02,2025-09-27
SYNTH COMPANY 010 SRL,SYNTH UTILITY 00450,synth utility 00450,613,CHELT. CU PRIMELE DE ASIGURARE,Cheltuieli,20,2024-06-02,2026-06-19
SYNTH COMPANY 010 SRL,SYNTH RETAIL 00447,synth retail 00447,609,REDUCERI COMERCIALE PRIMITE,Cheltuieli,91,2024-06-02,2026-06-27
SYNTH COMPANY 010 SRL,SYNTH SERVICE 00454,synth service 00454,701,VEN. DIN VANZAREA PROD. FINITE,Pasiv,21,2024-07-11,2026-05-10
SYNTH COMPANY 010 SRL,SYNTH OFFICE 01155,synth office 01155,601,CHELT. CU MATERIILE PRIME,Cheltuieli,17,2024-07-30,2026-06-03
SYNTH COMPANY 010 SRL,SYNTH UTILITY 00914,synth utility 00914,635,"CHELT. CU ALTE IMPOZITE, TAXE",Cheltuieli,14,2024-07-11,2026-06-18
SYNTH COMPANY 010 SRL,SYNTH RETAIL 00642,synth retail 00642,608,CHELT. PRIVIND AMBALAJELE,Cheltuieli,6,2024-06-29,2026-06-05
SYNTH COMPANY 010 SRL,SYNTH PACKAGING 00299,synth packaging 00299,612,"CHELT. CU REDEVENTELE, LOCATIILE DE GESTIUNE",Cheltuieli,6,2024-06-11,2026-03-02
SYNTH COMPANY 010 SRL,SYNTH PACKAGING 00825,synth packaging 00825,704,VEN. DIN SERVICII PRESTATE,Pasiv,14,2025-02-17,2026-06-15
SYNTH COMPANY 010 SRL,SYNTH FUEL 00539,synth fuel 00539,612,"CHELT. CU REDEVENTELE, LOCATIILE DE GESTIUNE",Cheltuieli,4,2024-11-09,2026-04-21
SYNTH COMPANY 010 SRL,SYNTH RAW MATERIAL 00837,synth raw material 00837,612,"CHELT. CU REDEVENTELE, LOCATIILE DE GESTIUNE",Cheltuieli,11,2024-07-19,2026-06-23
SYNTH COMPANY 010 SRL,SYNTH RAW MATERIAL 00353,synth raw material 00353,411,CLIENTI,Activ,1,2026-05-10,2026-05-10
SYNTH COMPANY 010 SRL,SYNTH OFFICE 00439,synth office 00439,625,"CHELT. CU DEPLASARI, DETASARI",Cheltuieli,13,2024-06-12,2026-06-18
SYNTH COMPANY 010 SRL,SYNTH OFFICE 00561,synth office 00561,6022,CHELT. PRIVIND COMBUSTIBILUL,Cheltuieli,4,2024-12-13,2026-04-20
SYNTH COMPANY 010 SRL,SYNTH FUEL 00470,synth fuel 00470,613,CHELT. CU PRIMELE DE ASIGURARE,Cheltuieli,6,2024-06-07,2025-10-27
SYNTH COMPANY 010 SRL,SYNTH OFFICE 01124,synth office 01124,625,"CHELT. CU DEPLASARI, DETASARI",Cheltuieli,4,2024-11-06,2025-12-28
SYNTH COMPANY 010 SRL,SYNTH UTILITY 00469,synth utility 00469,625,"CHELT. CU DEPLASARI, DETASARI",Cheltuieli,9,2024-06-09,2025-10-09
SYNTH COMPANY 010 SRL,SYNTH RAW MATERIAL 00573,synth raw material 00573,628,ALTE CHELT. CU SERVICIILE EXECUTATE DE TERTI,Cheltuieli,12,2024-07-05,2026-05-15
SYNTH COMPANY 010 SRL,SYNTH RAW MATERIAL 00893,synth raw material 00893,635,"CHELT. CU ALTE IMPOZITE, TAXE",Cheltuieli,7,2025-02-16,2026-05-02
SYNTH COMPANY 010 SRL,SYNTH MISC 00315,synth misc 00315,628,ALTE CHELT. CU SERVICIILE EXECUTATE DE TERTI,Cheltuieli,9,2024-12-03,2026-05-29
SYNTH COMPANY 010 SRL,SYNTH OFFICE 00209,synth office 00209,612,"CHELT. CU REDEVENTELE, LOCATIILE DE GESTIUNE",Cheltuieli,3,2024-11-09,2026-02-28
SYNTH COMPANY 010 SRL,SYNTH MAINTENANCE 00656,synth maintenance 00656,609,REDUCERI COMERCIALE PRIMITE,Cheltuieli,5,2024-07-04,2026-04-19
SYNTH COMPANY 010 SRL,SYNTH RAW MATERIAL 00829,synth raw material 00829,371,MARFURI,Activ,5,2024-06-17,2026-05-29
SYNTH COMPANY 010 SRL,SYNTH TRANSPORT 01132,synth transport 01132,612,"CHELT. CU REDEVENTELE, LOCATIILE DE GESTIUNE",Cheltuieli,2,2024-06-17,2025-07-17
SYNTH COMPANY 010 SRL,SYNTH MAINTENANCE 00345,synth maintenance 00345,609,REDUCERI COMERCIALE PRIMITE,Cheltuieli,4,2025-03-17,2026-06-27
SYNTH COMPANY 010 SRL,SYNTH RETAIL 00757,synth retail 00757,704,VEN. DIN SERVICII PRESTATE,Pasiv,1,2024-09-20,2024-09-20
SYNTH COMPANY 010 SRL,SYNTH SERVICE 00278,synth service 00278,704,VEN. DIN SERVICII PRESTATE,Pasiv,7,2024-08-16,2026-06-26
SYNTH COMPANY 010 SRL,SYNTH UTILITY 00469,synth utility 00469,622,CHELT. CU COMISIOANELE SI ONORARIILE,Cheltuieli,1,2025-03-20,2025-03-20
SYNTH COMPANY 011 SRL,SYNTH PACKAGING 00619,synth packaging 00619,707,VEN. DIN VANZAREA MARFURILOR,Pasiv,25,2024-07-27,2026-06-14
SYNTH COMPANY 011 SRL,SYNTH MISC 00912,synth misc 00912,701,VEN. DIN VANZAREA PROD. FINITE,Pasiv,8,2024-07-27,2026-05-11
SYNTH COMPANY 011 SRL,SYNTH FUEL 00738,synth fuel 00738,612,"CHELT. CU REDEVENTELE, LOCATIILE DE GESTIUNE",Cheltuieli,6,2024-11-16,2026-06-30
SYNTH COMPANY 011 SRL,SYNTH UTILITY 00537,synth utility 00537,612,"CHELT. CU REDEVENTELE, LOCATIILE DE GESTIUNE",Cheltuieli,11,2024-08-14,2026-06-24
SYNTH COMPANY 011 SRL,SYNTH MAINTENANCE 00049,synth maintenance 00049,612,"CHELT. CU REDEVENTELE, LOCATIILE DE GESTIUNE",Cheltuieli,3,2024-08-28,2026-06-24
SYNTH COMPANY 011 SRL,SYNTH FUEL 01158,synth fuel 01158,612,"CHELT. CU REDEVENTELE, LOCATIILE DE GESTIUNE",Cheltuieli,8,2024-08-14,2026-06-24
SYNTH COMPANY 011 SRL,SYNTH FUEL 00844,synth fuel 00844,608,CHELT. PRIVIND AMBALAJELE,Cheltuieli,3,2024-08-28,2026-06-24
SYNTH COMPANY 011 SRL,SYNTH OFFICE 00811,synth office 00811,401,FURNIZORI,Pasiv,14,2024-06-19,2026-06-30
SYNTH COMPANY 011 SRL,SYNTH SERVICE 00452,synth service 00452,601,CHELT. CU MATERIILE PRIME,Cheltuieli,3,2025-07-09,2026-03-19
SYNTH COMPANY 011 SRL,SYNTH TRANSPORT 00955,synth transport 00955,4426,TVA DEDUCTIBILA,Activ,2,2025-09-17,2025-12-23
SYNTH COMPANY 011 SRL,SYNTH UTILITY 00962,synth utility 00962,608,CHELT. PRIVIND AMBALAJELE,Cheltuieli,5,2024-08-14,2025-10-16
SYNTH COMPANY 011 SRL,SYNTH OFFICE 00177,synth office 00177,371,MARFURI,Activ,1,2025-09-17,2025-09-17
SYNTH COMPANY 011 SRL,SYNTH RAW MATERIAL 00503,synth raw material 00503,609,REDUCERI COMERCIALE PRIMITE,Cheltuieli,3,2025-08-09,2025-09-17
SYNTH COMPANY 011 SRL,SYNTH RAW MATERIAL 00494,synth raw material 00494,602,CHELT. CU MATERIALELE CONSUMABILE,Cheltuieli,4,2025-05-31,2026-06-01
SYNTH COMPANY 011 SRL,SYNTH MISC 00344,synth misc 00344,401,FURNIZORI,Pasiv,6,2024-08-28,2026-06-30
SYNTH COMPANY 011 SRL,SYNTH UTILITY 00785,synth utility 00785,612,"CHELT. CU REDEVENTELE, LOCATIILE DE GESTIUNE",Cheltuieli,3,2024-08-14,2026-06-30
SYNTH COMPANY 011 SRL,SYNTH MISC 00116,synth misc 00116,605,CHELT. CU ENERGIA SI APA,Cheltuieli,6,2025-12-16,2026-03-19
SYNTH COMPANY 011 SRL,SYNTH FUEL 00570,synth fuel 00570,371,MARFURI,Activ,2,2024-08-20,2025-09-01
SYNTH COMPANY 011 SRL,SYNTH RAW MATERIAL 00357,synth raw material 00357,371,MARFURI,Activ,2,2024-08-20,2025-04-07
SYNTH COMPANY 011 SRL,SYNTH OFFICE 00581,synth office 00581,608,CHELT. PRIVIND AMBALAJELE,Cheltuieli,4,2024-08-20,2026-06-01
SYNTH COMPANY 011 SRL,SYNTH FUEL 00570,synth fuel 00570,4426,TVA DEDUCTIBILA,Activ,1,2025-04-30,2025-04-30
SYNTH COMPANY 011 SRL,SYNTH OFFICE 01029,synth office 01029,601,CHELT. CU MATERIILE PRIME,Cheltuieli,1,2025-09-01,2025-09-01
SYNTH COMPANY 012 SRL,SYNTH FUEL 00952,synth fuel 00952,605,CHELT. CU ENERGIA SI APA,Cheltuieli,1,2026-03-20,2026-03-20
SYNTH COMPANY 012 SRL,SYNTH OFFICE 00140,synth office 00140,6022,CHELT. PRIVIND COMBUSTIBILUL,Cheltuieli,2,2026-03-07,2026-03-20
SYNTH COMPANY 012 SRL,SYNTH RAW MATERIAL 00027,synth raw material 00027,612,"CHELT. CU REDEVENTELE, LOCATIILE DE GESTIUNE",Cheltuieli,5,2026-03-07,2026-05-04
SYNTH COMPANY 012 SRL,SYNTH RAW MATERIAL 00186,synth raw material 00186,401,FURNIZORI,Pasiv,3,2026-03-07,2026-05-04
SYNTH COMPANY 012 SRL,SYNTH OFFICE 01013,synth office 01013,608,CHELT. PRIVIND AMBALAJELE,Cheltuieli,1,2026-05-04,2026-05-04
SYNTH COMPANY 012 SRL,SYNTH MISC 00759,synth misc 00759,704,VEN. DIN SERVICII PRESTATE,Pasiv,1,2025-03-26,2025-03-26
SYNTH COMPANY 012 SRL,SYNTH MISC 00448,synth misc 00448,6022,CHELT. PRIVIND COMBUSTIBILUL,Cheltuieli,1,2026-03-07,2026-03-07
SYNTH COMPANY 012 SRL,SYNTH OFFICE 00140,synth office 00140,613,CHELT. CU PRIMELE DE ASIGURARE,Cheltuieli,1,2026-03-07,2026-03-07
SYNTH COMPANY 013 SRL,SYNTH PACKAGING 00379,synth packaging 00379,411,CLIENTI,Activ,5,2024-06-01,2025-06-19
SYNTH COMPANY 013 SRL,SYNTH FUEL 00187,synth fuel 00187,411,CLIENTI,Activ,1,2025-06-19,2025-06-19
SYNTH COMPANY 013 SRL,SYNTH FUEL 00187,synth fuel 00187,4427,TVA COLECTATA,Pasiv,1,2025-06-19,2025-06-19
SYNTH COMPANY 013 SRL,SYNTH OFFICE 00407,synth office 00407,613,CHELT. CU PRIMELE DE ASIGURARE,Cheltuieli,5,2024-10-02,2026-05-28
SYNTH COMPANY 013 SRL,SYNTH MISC 00404,synth misc 00404,608,CHELT. PRIVIND AMBALAJELE,Cheltuieli,2,2024-10-02,2026-05-28
SYNTH COMPANY 013 SRL,SYNTH UTILITY 00962,synth utility 00962,628,ALTE CHELT. CU SERVICIILE EXECUTATE DE TERTI,Cheltuieli,1,2024-10-02,2024-10-02
SYNTH COMPANY 013 SRL,SYNTH RAW MATERIAL 00707,synth raw material 00707,613,CHELT. CU PRIMELE DE ASIGURARE,Cheltuieli,1,2025-06-13,2025-06-13
SYNTH COMPANY 013 SRL,SYNTH OFFICE 01168,synth office 01168,4426,TVA DEDUCTIBILA,Activ,1,2025-11-22,2025-11-22
SYNTH COMPANY 013 SRL,SYNTH RAW MATERIAL 00027,synth raw material 00027,612,"CHELT. CU REDEVENTELE, LOCATIILE DE GESTIUNE",Cheltuieli,2,2025-11-22,2026-05-28
SYNTH COMPANY 013 SRL,SYNTH SERVICE 00595,synth service 00595,411,CLIENTI,Activ,4,2024-06-01,2025-08-25
SYNTH COMPANY 013 SRL,SYNTH MISC 00509,synth misc 00509,612,"CHELT. CU REDEVENTELE, LOCATIILE DE GESTIUNE",Cheltuieli,1,2024-08-08,2024-08-08
SYNTH COMPANY 013 SRL,SYNTH RETAIL 00391,synth retail 00391,628,ALTE CHELT. CU SERVICIILE EXECUTATE DE TERTI,Cheltuieli,1,2025-09-06,2025-09-06
SYNTH COMPANY 013 SRL,SYNTH MAINTENANCE 00770,synth maintenance 00770,6022,CHELT. PRIVIND COMBUSTIBILUL,Cheltuieli,1,2026-05-28,2026-05-28
SYNTH COMPANY 013 SRL,SYNTH OFFICE 00028,synth office 00028,612,"CHELT. CU REDEVENTELE, LOCATIILE DE GESTIUNE",Cheltuieli,1,2026-05-28,2026-05-28
SYNTH COMPANY 013 SRL,SYNTH TRANSPORT 00918,synth transport 00918,601,CHELT. CU MATERIILE PRIME,Cheltuieli,1,2026-05-28,2026-05-28
SYNTH COMPANY 014 SRL,SYNTH SERVICE 00742,synth service 00742,6022,CHELT. PRIVIND COMBUSTIBILUL,Cheltuieli,9,2024-06-12,2025-02-09
SYNTH COMPANY 014 SRL,SYNTH OFFICE 00479,synth office 00479,608,CHELT. PRIVIND AMBALAJELE,Cheltuieli,5,2024-07-07,2025-08-29
SYNTH COMPANY 014 SRL,SYNTH OFFICE 01087,synth office 01087,625,"CHELT. CU DEPLASARI, DETASARI",Cheltuieli,3,2024-09-07,2025-07-12
SYNTH COMPANY 014 SRL,SYNTH UTILITY 00962,synth utility 00962,628,ALTE CHELT. CU SERVICIILE EXECUTATE DE TERTI,Cheltuieli,8,2024-06-12,2025-11-20
SYNTH COMPANY 014 SRL,SYNTH TRANSPORT 00031,synth transport 00031,401,FURNIZORI,Pasiv,7,2024-07-07,2025-08-29
SYNTH COMPANY 014 SRL,SYNTH UTILITY 00794,synth utility 00794,371,MARFURI,Activ,11,2024-07-07,2026-03-16
SYNTH COMPANY 014 SRL,SYNTH RETAIL 00525,synth retail 00525,605,CHELT. CU ENERGIA SI APA,Cheltuieli,5,2024-07-07,2025-10-15
SYNTH COMPANY 014 SRL,SYNTH MAINTENANCE 00414,synth maintenance 00414,608,CHELT. PRIVIND AMBALAJELE,Cheltuieli,5,2025-07-12,2026-01-10
SYNTH COMPANY 014 SRL,SYNTH SERVICE 00237,synth service 00237,411,CLIENTI,Activ,2,2025-02-23,2025-10-20
SYNTH COMPANY 014 SRL,SYNTH RAW MATERIAL 00463,synth raw material 00463,602,CHELT. CU MATERIALELE CONSUMABILE,Cheltuieli,1,2025-10-15,2025-10-15
SYNTH COMPANY 014 SRL,SYNTH RETAIL 00538,synth retail 00538,401,FURNIZORI,Pasiv,1,2024-12-04,2024-12-04
SYNTH COMPANY 014 SRL,SYNTH UTILITY 01016,synth utility 01016,6022,CHELT. PRIVIND COMBUSTIBILUL,Cheltuieli,3,2024-06-12,2025-11-20
SYNTH COMPANY 014 SRL,SYNTH SERVICE 01071,synth service 01071,704,VEN. DIN SERVICII PRESTATE,Pasiv,1,2025-05-31,2025-05-31
SYNTH COMPANY 014 SRL,SYNTH PACKAGING 00500,synth packaging 00500,707,VEN. DIN VANZAREA MARFURILOR,Pasiv,1,2025-05-31,2025-05-31
SYNTH COMPANY 014 SRL,SYNTH UTILITY 00748,synth utility 00748,609,REDUCERI COMERCIALE PRIMITE,Cheltuieli,1,2024-10-18,2024-10-18
SYNTH COMPANY 014 SRL,SYNTH UTILITY 01023,synth utility 01023,701,VEN. DIN VANZAREA PROD. FINITE,Pasiv,5,2024-08-10,2025-10-20
SYNTH COMPANY 014 SRL,SYNTH UTILITY 01195,synth utility 01195,701,VEN. DIN VANZAREA PROD. FINITE,Pasiv,2,2024-08-10,2024-08-10
SYNTH COMPANY 014 SRL,SYNTH SERVICE 00713,synth service 00713,625,"CHELT. CU DEPLASARI, DETASARI",Cheltuieli,1,2024-10-26,2024-10-26
SYNTH COMPANY 014 SRL,SYNTH RETAIL 00337,synth retail 00337,625,"CHELT. CU DEPLASARI, DETASARI",Cheltuieli,1,2024-10-26,2024-10-26
SYNTH COMPANY 014 SRL,SYNTH PACKAGING 00746,synth packaging 00746,371,MARFURI,Activ,1,2024-06-12,2024-06-12
SYNTH COMPANY 014 SRL,SYNTH MAINTENANCE 00098,synth maintenance 00098,4426,TVA DEDUCTIBILA,Activ,1,2025-06-12,2025-06-12
SYNTH COMPANY 014 SRL,SYNTH SERVICE 00239,synth service 00239,704,VEN. DIN SERVICII PRESTATE,Pasiv,3,2025-03-12,2025-12-10
SYNTH COMPANY 014 SRL,SYNTH SERVICE 00237,synth service 00237,701,VEN. DIN VANZAREA PROD. FINITE,Pasiv,1,2025-08-29,2025-08-29
SYNTH COMPANY 014 SRL,SYNTH RAW MATERIAL 00307,synth raw material 00307,704,VEN. DIN SERVICII PRESTATE,Pasiv,1,2025-10-20,2025-10-20
SYNTH COMPANY 015 SRL,SYNTH UTILITY 00843,synth utility 00843,6022,CHELT. PRIVIND COMBUSTIBILUL,Cheltuieli,7,2024-11-11,2025-09-12
SYNTH COMPANY 015 SRL,SYNTH FUEL 00738,synth fuel 00738,612,"CHELT. CU REDEVENTELE, LOCATIILE DE GESTIUNE",Cheltuieli,8,2024-11-11,2025-10-07
SYNTH COMPANY 015 SRL,SYNTH MAINTENANCE 01181,synth maintenance 01181,622,CHELT. CU COMISIOANELE SI ONORARIILE,Cheltuieli,6,2024-06-19,2026-01-15
SYNTH COMPANY 015 SRL,SYNTH SERVICE 00005,synth service 00005,4426,TVA DEDUCTIBILA,Activ,10,2024-11-28,2026-04-05
SYNTH COMPANY 015 SRL,SYNTH UTILITY 01074,synth utility 01074,4427,TVA COLECTATA,Pasiv,2,2025-07-31,2026-01-26
SYNTH COMPANY 015 SRL,SYNTH FUEL 01077,synth fuel 01077,704,VEN. DIN SERVICII PRESTATE,Pasiv,2,2024-06-06,2025-07-31
SYNTH COMPANY 015 SRL,SYNTH MAINTENANCE 00699,synth maintenance 00699,622,CHELT. CU COMISIOANELE SI ONORARIILE,Cheltuieli,6,2024-06-19,2025-10-07
SYNTH COMPANY 015 SRL,SYNTH PACKAGING 00554,synth packaging 00554,609,REDUCERI COMERCIALE PRIMITE,Cheltuieli,6,2024-06-19,2026-01-22
SYNTH COMPANY 015 SRL,SYNTH PACKAGING 00134,synth packaging 00134,601,CHELT. CU MATERIILE PRIME,Cheltuieli,2,2024-10-11,2025-07-05
SYNTH COMPANY 015 SRL,SYNTH UTILITY 00982,synth utility 00982,635,"CHELT. CU ALTE IMPOZITE, TAXE",Cheltuieli,6,2024-09-17,2026-01-22
SYNTH COMPANY 015 SRL,SYNTH SERVICE 00753,synth service 00753,628,ALTE CHELT. CU SERVICIILE EXECUTATE DE TERTI,Cheltuieli,9,2024-11-28,2026-01-22
SYNTH COMPANY 015 SRL,SYNTH TRANSPORT 00130,synth transport 00130,411,CLIENTI,Activ,1,2026-06-25,2026-06-25
SYNTH COMPANY 015 SRL,SYNTH MISC 01190,synth misc 01190,707,VEN. DIN VANZAREA MARFURILOR,Pasiv,2,2026-01-26,2026-06-25
SYNTH COMPANY 015 SRL,SYNTH RAW MATERIAL 01055,synth raw material 01055,707,VEN. DIN VANZAREA MARFURILOR,Pasiv,2,2025-06-04,2026-06-25
SYNTH COMPANY 015 SRL,SYNTH MAINTENANCE 00049,synth maintenance 00049,628,ALTE CHELT. CU SERVICIILE EXECUTATE DE TERTI,Cheltuieli,2,2024-11-11,2025-03-25
SYNTH COMPANY 015 SRL,SYNTH MAINTENANCE 00741,synth maintenance 00741,605,CHELT. CU ENERGIA SI APA,Cheltuieli,2,2025-02-22,2025-03-25
SYNTH COMPANY 015 SRL,SYNTH RETAIL 01030,synth retail 01030,6022,CHELT. PRIVIND COMBUSTIBILUL,Cheltuieli,2,2025-01-18,2025-03-25
SYNTH COMPANY 015 SRL,SYNTH FUEL 00756,synth fuel 00756,401,FURNIZORI,Pasiv,3,2025-01-18,2025-12-04
SYNTH COMPANY 015 SRL,SYNTH PACKAGING 00625,synth packaging 00625,622,CHELT. CU COMISIOANELE SI ONORARIILE,Cheltuieli,2,2025-01-18,2025-03-12
SYNTH COMPANY 015 SRL,SYNTH RAW MATERIAL 00019,synth raw material 00019,704,VEN. DIN SERVICII PRESTATE,Pasiv,1,2025-06-04,2025-06-04
SYNTH COMPANY 015 SRL,SYNTH SERVICE 00017,synth service 00017,635,"CHELT. CU ALTE IMPOZITE, TAXE",Cheltuieli,5,2024-09-17,2026-01-22
SYNTH COMPANY 015 SRL,SYNTH FUEL 00849,synth fuel 00849,605,CHELT. CU ENERGIA SI APA,Cheltuieli,1,2025-02-22,2025-02-22
SYNTH COMPANY 015 SRL,SYNTH PACKAGING 01165,synth packaging 01165,6022,CHELT. PRIVIND COMBUSTIBILUL,Cheltuieli,1,2025-01-18,2025-01-18
SYNTH COMPANY 016 SRL,SYNTH SERVICE 01133,synth service 01133,625,"CHELT. CU DEPLASARI, DETASARI",Cheltuieli,2,2024-08-21,2026-01-12
SYNTH COMPANY 016 SRL,SYNTH OFFICE 00073,synth office 00073,608,CHELT. PRIVIND AMBALAJELE,Cheltuieli,12,2024-07-20,2026-03-18
SYNTH COMPANY 016 SRL,SYNTH TRANSPORT 00659,synth transport 00659,602,CHELT. CU MATERIALELE CONSUMABILE,Cheltuieli,7,2024-07-22,2026-03-18
SYNTH COMPANY 016 SRL,SYNTH MAINTENANCE 01180,synth maintenance 01180,601,CHELT. CU MATERIILE PRIME,Cheltuieli,1,2024-07-22,2024-07-22
SYNTH COMPANY 016 SRL,SYNTH MISC 00533,synth misc 00533,4426,TVA DEDUCTIBILA,Activ,2,2024-07-22,2024-08-21
SYNTH COMPANY 016 SRL,SYNTH OFFICE 00177,synth office 00177,401,FURNIZORI,Pasiv,3,2024-08-28,2025-07-05
SYNTH COMPANY 016 SRL,SYNTH SERVICE 00945,synth service 00945,704,VEN. DIN SERVICII PRESTATE,Pasiv,14,2024-08-02,2026-04-03
SYNTH COMPANY 016 SRL,SYNTH TRANSPORT 00498,synth transport 00498,635,"CHELT. CU ALTE IMPOZITE, TAXE",Cheltuieli,4,2024-07-20,2026-02-16
SYNTH COMPANY 016 SRL,SYNTH MISC 00889,synth misc 00889,411,CLIENTI,Activ,4,2025-05-08,2026-04-03
SYNTH COMPANY 016 SRL,SYNTH OFFICE 01155,synth office 01155,601,CHELT. CU MATERIILE PRIME,Cheltuieli,4,2024-08-26,2025-11-23
SYNTH COMPANY 016 SRL,SYNTH MISC 01186,synth misc 01186,371,MARFURI,Activ,1,2024-08-26,2024-08-26
SYNTH COMPANY 016 SRL,SYNTH PACKAGING 00636,synth packaging 00636,701,VEN. DIN VANZAREA PROD. FINITE,Pasiv,10,2024-08-02,2026-04-03
SYNTH COMPANY 016 SRL,SYNTH SERVICE 00288,synth service 00288,4427,TVA COLECTATA,Pasiv,3,2025-02-01,2026-06-08
SYNTH COMPANY 016 SRL,SYNTH MAINTENANCE 00545,synth maintenance 00545,609,REDUCERI COMERCIALE PRIMITE,Cheltuieli,1,2025-09-02,2025-09-02
SYNTH COMPANY 017 SRL,SYNTH SERVICE 00101,synth service 00101,607,CHELT. PRIVIND MARFURILE,Cheltuieli,27,2024-07-28,2026-05-25
SYNTH COMPANY 017 SRL,SYNTH SERVICE 00101,synth service 00101,602,CHELT. CU MATERIALELE CONSUMABILE,Cheltuieli,8,2024-07-20,2026-03-11
SYNTH COMPANY 017 SRL,SYNTH OFFICE 00407,synth office 00407,625,"CHELT. CU DEPLASARI, DETASARI",Cheltuieli,27,2024-07-20,2026-03-05
SYNTH COMPANY 017 SRL,SYNTH OFFICE 00251,synth office 00251,704,VEN. DIN SERVICII PRESTATE,Pasiv,7,2024-06-02,2026-01-12
SYNTH COMPANY 017 SRL,SYNTH MAINTENANCE 00185,synth maintenance 00185,628,ALTE CHELT. CU SERVICIILE EXECUTATE DE TERTI,Cheltuieli,1,2026-03-05,2026-03-05
SYNTH COMPANY 017 SRL,SYNTH SERVICE 00101,synth service 00101,608,CHELT. PRIVIND AMBALAJELE,Cheltuieli,5,2024-07-28,2026-03-19
SYNTH COMPANY 017 SRL,SYNTH MAINTENANCE 00074,synth maintenance 00074,4427,TVA COLECTATA,Pasiv,15,2024-06-02,2026-06-12
SYNTH COMPANY 017 SRL,SYNTH UTILITY 00930,synth utility 00930,707,VEN. DIN VANZAREA MARFURILOR,Pasiv,2,2025-05-17,2025-06-30
SYNTH COMPANY 017 SRL,SYNTH RAW MATERIAL 00638,synth raw material 00638,635,"CHELT. CU ALTE IMPOZITE, TAXE",Cheltuieli,3,2024-08-14,2026-03-11
SYNTH COMPANY 017 SRL,SYNTH RAW MATERIAL 00032,synth raw material 00032,608,CHELT. PRIVIND AMBALAJELE,Cheltuieli,4,2024-10-24,2025-08-05
SYNTH COMPANY 017 SRL,SYNTH MISC 00725,synth misc 00725,635,"CHELT. CU ALTE IMPOZITE, TAXE",Cheltuieli,4,2025-08-05,2026-03-11
SYNTH COMPANY 017 SRL,SYNTH RETAIL 00164,synth retail 00164,4427,TVA COLECTATA,Pasiv,2,2024-06-02,2026-05-03
SYNTH COMPANY 017 SRL,SYNTH PACKAGING 00146,synth packaging 00146,602,CHELT. CU MATERIALELE CONSUMABILE,Cheltuieli,2,2024-10-28,2025-08-05
SYNTH COMPANY 017 SRL,SYNTH PACKAGING 01047,synth packaging 01047,601,CHELT. CU MATERIILE PRIME,Cheltuieli,3,2025-11-07,2026-05-25
SYNTH COMPANY 017 SRL,SYNTH SERVICE 00980,synth service 00980,4426,TVA DEDUCTIBILA,Activ,1,2025-05-24,2025-05-24
SYNTH COMPANY 017 SRL,SYNTH RETAIL 01147,synth retail 01147,605,CHELT. CU ENERGIA SI APA,Cheltuieli,3,2025-01-03,2026-05-25
SYNTH COMPANY 017 SRL,SYNTH SERVICE 00101,synth service 00101,6022,CHELT. PRIVIND COMBUSTIBILUL,Cheltuieli,1,2025-12-24,2025-12-24
SYNTH COMPANY 018 SRL,SYNTH RETAIL 00022,synth retail 00022,607,CHELT. PRIVIND MARFURILE,Cheltuieli,9,2024-09-15,2026-06-09
SYNTH COMPANY 018 SRL,SYNTH TRANSPORT 00386,synth transport 00386,612,"CHELT. CU REDEVENTELE, LOCATIILE DE GESTIUNE",Cheltuieli,3,2024-08-16,2026-02-16
SYNTH COMPANY 018 SRL,SYNTH RETAIL 01030,synth retail 01030,6022,CHELT. PRIVIND COMBUSTIBILUL,Cheltuieli,9,2024-08-16,2026-02-16
SYNTH COMPANY 018 SRL,SYNTH RETAIL 00070,synth retail 00070,608,CHELT. PRIVIND AMBALAJELE,Cheltuieli,7,2024-06-22,2026-04-22
SYNTH COMPANY 018 SRL,SYNTH SERVICE 00452,synth service 00452,371,MARFURI,Activ,13,2024-08-16,2026-04-22
SYNTH COMPANY 018 SRL,SYNTH FUEL 00985,synth fuel 00985,6022,CHELT. PRIVIND COMBUSTIBILUL,Cheltuieli,5,2024-08-16,2026-01-15
SYNTH COMPANY 018 SRL,SYNTH SERVICE 00753,synth service 00753,628,ALTE CHELT. CU SERVICIILE EXECUTATE DE TERTI,Cheltuieli,18,2024-09-28,2026-06-09
SYNTH COMPANY 018 SRL,SYNTH OFFICE 00612,synth office 00612,635,"CHELT. CU ALTE IMPOZITE, TAXE",Cheltuieli,6,2024-09-28,2025-11-22
SYNTH COMPANY 018 SRL,SYNTH RETAIL 00392,synth retail 00392,4426,TVA DEDUCTIBILA,Activ,11,2024-08-22,2026-02-20
SYNTH COMPANY 018 SRL,SYNTH RETAIL 00164,synth retail 00164,707,VEN. DIN VANZAREA MARFURILOR,Pasiv,13,2024-11-11,2026-06-03
SYNTH COMPANY 018 SRL,SYNTH UTILITY 00739,synth utility 00739,609,REDUCERI COMERCIALE PRIMITE,Cheltuieli,2,2025-05-23,2025-12-25
SYNTH COMPANY 018 SRL,SYNTH MAINTENANCE 01171,synth maintenance 01171,628,ALTE CHELT. CU SERVICIILE EXECUTATE DE TERTI,Cheltuieli,4,2024-08-26,2025-09-03
SYNTH COMPANY 018 SRL,SYNTH UTILITY 00758,synth utility 00758,401,FURNIZORI,Pasiv,2,2024-12-18,2025-12-25
SYNTH COMPANY 018 SRL,SYNTH FUEL 00705,synth fuel 00705,411,CLIENTI,Activ,8,2025-03-12,2026-06-03
SYNTH COMPANY 018 SRL,SYNTH OFFICE 00847,synth office 00847,4427,TVA COLECTATA,Pasiv,8,2024-11-10,2026-04-22
SYNTH COMPANY 018 SRL,SYNTH MISC 00246,synth misc 00246,602,CHELT. CU MATERIALELE CONSUMABILE,Cheltuieli,4,2024-10-02,2025-02-02
SYNTH COMPANY 018 SRL,SYNTH FUEL 01033,synth fuel 01033,4426,TVA DEDUCTIBILA,Activ,4,2024-09-15,2024-12-08
SYNTH COMPANY 018 SRL,SYNTH MAINTENANCE 01075,synth maintenance 01075,625,"CHELT. CU DEPLASARI, DETASARI",Cheltuieli,1,2024-12-08,2024-12-08
SYNTH COMPANY 018 SRL,SYNTH TRANSPORT 00644,synth transport 00644,607,CHELT. PRIVIND MARFURILE,Cheltuieli,4,2024-08-22,2026-06-09
SYNTH COMPANY 018 SRL,SYNTH SERVICE 00452,synth service 00452,608,CHELT. PRIVIND AMBALAJELE,Cheltuieli,1,2024-12-08,2024-12-08
SYNTH COMPANY 018 SRL,SYNTH MAINTENANCE 00737,synth maintenance 00737,704,VEN. DIN SERVICII PRESTATE,Pasiv,1,2026-01-16,2026-01-16
SYNTH COMPANY 018 SRL,SYNTH FUEL 00133,synth fuel 00133,704,VEN. DIN SERVICII PRESTATE,Pasiv,1,2026-01-16,2026-01-16
SYNTH COMPANY 018 SRL,SYNTH MISC 00633,synth misc 00633,625,"CHELT. CU DEPLASARI, DETASARI",Cheltuieli,2,2025-08-16,2026-02-07
SYNTH COMPANY 018 SRL,SYNTH RETAIL 00731,synth retail 00731,625,"CHELT. CU DEPLASARI, DETASARI",Cheltuieli,1,2025-11-16,2025-11-16
SYNTH COMPANY 018 SRL,SYNTH TRANSPORT 00056,synth transport 00056,401,FURNIZORI,Pasiv,2,2025-07-23,2025-08-20
SYNTH COMPANY 018 SRL,SYNTH UTILITY 01016,synth utility 01016,608,CHELT. PRIVIND AMBALAJELE,Cheltuieli,4,2024-10-02,2025-06-15
SYNTH COMPANY 018 SRL,SYNTH RETAIL 00350,synth retail 00350,612,"CHELT. CU REDEVENTELE, LOCATIILE DE GESTIUNE",Cheltuieli,1,2026-04-22,2026-04-22
SYNTH COMPANY 018 SRL,SYNTH UTILITY 00777,synth utility 00777,628,ALTE CHELT. CU SERVICIILE EXECUTATE DE TERTI,Cheltuieli,2,2025-08-20,2026-01-15
SYNTH COMPANY 018 SRL,SYNTH MAINTENANCE 00737,synth maintenance 00737,411,CLIENTI,Activ,1,2025-03-12,2025-03-12
SYNTH COMPANY 018 SRL,SYNTH OFFICE 00772,synth office 00772,612,"CHELT. CU REDEVENTELE, LOCATIILE DE GESTIUNE",Cheltuieli,1,2025-12-25,2025-12-25
SYNTH COMPANY 019 SRL,SYNTH RAW MATERIAL 01103,synth raw material 01103,401,FURNIZORI,Pasiv,1,2024-08-17,2024-08-17
SYNTH COMPANY 019 SRL,SYNTH TRANSPORT 00710,synth transport 00710,4426,TVA DEDUCTIBILA,Activ,6,2024-08-17,2025-12-07
SYNTH COMPANY 019 SRL,SYNTH RAW MATERIAL 00596,synth raw material 00596,622,CHELT. CU COMISIOANELE SI ONORARIILE,Cheltuieli,1,2024-08-17,2024-08-17
SYNTH COMPANY 019 SRL,SYNTH UTILITY 00551,synth utility 00551,628,ALTE CHELT. CU SERVICIILE EXECUTATE DE TERTI,Cheltuieli,3,2024-08-17,2025-06-06
SYNTH COMPANY 019 SRL,SYNTH MISC 00412,synth misc 00412,622,CHELT. CU COMISIOANELE SI ONORARIILE,Cheltuieli,2,2025-10-29,2025-10-29
SYNTH COMPANY 019 SRL,SYNTH OFFICE 00896,synth office 00896,613,CHELT. CU PRIMELE DE ASIGURARE,Cheltuieli,3,2025-10-07,2025-10-29
SYNTH COMPANY 019 SRL,SYNTH FUEL 00047,synth fuel 00047,628,ALTE CHELT. CU SERVICIILE EXECUTATE DE TERTI,Cheltuieli,4,2025-02-16,2025-12-07
SYNTH COMPANY 019 SRL,SYNTH MAINTENANCE 01171,synth maintenance 01171,612,"CHELT. CU REDEVENTELE, LOCATIILE DE GESTIUNE",Cheltuieli,1,2025-02-16,2025-02-16
SYNTH COMPANY 019 SRL,SYNTH SERVICE 00278,synth service 00278,704,VEN. DIN SERVICII PRESTATE,Pasiv,1,2024-11-10,2024-11-10
SYNTH COMPANY 019 SRL,SYNTH TRANSPORT 01122,synth transport 01122,704,VEN. DIN SERVICII PRESTATE,Pasiv,1,2024-11-10,2024-11-10
SYNTH COMPANY 019 SRL,SYNTH MAINTENANCE 00737,synth maintenance 00737,701,VEN. DIN VANZAREA PROD. FINITE,Pasiv,1,2024-11-10,2024-11-10
SYNTH COMPANY 019 SRL,SYNTH SERVICE 00787,synth service 00787,707,VEN. DIN VANZAREA MARFURILOR,Pasiv,1,2024-11-10,2024-11-10
SYNTH COMPANY 019 SRL,SYNTH MAINTENANCE 00737,synth maintenance 00737,704,VEN. DIN SERVICII PRESTATE,Pasiv,2,2024-11-10,2025-10-14
SYNTH COMPANY 019 SRL,SYNTH TRANSPORT 00872,synth transport 00872,625,"CHELT. CU DEPLASARI, DETASARI",Cheltuieli,1,2025-06-01,2025-06-01
SYNTH COMPANY 019 SRL,SYNTH SERVICE 00239,synth service 00239,701,VEN. DIN VANZAREA PROD. FINITE,Pasiv,1,2025-03-22,2025-03-22
SYNTH COMPANY 019 SRL,SYNTH RETAIL 00021,synth retail 00021,625,"CHELT. CU DEPLASARI, DETASARI",Cheltuieli,1,2025-12-07,2025-12-07
SYNTH COMPANY 019 SRL,SYNTH SERVICE 00454,synth service 00454,701,VEN. DIN VANZAREA PROD. FINITE,Pasiv,2,2025-10-14,2025-10-14
SYNTH COMPANY 020 SRL,SYNTH TRANSPORT 00799,synth transport 00799,4427,TVA COLECTATA,Pasiv,20,2024-07-20,2026-06-04
SYNTH COMPANY 020 SRL,SYNTH OFFICE 00622,synth office 00622,4427,TVA COLECTATA,Pasiv,14,2024-09-05,2026-05-16
SYNTH COMPANY 020 SRL,SYNTH PACKAGING 00858,synth packaging 00858,411,CLIENTI,Activ,7,2025-04-16,2026-06-04
SYNTH COMPANY 020 SRL,SYNTH SERVICE 00055,synth service 00055,707,VEN. DIN VANZAREA MARFURILOR,Pasiv,5,2024-09-05,2025-12-03
SYNTH COMPANY 020 SRL,SYNTH RETAIL 00314,synth retail 00314,704,VEN. DIN SERVICII PRESTATE,Pasiv,13,2024-07-04,2026-06-04
SYNTH COMPANY 020 SRL,SYNTH RAW MATERIAL 00165,synth raw material 00165,411,CLIENTI,Activ,5,2024-09-05,2026-02-01
SYNTH COMPANY 020 SRL,SYNTH MAINTENANCE 01157,synth maintenance 01157,613,CHELT. CU PRIMELE DE ASIGURARE,Cheltuieli,31,2024-06-12,2026-06-12
SYNTH COMPANY 020 SRL,SYNTH FUEL 00047,synth fuel 00047,628,ALTE CHELT. CU SERVICIILE EXECUTATE DE TERTI,Cheltuieli,16,2024-10-27,2026-06-26
SYNTH COMPANY 020 SRL,SYNTH MAINTENANCE 01171,synth maintenance 01171,612,"CHELT. CU REDEVENTELE, LOCATIILE DE GESTIUNE",Cheltuieli,5,2024-10-07,2026-04-07
SYNTH COMPANY 020 SRL,SYNTH PACKAGING 00196,synth packaging 00196,401,FURNIZORI,Pasiv,6,2024-06-28,2026-06-16
SYNTH COMPANY 020 SRL,SYNTH UTILITY 00852,synth utility 00852,609,REDUCERI COMERCIALE PRIMITE,Cheltuieli,27,2024-06-12,2026-06-26
SYNTH COMPANY 020 SRL,SYNTH MAINTENANCE 00810,synth maintenance 00810,622,CHELT. CU COMISIOANELE SI ONORARIILE,Cheltuieli,19,2024-07-15,2026-06-26
SYNTH COMPANY 020 SRL,SYNTH OFFICE 00977,synth office 00977,622,CHELT. CU COMISIOANELE SI ONORARIILE,Cheltuieli,13,2024-07-25,2026-06-12
SYNTH COMPANY 020 SRL,SYNTH RETAIL 00874,synth retail 00874,411,CLIENTI,Activ,2,2024-08-18,2024-11-02
SYNTH COMPANY 020 SRL,SYNTH PACKAGING 00973,synth packaging 00973,6022,CHELT. PRIVIND COMBUSTIBILUL,Cheltuieli,11,2024-10-07,2026-05-18
SYNTH COMPANY 020 SRL,SYNTH TRANSPORT 00598,synth transport 00598,628,ALTE CHELT. CU SERVICIILE EXECUTATE DE TERTI,Cheltuieli,10,2024-10-09,2026-05-30
SYNTH COMPANY 020 SRL,SYNTH PACKAGING 00517,synth packaging 00517,6022,CHELT. PRIVIND COMBUSTIBILUL,Cheltuieli,7,2024-06-21,2026-01-27
SYNTH COMPANY 020 SRL,SYNTH PACKAGING 00948,synth packaging 00948,371,MARFURI,Activ,12,2024-08-12,2026-06-12
SYNTH COMPANY 020 SRL,SYNTH PACKAGING 00886,synth packaging 00886,625,"CHELT. CU DEPLASARI, DETASARI",Cheltuieli,1,2025-11-18,2025-11-18
SYNTH COMPANY 020 SRL,SYNTH OFFICE 00535,synth office 00535,625,"CHELT. CU DEPLASARI, DETASARI",Cheltuieli,12,2024-10-09,2026-06-26
SYNTH COMPANY 020 SRL,SYNTH FUEL 00591,synth fuel 00591,613,CHELT. CU PRIMELE DE ASIGURARE,Cheltuieli,4,2025-06-12,2025-12-16
SYNTH COMPANY 020 SRL,SYNTH SERVICE 00389,synth service 00389,613,CHELT. CU PRIMELE DE ASIGURARE,Cheltuieli,3,2025-03-28,2025-12-16
SYNTH COMPANY 020 SRL,SYNTH PACKAGING 00855,synth packaging 00855,601,CHELT. CU MATERIILE PRIME,Cheltuieli,4,2025-07-05,2026-06-26
SYNTH COMPANY 020 SRL,SYNTH RAW MATERIAL 00183,synth raw material 00183,609,REDUCERI COMERCIALE PRIMITE,Cheltuieli,6,2024-08-12,2026-05-16
SYNTH COMPANY 020 SRL,SYNTH RETAIL 01030,synth retail 01030,6022,CHELT. PRIVIND COMBUSTIBILUL,Cheltuieli,6,2024-10-27,2026-04-06
SYNTH COMPANY 020 SRL,SYNTH FUEL 00118,synth fuel 00118,401,FURNIZORI,Pasiv,3,2024-12-07,2025-09-15
SYNTH COMPANY 020 SRL,SYNTH FUEL 00047,synth fuel 00047,635,"CHELT. CU ALTE IMPOZITE, TAXE",Cheltuieli,1,2025-09-15,2025-09-15
SYNTH COMPANY 020 SRL,SYNTH RETAIL 00642,synth retail 00642,4426,TVA DEDUCTIBILA,Activ,2,2025-06-08,2025-10-06
SYNTH COMPANY 020 SRL,SYNTH SERVICE 00452,synth service 00452,601,CHELT. CU MATERIILE PRIME,Cheltuieli,7,2024-12-04,2026-05-30
SYNTH COMPANY 020 SRL,SYNTH OFFICE 00317,synth office 00317,602,CHELT. CU MATERIALELE CONSUMABILE,Cheltuieli,1,2026-01-27,2026-01-27
SYNTH COMPANY 020 SRL,SYNTH PACKAGING 00384,synth packaging 00384,622,CHELT. CU COMISIOANELE SI ONORARIILE,Cheltuieli,1,2025-08-12,2025-08-12
SYNTH COMPANY 020 SRL,SYNTH PACKAGING 00948,synth packaging 00948,612,"CHELT. CU REDEVENTELE, LOCATIILE DE GESTIUNE",Cheltuieli,1,2025-03-15,2025-03-15
SYNTH COMPANY 021 SRL,SYNTH RETAIL 00493,synth retail 00493,371,MARFURI,Activ,6,2024-12-15,2026-02-26
SYNTH COMPANY 021 SRL,SYNTH RAW MATERIAL 00157,synth raw material 00157,411,CLIENTI,Activ,8,2024-09-07,2026-03-20
SYNTH COMPANY 021 SRL,SYNTH FUEL 01127,synth fuel 01127,704,VEN. DIN SERVICII PRESTATE,Pasiv,2,2024-09-07,2024-09-07
SYNTH COMPANY 021 SRL,SYNTH MISC 00891,synth misc 00891,701,VEN. DIN VANZAREA PROD. FINITE,Pasiv,1,2024-09-07,2024-09-07
SYNTH COMPANY 021 SRL,SYNTH RETAIL 00490,synth retail 00490,704,VEN. DIN SERVICII PRESTATE,Pasiv,1,2024-09-07,2024-09-07
SYNTH COMPANY 021 SRL,SYNTH MISC 00393,synth misc 00393,625,"CHELT. CU DEPLASARI, DETASARI",Cheltuieli,1,2025-09-03,2025-09-03
SYNTH COMPANY 021 SRL,SYNTH RAW MATERIAL 00607,synth raw material 00607,625,"CHELT. CU DEPLASARI, DETASARI",Cheltuieli,1,2024-12-15,2024-12-15
SYNTH COMPANY 022 SRL,SYNTH MAINTENANCE 01200,synth maintenance 01200,411,CLIENTI,Activ,2,2024-08-02,2024-08-02
SYNTH COMPANY 022 SRL,SYNTH PACKAGING 00858,synth packaging 00858,704,VEN. DIN SERVICII PRESTATE,Pasiv,3,2024-08-02,2026-01-07
SYNTH COMPANY 022 SRL,SYNTH OFFICE 00037,synth office 00037,701,VEN. DIN VANZAREA PROD. FINITE,Pasiv,6,2024-08-02,2026-01-07
SYNTH COMPANY 022 SRL,SYNTH UTILITY 00815,synth utility 00815,628,ALTE CHELT. CU SERVICIILE EXECUTATE DE TERTI,Cheltuieli,3,2025-06-13,2026-06-27
SYNTH COMPANY 022 SRL,SYNTH FUEL 00623,synth fuel 00623,601,CHELT. CU MATERIILE PRIME,Cheltuieli,3,2025-01-28,2026-06-27
SYNTH COMPANY 022 SRL,SYNTH RAW MATERIAL 00851,synth raw material 00851,607,CHELT. PRIVIND MARFURILE,Cheltuieli,4,2024-11-07,2026-06-27
SYNTH COMPANY 022 SRL,SYNTH FUEL 00397,synth fuel 00397,635,"CHELT. CU ALTE IMPOZITE, TAXE",Cheltuieli,7,2024-08-09,2026-03-12
SYNTH COMPANY 022 SRL,SYNTH UTILITY 01197,synth utility 01197,4426,TVA DEDUCTIBILA,Activ,2,2024-08-24,2025-05-19
SYNTH COMPANY 022 SRL,SYNTH UTILITY 00815,synth utility 00815,4426,TVA DEDUCTIBILA,Activ,3,2024-08-24,2025-05-19
SYNTH COMPANY 022 SRL,SYNTH UTILITY 01116,synth utility 01116,628,ALTE CHELT. CU SERVICIILE EXECUTATE DE TERTI,Cheltuieli,7,2024-08-09,2025-12-17
SYNTH COMPANY 022 SRL,SYNTH UTILITY 00846,synth utility 00846,625,"CHELT. CU DEPLASARI, DETASARI",Cheltuieli,4,2024-11-07,2025-07-21
SYNTH COMPANY 022 SRL,SYNTH MAINTENANCE 01110,synth maintenance 01110,612,"CHELT. CU REDEVENTELE, LOCATIILE DE GESTIUNE",Cheltuieli,1,2025-05-19,2025-05-19
SYNTH COMPANY 022 SRL,SYNTH RETAIL 00182,synth retail 00182,401,FURNIZORI,Pasiv,7,2024-08-09,2025-11-20
SYNTH COMPANY 022 SRL,SYNTH OFFICE 00320,synth office 00320,601,CHELT. CU MATERIILE PRIME,Cheltuieli,5,2024-12-14,2025-06-13
SYNTH COMPANY 022 SRL,SYNTH OFFICE 00927,synth office 00927,625,"CHELT. CU DEPLASARI, DETASARI",Cheltuieli,1,2025-06-13,2025-06-13
SYNTH COMPANY 022 SRL,SYNTH MAINTENANCE 00966,synth maintenance 00966,612,"CHELT. CU REDEVENTELE, LOCATIILE DE GESTIUNE",Cheltuieli,1,2025-07-21,2025-07-21
SYNTH COMPANY 022 SRL,SYNTH RAW MATERIAL 00864,synth raw material 00864,707,VEN. DIN VANZAREA MARFURILOR,Pasiv,2,2025-09-04,2026-01-07
SYNTH COMPANY 022 SRL,SYNTH FUEL 00985,synth fuel 00985,371,MARFURI,Activ,1,2025-04-16,2025-04-16
SYNTH COMPANY 022 SRL,SYNTH MAINTENANCE 00075,synth maintenance 00075,4426,TVA DEDUCTIBILA,Activ,1,2025-09-20,2025-09-20
SYNTH COMPANY 022 SRL,SYNTH RETAIL 00694,synth retail 00694,704,VEN. DIN SERVICII PRESTATE,Pasiv,1,2025-09-04,2025-09-04
SYNTH COMPANY 022 SRL,SYNTH RAW MATERIAL 00114,synth raw material 00114,371,MARFURI,Activ,1,2025-03-17,2025-03-17
SYNTH COMPANY 023 SRL,SYNTH SERVICE 00753,synth service 00753,602,CHELT. CU MATERIALELE CONSUMABILE,Cheltuieli,11,2024-07-19,2026-05-13
SYNTH COMPANY 023 SRL,SYNTH OFFICE 00560,synth office 00560,605,CHELT. CU ENERGIA SI APA,Cheltuieli,7,2024-07-03,2026-02-12
SYNTH COMPANY 023 SRL,SYNTH TRANSPORT 00603,synth transport 00603,6022,CHELT. PRIVIND COMBUSTIBILUL,Cheltuieli,5,2025-02-21,2026-05-13
SYNTH COMPANY 023 SRL,SYNTH OFFICE 00702,synth office 00702,635,"CHELT. CU ALTE IMPOZITE, TAXE",Cheltuieli,9,2024-07-03,2025-10-15
SYNTH COMPANY 023 SRL,SYNTH RAW MATERIAL 00198,synth raw material 00198,401,FURNIZORI,Pasiv,3,2025-03-30,2025-09-13
SYNTH COMPANY 023 SRL,SYNTH MAINTENANCE 00107,synth maintenance 00107,601,CHELT. CU MATERIILE PRIME,Cheltuieli,12,2024-06-21,2026-02-28
SYNTH COMPANY 023 SRL,SYNTH FUEL 00047,synth fuel 00047,628,ALTE CHELT. CU SERVICIILE EXECUTATE DE TERTI,Cheltuieli,8,2025-06-11,2026-01-16
SYNTH COMPANY 023 SRL,SYNTH FUEL 00091,synth fuel 00091,612,"CHELT. CU REDEVENTELE, LOCATIILE DE GESTIUNE",Cheltuieli,2,2025-10-31,2026-01-06
SYNTH COMPANY 023 SRL,SYNTH RAW MATERIAL 00174,synth raw material 00174,613,CHELT. CU PRIMELE DE ASIGURARE,Cheltuieli,2,2025-01-02,2025-10-31
SYNTH COMPANY 023 SRL,SYNTH RETAIL 01030,synth retail 01030,607,CHELT. PRIVIND MARFURILE,Cheltuieli,9,2025-02-10,2026-01-16
SYNTH COMPANY 023 SRL,SYNTH SERVICE 01003,synth service 01003,608,CHELT. PRIVIND AMBALAJELE,Cheltuieli,3,2025-08-25,2026-01-16
SYNTH COMPANY 023 SRL,SYNTH PACKAGING 00809,synth packaging 00809,625,"CHELT. CU DEPLASARI, DETASARI",Cheltuieli,4,2025-02-15,2026-01-30
SYNTH COMPANY 023 SRL,SYNTH SERVICE 00206,synth service 00206,635,"CHELT. CU ALTE IMPOZITE, TAXE",Cheltuieli,2,2025-01-02,2025-02-10
SYNTH COMPANY 023 SRL,SYNTH MAINTENANCE 00215,synth maintenance 00215,707,VEN. DIN VANZAREA MARFURILOR,Pasiv,3,2025-05-20,2026-06-01
SYNTH COMPANY 023 SRL,SYNTH TRANSPORT 01161,synth transport 01161,635,"CHELT. CU ALTE IMPOZITE, TAXE",Cheltuieli,3,2024-10-26,2026-05-13
SYNTH COMPANY 023 SRL,SYNTH RETAIL 00885,synth retail 00885,4427,TVA COLECTATA,Pasiv,5,2024-11-26,2026-01-07
SYNTH COMPANY 023 SRL,SYNTH MAINTENANCE 00597,synth maintenance 00597,4427,TVA COLECTATA,Pasiv,1,2026-01-07,2026-01-07
SYNTH COMPANY 023 SRL,SYNTH MAINTENANCE 00158,synth maintenance 00158,601,CHELT. CU MATERIILE PRIME,Cheltuieli,1,2025-12-24,2025-12-24
SYNTH COMPANY 024 SRL,SYNTH UTILITY 00846,synth utility 00846,371,MARFURI,Activ,4,2024-09-29,2026-04-17
SYNTH COMPANY 024 SRL,SYNTH PACKAGING 00790,synth packaging 00790,6022,CHELT. PRIVIND COMBUSTIBILUL,Cheltuieli,4,2024-08-05,2026-01-12
SYNTH COMPANY 024 SRL,SYNTH UTILITY 00145,synth utility 00145,635,"CHELT. CU ALTE IMPOZITE, TAXE",Cheltuieli,2,2025-08-03,2026-05-06
SYNTH COMPANY 024 SRL,SYNTH UTILITY 00293,synth utility 00293,635,"CHELT. CU ALTE IMPOZITE, TAXE",Cheltuieli,2,2025-08-03,2026-04-05
SYNTH COMPANY 024 SRL,SYNTH MAINTENANCE 01121,synth maintenance 01121,601,CHELT. CU MATERIILE PRIME,Cheltuieli,6,2024-08-05,2026-04-17
SYNTH COMPANY 024 SRL,SYNTH PACKAGING 00905,synth packaging 00905,635,"CHELT. CU ALTE IMPOZITE, TAXE",Cheltuieli,5,2024-08-05,2026-05-06
SYNTH COMPANY 024 SRL,SYNTH UTILITY 00423,synth utility 00423,701,VEN. DIN VANZAREA PROD. FINITE,Pasiv,2,2024-07-19,2024-09-09
SYNTH COMPANY 024 SRL,SYNTH FUEL 00481,synth fuel 00481,707,VEN. DIN VANZAREA MARFURILOR,Pasiv,1,2024-07-19,2024-07-19
SYNTH COMPANY 024 SRL,SYNTH SERVICE 00520,synth service 00520,612,"CHELT. CU REDEVENTELE, LOCATIILE DE GESTIUNE",Cheltuieli,2,2024-08-05,2024-10-03
SYNTH COMPANY 024 SRL,SYNTH SERVICE 00753,synth service 00753,613,CHELT. CU PRIMELE DE ASIGURARE,Cheltuieli,4,2024-08-05,2026-04-17
SYNTH COMPANY 024 SRL,SYNTH OFFICE 00147,synth office 00147,4427,TVA COLECTATA,Pasiv,1,2024-09-09,2024-09-09
SYNTH COMPANY 024 SRL,SYNTH PACKAGING 00858,synth packaging 00858,701,VEN. DIN VANZAREA PROD. FINITE,Pasiv,1,2024-09-09,2024-09-09
SYNTH COMPANY 024 SRL,SYNTH MAINTENANCE 01159,synth maintenance 01159,401,FURNIZORI,Pasiv,2,2024-06-29,2026-01-09
SYNTH COMPANY 024 SRL,SYNTH FUEL 00564,synth fuel 00564,608,CHELT. PRIVIND AMBALAJELE,Cheltuieli,1,2025-06-27,2025-06-27
SYNTH COMPANY 024 SRL,SYNTH MAINTENANCE 01018,synth maintenance 01018,4427,TVA COLECTATA,Pasiv,1,2025-05-17,2025-05-17
SYNTH COMPANY 024 SRL,SYNTH UTILITY 00145,synth utility 00145,613,CHELT. CU PRIMELE DE ASIGURARE,Cheltuieli,1,2024-09-29,2024-09-29
SYNTH COMPANY 024 SRL,SYNTH UTILITY 00145,synth utility 00145,371,MARFURI,Activ,1,2024-11-03,2024-11-03
SYNTH COMPANY 024 SRL,SYNTH FUEL 00461,synth fuel 00461,605,CHELT. CU ENERGIA SI APA,Cheltuieli,1,2024-11-03,2024-11-03
SYNTH COMPANY 024 SRL,SYNTH MAINTENANCE 01084,synth maintenance 01084,602,CHELT. CU MATERIALELE CONSUMABILE,Cheltuieli,1,2024-11-03,2024-11-03
SYNTH COMPANY 024 SRL,SYNTH PACKAGING 00781,synth packaging 00781,622,CHELT. CU COMISIOANELE SI ONORARIILE,Cheltuieli,1,2026-01-12,2026-01-12
SYNTH COMPANY 024 SRL,SYNTH RAW MATERIAL 00721,synth raw material 00721,602,CHELT. CU MATERIALELE CONSUMABILE,Cheltuieli,1,2025-04-12,2025-04-12
SYNTH COMPANY 024 SRL,SYNTH MAINTENANCE 00049,synth maintenance 00049,628,ALTE CHELT. CU SERVICIILE EXECUTATE DE TERTI,Cheltuieli,1,2025-04-12,2025-04-12
SYNTH COMPANY 025 SRL,SYNTH TRANSPORT 00960,synth transport 00960,602,CHELT. CU MATERIALELE CONSUMABILE,Cheltuieli,6,2024-11-01,2026-04-20
SYNTH COMPANY 025 SRL,SYNTH OFFICE 00604,synth office 00604,6022,CHELT. PRIVIND COMBUSTIBILUL,Cheltuieli,3,2024-10-02,2024-11-01
SYNTH COMPANY 025 SRL,SYNTH RETAIL 00744,synth retail 00744,601,CHELT. CU MATERIILE PRIME,Cheltuieli,5,2024-11-01,2026-06-13
SYNTH COMPANY 025 SRL,SYNTH UTILITY 00943,synth utility 00943,6022,CHELT. PRIVIND COMBUSTIBILUL,Cheltuieli,12,2024-07-26,2026-04-20
SYNTH COMPANY 025 SRL,SYNTH TRANSPORT 01132,synth transport 01132,612,"CHELT. CU REDEVENTELE, LOCATIILE DE GESTIUNE",Cheltuieli,3,2024-10-14,2024-11-01
SYNTH COMPANY 025 SRL,SYNTH UTILITY 00303,synth utility 00303,4427,TVA COLECTATA,Pasiv,1,2024-11-27,2024-11-27
SYNTH COMPANY 025 SRL,SYNTH SERVICE 00233,synth service 00233,704,VEN. DIN SERVICII PRESTATE,Pasiv,2,2024-11-27,2026-04-16
SYNTH COMPANY 025 SRL,SYNTH RETAIL 00070,synth retail 00070,608,CHELT. PRIVIND AMBALAJELE,Cheltuieli,6,2024-07-26,2026-04-24
SYNTH COMPANY 025 SRL,SYNTH OFFICE 00606,synth office 00606,6022,CHELT. PRIVIND COMBUSTIBILUL,Cheltuieli,1,2025-06-10,2025-06-10
SYNTH COMPANY 025 SRL,SYNTH OFFICE 01085,synth office 01085,4426,TVA DEDUCTIBILA,Activ,3,2024-08-23,2025-11-15
SYNTH COMPANY 025 SRL,SYNTH OFFICE 00296,synth office 00296,605,CHELT. CU ENERGIA SI APA,Cheltuieli,5,2024-10-14,2026-04-20
SYNTH COMPANY 025 SRL,SYNTH RAW MATERIAL 01103,synth raw material 01103,4426,TVA DEDUCTIBILA,Activ,1,2026-04-20,2026-04-20
SYNTH COMPANY 025 SRL,SYNTH MISC 00826,synth misc 00826,4427,TVA COLECTATA,Pasiv,8,2024-12-28,2026-04-16
SYNTH COMPANY 025 SRL,SYNTH RETAIL 00322,synth retail 00322,635,"CHELT. CU ALTE IMPOZITE, TAXE",Cheltuieli,2,2024-08-04,2024-10-29
SYNTH COMPANY 025 SRL,SYNTH SERVICE 00389,synth service 00389,613,CHELT. CU PRIMELE DE ASIGURARE,Cheltuieli,1,2026-04-24,2026-04-24
SYNTH COMPANY 025 SRL,SYNTH TRANSPORT 00727,synth transport 00727,625,"CHELT. CU DEPLASARI, DETASARI",Cheltuieli,1,2024-10-02,2024-10-02
SYNTH COMPANY 025 SRL,SYNTH TRANSPORT 00508,synth transport 00508,401,FURNIZORI,Pasiv,2,2026-03-14,2026-06-25
SYNTH COMPANY 025 SRL,SYNTH FUEL 00908,synth fuel 00908,4427,TVA COLECTATA,Pasiv,3,2024-12-28,2026-04-16
SYNTH COMPANY 025 SRL,SYNTH MAINTENANCE 00613,synth maintenance 00613,609,REDUCERI COMERCIALE PRIMITE,Cheltuieli,1,2026-02-07,2026-02-07
SYNTH COMPANY 025 SRL,SYNTH UTILITY 00469,synth utility 00469,371,MARFURI,Activ,1,2024-08-23,2024-08-23
SYNTH COMPANY 025 SRL,SYNTH MISC 00143,synth misc 00143,371,MARFURI,Activ,3,2024-08-23,2025-03-27
SYNTH COMPANY 026 SRL,SYNTH OFFICE 00922,synth office 00922,635,"CHELT. CU ALTE IMPOZITE, TAXE",Cheltuieli,9,2024-07-22,2026-03-06
SYNTH COMPANY 026 SRL,SYNTH RETAIL 00861,synth retail 00861,608,CHELT. PRIVIND AMBALAJELE,Cheltuieli,1,2026-02-01,2026-02-01
SYNTH COMPANY 026 SRL,SYNTH TRANSPORT 00832,synth transport 00832,601,CHELT. CU MATERIILE PRIME,Cheltuieli,1,2026-02-01,2026-02-01
SYNTH COMPANY 026 SRL,SYNTH RETAIL 00528,synth retail 00528,622,CHELT. CU COMISIOANELE SI ONORARIILE,Cheltuieli,4,2024-07-22,2026-02-01
SYNTH COMPANY 026 SRL,SYNTH PACKAGING 00512,synth packaging 00512,704,VEN. DIN SERVICII PRESTATE,Pasiv,1,2024-06-03,2024-06-03
SYNTH COMPANY 026 SRL,SYNTH PACKAGING 00636,synth packaging 00636,701,VEN. DIN VANZAREA PROD. FINITE,Pasiv,1,2024-06-03,2024-06-03
SYNTH COMPANY 026 SRL,SYNTH MAINTENANCE 00323,synth maintenance 00323,612,"CHELT. CU REDEVENTELE, LOCATIILE DE GESTIUNE",Cheltuieli,1,2026-01-24,2026-01-24
SYNTH COMPANY 026 SRL,SYNTH MAINTENANCE 00559,synth maintenance 00559,609,REDUCERI COMERCIALE PRIMITE,Cheltuieli,1,2026-03-06,2026-03-06
SYNTH COMPANY 026 SRL,SYNTH PACKAGING 00368,synth packaging 00368,605,CHELT. CU ENERGIA SI APA,Cheltuieli,1,2026-03-06,2026-03-06
SYNTH COMPANY 026 SRL,SYNTH UTILITY 00962,synth utility 00962,628,ALTE CHELT. CU SERVICIILE EXECUTATE DE TERTI,Cheltuieli,1,2026-03-06,2026-03-06
SYNTH COMPANY 027 SRL,SYNTH RETAIL 00138,synth retail 00138,601,CHELT. CU MATERIILE PRIME,Cheltuieli,6,2025-03-03,2026-02-26
SYNTH COMPANY 027 SRL,SYNTH UTILITY 00051,synth utility 00051,613,CHELT. CU PRIMELE DE ASIGURARE,Cheltuieli,33,2024-06-04,2026-05-28
SYNTH COMPANY 027 SRL,SYNTH FUEL 01008,synth fuel 01008,6022,CHELT. PRIVIND COMBUSTIBILUL,Cheltuieli,10,2025-03-03,2026-06-30
SYNTH COMPANY 027 SRL,SYNTH RETAIL 01044,synth retail 01044,4426,TVA DEDUCTIBILA,Activ,8,2025-03-03,2026-01-26
SYNTH COMPANY 027 SRL,SYNTH OFFICE 00927,synth office 00927,625,"CHELT. CU DEPLASARI, DETASARI",Cheltuieli,2,2025-07-08,2026-02-26
SYNTH COMPANY 027 SRL,SYNTH OFFICE 01086,synth office 01086,704,VEN. DIN SERVICII PRESTATE,Pasiv,4,2024-08-26,2025-03-16
SYNTH COMPANY 027 SRL,SYNTH SERVICE 00248,synth service 00248,602,CHELT. CU MATERIALELE CONSUMABILE,Cheltuieli,8,2024-08-08,2026-06-04
SYNTH COMPANY 027 SRL,SYNTH SERVICE 00180,synth service 00180,612,"CHELT. CU REDEVENTELE, LOCATIILE DE GESTIUNE",Cheltuieli,7,2025-07-25,2026-03-12
SYNTH COMPANY 027 SRL,SYNTH OFFICE 00977,synth office 00977,622,CHELT. CU COMISIOANELE SI ONORARIILE,Cheltuieli,7,2024-07-31,2026-05-28
SYNTH COMPANY 027 SRL,SYNTH MAINTENANCE 00678,synth maintenance 00678,411,CLIENTI,Activ,1,2025-02-02,2025-02-02
SYNTH COMPANY 027 SRL,SYNTH RAW MATERIAL 00558,synth raw material 00558,707,VEN. DIN VANZAREA MARFURILOR,Pasiv,19,2024-07-13,2026-04-16
SYNTH COMPANY 027 SRL,SYNTH OFFICE 00377,synth office 00377,625,"CHELT. CU DEPLASARI, DETASARI",Cheltuieli,1,2025-03-27,2025-03-27
SYNTH COMPANY 027 SRL,SYNTH RAW MATERIAL 00463,synth raw material 00463,609,REDUCERI COMERCIALE PRIMITE,Cheltuieli,4,2024-08-12,2026-03-12
SYNTH COMPANY 027 SRL,SYNTH MISC 00319,synth misc 00319,371,MARFURI,Activ,3,2024-08-12,2026-01-01
SYNTH COMPANY 027 SRL,SYNTH OFFICE 00313,synth office 00313,701,VEN. DIN VANZAREA PROD. FINITE,Pasiv,1,2024-07-13,2024-07-13
SYNTH COMPANY 027 SRL,SYNTH RETAIL 00280,synth retail 00280,4427,TVA COLECTATA,Pasiv,8,2024-07-13,2026-05-30
SYNTH COMPANY 027 SRL,SYNTH MISC 00301,synth misc 00301,625,"CHELT. CU DEPLASARI, DETASARI",Cheltuieli,1,2026-05-28,2026-05-28
SYNTH COMPANY 027 SRL,SYNTH MAINTENANCE 01171,synth maintenance 01171,609,REDUCERI COMERCIALE PRIMITE,Cheltuieli,1,2025-10-02,2025-10-02
SYNTH COMPANY 027 SRL,SYNTH OFFICE 01058,synth office 01058,601,CHELT. CU MATERIILE PRIME,Cheltuieli,1,2025-05-20,2025-05-20
SYNTH COMPANY 027 SRL,SYNTH PACKAGING 00660,synth packaging 00660,608,CHELT. PRIVIND AMBALAJELE,Cheltuieli,2,2025-04-03,2026-03-12
SYNTH COMPANY 027 SRL,SYNTH SERVICE 00913,synth service 00913,4427,TVA COLECTATA,Pasiv,1,2025-12-29,2025-12-29
SYNTH COMPANY 027 SRL,SYNTH SERVICE 00055,synth service 00055,707,VEN. DIN VANZAREA MARFURILOR,Pasiv,1,2024-10-02,2024-10-02
SYNTH COMPANY 027 SRL,SYNTH PACKAGING 00858,synth packaging 00858,411,CLIENTI,Activ,2,2025-03-16,2025-09-15
SYNTH COMPANY 027 SRL,SYNTH FUEL 00888,synth fuel 00888,4427,TVA COLECTATA,Pasiv,4,2024-11-22,2026-04-16
SYNTH COMPANY 027 SRL,SYNTH OFFICE 01019,synth office 01019,625,"CHELT. CU DEPLASARI, DETASARI",Cheltuieli,1,2025-09-12,2025-09-12
SYNTH COMPANY 027 SRL,SYNTH SERVICE 00497,synth service 00497,628,ALTE CHELT. CU SERVICIILE EXECUTATE DE TERTI,Cheltuieli,1,2025-09-12,2025-09-12
SYNTH COMPANY 027 SRL,SYNTH SERVICE 00632,synth service 00632,4426,TVA DEDUCTIBILA,Activ,2,2024-08-08,2024-08-28
SYNTH COMPANY 027 SRL,SYNTH RETAIL 00610,synth retail 00610,411,CLIENTI,Activ,1,2025-09-15,2025-09-15
SYNTH COMPANY 027 SRL,SYNTH OFFICE 00169,synth office 00169,371,MARFURI,Activ,1,2026-02-26,2026-02-26
SYNTH COMPANY 028 SRL,SYNTH PACKAGING 00734,synth packaging 00734,401,FURNIZORI,Pasiv,8,2024-09-07,2026-03-27
SYNTH COMPANY 028 SRL,SYNTH UTILITY 00445,synth utility 00445,371,MARFURI,Activ,1,2024-09-07,2024-09-07
SYNTH COMPANY 028 SRL,SYNTH MAINTENANCE 00385,synth maintenance 00385,371,MARFURI,Activ,1,2026-03-27,2026-03-27
SYNTH COMPANY 028 SRL,SYNTH TRANSPORT 00220,synth transport 00220,605,CHELT. CU ENERGIA SI APA,Cheltuieli,1,2026-03-27,2026-03-27
SYNTH COMPANY 028 SRL,SYNTH RAW MATERIAL 00677,synth raw material 00677,635,"CHELT. CU ALTE IMPOZITE, TAXE",Cheltuieli,1,2026-03-27,2026-03-27
SYNTH COMPANY 028 SRL,SYNTH RETAIL 01000,synth retail 01000,601,CHELT. CU MATERIILE PRIME,Cheltuieli,1,2025-04-21,2025-04-21
SYNTH COMPANY 029 SRL,SYNTH RETAIL 00744,synth retail 00744,601,CHELT. CU MATERIILE PRIME,Cheltuieli,4,2024-12-18,2026-04-10
SYNTH COMPANY 029 SRL,SYNTH RAW MATERIAL 00321,synth raw material 00321,625,"CHELT. CU DEPLASARI, DETASARI",Cheltuieli,8,2024-08-16,2026-04-10
SYNTH COMPANY 029 SRL,SYNTH MISC 00609,synth misc 00609,707,VEN. DIN VANZAREA MARFURILOR,Pasiv,1,2026-01-12,2026-01-12
SYNTH COMPANY 029 SRL,SYNTH TRANSPORT 00302,synth transport 00302,704,VEN. DIN SERVICII PRESTATE,Pasiv,2,2024-06-02,2026-01-12
SYNTH COMPANY 029 SRL,SYNTH RAW MATERIAL 01059,synth raw material 01059,4427,TVA COLECTATA,Pasiv,3,2025-03-21,2026-01-12
SYNTH COMPANY 029 SRL,SYNTH TRANSPORT 00092,synth transport 00092,701,VEN. DIN VANZAREA PROD. FINITE,Pasiv,3,2024-06-02,2026-01-12
SYNTH COMPANY 029 SRL,SYNTH MAINTENANCE 00820,synth maintenance 00820,608,CHELT. PRIVIND AMBALAJELE,Cheltuieli,5,2024-08-16,2026-04-10
SYNTH COMPANY 029 SRL,SYNTH RETAIL 01030,synth retail 01030,6022,CHELT. PRIVIND COMBUSTIBILUL,Cheltuieli,4,2024-08-16,2026-04-10
SYNTH COMPANY 029 SRL,SYNTH OFFICE 00796,synth office 00796,628,ALTE CHELT. CU SERVICIILE EXECUTATE DE TERTI,Cheltuieli,1,2024-08-16,2024-08-16
SYNTH COMPANY 029 SRL,SYNTH RAW MATERIAL 00618,synth raw material 00618,613,CHELT. CU PRIMELE DE ASIGURARE,Cheltuieli,2,2024-06-08,2026-04-10
SYNTH COMPANY 029 SRL,SYNTH MISC 00668,synth misc 00668,411,CLIENTI,Activ,1,2024-06-02,2024-06-02
SYNTH COMPANY 029 SRL,SYNTH MISC 00668,synth misc 00668,704,VEN. DIN SERVICII PRESTATE,Pasiv,1,2025-03-21,2025-03-21
SYNTH COMPANY 029 SRL,SYNTH UTILITY 01076,synth utility 01076,601,CHELT. CU MATERIILE PRIME,Cheltuieli,1,2025-06-11,2025-06-11
SYNTH COMPANY 029 SRL,SYNTH OFFICE 00552,synth office 00552,609,REDUCERI COMERCIALE PRIMITE,Cheltuieli,2,2025-01-31,2025-10-25
SYNTH COMPANY 029 SRL,SYNTH PACKAGING 00160,synth packaging 00160,704,VEN. DIN SERVICII PRESTATE,Pasiv,1,2024-08-02,2024-08-02
SYNTH COMPANY 029 SRL,SYNTH FUEL 00047,synth fuel 00047,601,CHELT. CU MATERIILE PRIME,Cheltuieli,6,2024-12-25,2026-01-16
SYNTH COMPANY 029 SRL,SYNTH MAINTENANCE 00360,synth maintenance 00360,607,CHELT. PRIVIND MARFURILE,Cheltuieli,1,2026-01-16,2026-01-16
SYNTH COMPANY 029 SRL,SYNTH OFFICE 01058,synth office 01058,605,CHELT. CU ENERGIA SI APA,Cheltuieli,1,2026-01-16,2026-01-16
SYNTH COMPANY 029 SRL,SYNTH SERVICE 00060,synth service 00060,607,CHELT. PRIVIND MARFURILE,Cheltuieli,2,2024-09-29,2026-01-16
SYNTH COMPANY 029 SRL,SYNTH UTILITY 00801,synth utility 00801,612,"CHELT. CU REDEVENTELE, LOCATIILE DE GESTIUNE",Cheltuieli,1,2024-12-31,2024-12-31
SYNTH COMPANY 029 SRL,SYNTH RAW MATERIAL 00513,synth raw material 00513,635,"CHELT. CU ALTE IMPOZITE, TAXE",Cheltuieli,1,2025-03-08,2025-03-08
SYNTH COMPANY 029 SRL,SYNTH FUEL 00481,synth fuel 00481,707,VEN. DIN VANZAREA MARFURILOR,Pasiv,1,2024-06-09,2024-06-09
SYNTH COMPANY 029 SRL,SYNTH PACKAGING 00254,synth packaging 00254,612,"CHELT. CU REDEVENTELE, LOCATIILE DE GESTIUNE",Cheltuieli,1,2025-03-02,2025-03-02
SYNTH COMPANY 029 SRL,SYNTH FUEL 00007,synth fuel 00007,613,CHELT. CU PRIMELE DE ASIGURARE,Cheltuieli,1,2025-03-02,2025-03-02
SYNTH COMPANY 030 SRL,SYNTH SERVICE 00802,synth service 00802,401,FURNIZORI,Pasiv,28,2024-06-12,2026-04-06
SYNTH COMPANY 030 SRL,SYNTH SERVICE 00101,synth service 00101,602,CHELT. CU MATERIALELE CONSUMABILE,Cheltuieli,19,2024-06-12,2026-04-06
SYNTH COMPANY 030 SRL,SYNTH MISC 00816,synth misc 00816,601,CHELT. CU MATERIILE PRIME,Cheltuieli,1,2026-02-23,2026-02-23
SYNTH COMPANY 030 SRL,SYNTH SERVICE 00101,synth service 00101,608,CHELT. PRIVIND AMBALAJELE,Cheltuieli,6,2024-06-22,2026-02-23
SYNTH COMPANY 030 SRL,SYNTH SERVICE 00101,synth service 00101,607,CHELT. PRIVIND MARFURILE,Cheltuieli,5,2024-06-12,2026-01-07
SYNTH COMPANY 030 SRL,SYNTH SERVICE 00101,synth service 00101,6022,CHELT. PRIVIND COMBUSTIBILUL,Cheltuieli,2,2024-10-22,2024-10-22
SYNTH COMPANY 030 SRL,SYNTH UTILITY 01135,synth utility 01135,601,CHELT. CU MATERIILE PRIME,Cheltuieli,1,2025-12-12,2025-12-12
SYNTH COMPANY 030 SRL,SYNTH PACKAGING 00783,synth packaging 00783,607,CHELT. PRIVIND MARFURILE,Cheltuieli,1,2025-12-12,2025-12-12
SYNTH COMPANY 030 SRL,SYNTH RAW MATERIAL 00482,synth raw material 00482,707,VEN. DIN VANZAREA MARFURILOR,Pasiv,3,2024-12-24,2026-01-16
SYNTH COMPANY 030 SRL,SYNTH FUEL 00481,synth fuel 00481,707,VEN. DIN VANZAREA MARFURILOR,Pasiv,3,2024-06-14,2025-04-16
SYNTH COMPANY 030 SRL,SYNTH OFFICE 00606,synth office 00606,601,CHELT. CU MATERIILE PRIME,Cheltuieli,1,2025-07-19,2025-07-19
SYNTH COMPANY 030 SRL,SYNTH MAINTENANCE 00276,synth maintenance 00276,411,CLIENTI,Activ,4,2025-03-07,2025-12-08
SYNTH COMPANY 030 SRL,SYNTH SERVICE 00787,synth service 00787,704,VEN. DIN SERVICII PRESTATE,Pasiv,2,2025-03-07,2025-12-08
SYNTH COMPANY 030 SRL,SYNTH MISC 00953,synth misc 00953,411,CLIENTI,Activ,1,2025-03-07,2025-03-07
SYNTH COMPANY 031 SRL,SYNTH MISC 00404,synth misc 00404,6022,CHELT. PRIVIND COMBUSTIBILUL,Cheltuieli,19,2024-07-27,2026-06-14
SYNTH COMPANY 031 SRL,SYNTH RAW MATERIAL 00767,synth raw material 00767,635,"CHELT. CU ALTE IMPOZITE, TAXE",Cheltuieli,16,2024-10-05,2026-06-24
SYNTH COMPANY 031 SRL,SYNTH RAW MATERIAL 00349,synth raw material 00349,635,"CHELT. CU ALTE IMPOZITE, TAXE",Cheltuieli,13,2024-08-17,2026-06-08
SYNTH COMPANY 031 SRL,SYNTH OFFICE 00010,synth office 00010,707,VEN. DIN VANZAREA MARFURILOR,Pasiv,32,2024-06-14,2026-06-26
SYNTH COMPANY 031 SRL,SYNTH FUEL 00732,synth fuel 00732,371,MARFURI,Activ,10,2024-08-17,2026-05-31
SYNTH COMPANY 031 SRL,SYNTH UTILITY 00962,synth utility 00962,628,ALTE CHELT. CU SERVICIILE EXECUTATE DE TERTI,Cheltuieli,17,2024-11-13,2026-06-08
SYNTH COMPANY 031 SRL,SYNTH UTILITY 00846,synth utility 00846,371,MARFURI,Activ,7,2024-06-09,2026-05-22
SYNTH COMPANY 031 SRL,SYNTH SERVICE 00341,synth service 00341,608,CHELT. PRIVIND AMBALAJELE,Cheltuieli,18,2024-08-17,2026-06-14
SYNTH COMPANY 031 SRL,SYNTH MISC 00181,synth misc 00181,601,CHELT. CU MATERIILE PRIME,Cheltuieli,7,2024-07-07,2026-06-04
SYNTH COMPANY 031 SRL,SYNTH MAINTENANCE 01150,synth maintenance 01150,607,CHELT. PRIVIND MARFURILE,Cheltuieli,11,2024-09-17,2026-06-24
SYNTH COMPANY 031 SRL,SYNTH OFFICE 01085,synth office 01085,4426,TVA DEDUCTIBILA,Activ,9,2024-07-10,2026-05-22
SYNTH COMPANY 031 SRL,SYNTH UTILITY 00551,synth utility 00551,601,CHELT. CU MATERIILE PRIME,Cheltuieli,12,2024-06-04,2026-06-08
SYNTH COMPANY 031 SRL,SYNTH SERVICE 00268,synth service 00268,601,CHELT. CU MATERIILE PRIME,Cheltuieli,6,2025-05-20,2026-05-02
SYNTH COMPANY 031 SRL,SYNTH PACKAGING 00648,synth packaging 00648,6022,CHELT. PRIVIND COMBUSTIBILUL,Cheltuieli,48,2024-06-04,2026-06-24
SYNTH COMPANY 031 SRL,SYNTH PACKAGING 00462,synth packaging 00462,635,"CHELT. CU ALTE IMPOZITE, TAXE",Cheltuieli,5,2024-09-08,2026-04-10
SYNTH COMPANY 031 SRL,SYNTH OFFICE 00006,synth office 00006,609,REDUCERI COMERCIALE PRIMITE,Cheltuieli,11,2024-10-05,2026-06-08
SYNTH COMPANY 031 SRL,SYNTH SERVICE 00137,synth service 00137,628,ALTE CHELT. CU SERVICIILE EXECUTATE DE TERTI,Cheltuieli,3,2025-05-20,2026-03-26
SYNTH COMPANY 031 SRL,SYNTH TRANSPORT 01066,synth transport 01066,608,CHELT. PRIVIND AMBALAJELE,Cheltuieli,18,2024-06-05,2026-06-04
SYNTH COMPANY 031 SRL,SYNTH TRANSPORT 00957,synth transport 00957,609,REDUCERI COMERCIALE PRIMITE,Cheltuieli,2,2025-10-30,2026-02-10
SYNTH COMPANY 031 SRL,SYNTH RETAIL 00692,synth retail 00692,707,VEN. DIN VANZAREA MARFURILOR,Pasiv,1,2024-08-08,2024-08-08
SYNTH COMPANY 031 SRL,SYNTH PACKAGING 00636,synth packaging 00636,4427,TVA COLECTATA,Pasiv,19,2024-06-14,2026-05-22
SYNTH COMPANY 031 SRL,SYNTH MAINTENANCE 00990,synth maintenance 00990,612,"CHELT. CU REDEVENTELE, LOCATIILE DE GESTIUNE",Cheltuieli,1,2025-06-26,2025-06-26
SYNTH COMPANY 031 SRL,SYNTH OFFICE 00884,synth office 00884,622,CHELT. CU COMISIOANELE SI ONORARIILE,Cheltuieli,1,2025-06-28,2025-06-28
SYNTH COMPANY 031 SRL,SYNTH UTILITY 00842,synth utility 00842,4427,TVA COLECTATA,Pasiv,1,2024-07-31,2024-07-31
SYNTH COMPANY 031 SRL,SYNTH OFFICE 00356,synth office 00356,707,VEN. DIN VANZAREA MARFURILOR,Pasiv,10,2024-06-14,2026-06-07
SYNTH COMPANY 031 SRL,SYNTH SERVICE 00650,synth service 00650,707,VEN. DIN VANZAREA MARFURILOR,Pasiv,6,2024-07-31,2026-01-16
SYNTH COMPANY 031 SRL,SYNTH UTILITY 01053,synth utility 01053,411,CLIENTI,Activ,3,2024-06-14,2025-08-01
SYNTH COMPANY 031 SRL,SYNTH FUEL 00470,synth fuel 00470,6022,CHELT. PRIVIND COMBUSTIBILUL,Cheltuieli,1,2025-05-07,2025-05-07
SYNTH COMPANY 031 SRL,SYNTH SERVICE 00454,synth service 00454,4427,TVA COLECTATA,Pasiv,1,2026-02-09,2026-02-09
SYNTH COMPANY 031 SRL,SYNTH OFFICE 00499,synth office 00499,704,VEN. DIN SERVICII PRESTATE,Pasiv,2,2024-08-26,2025-10-23
SYNTH COMPANY 031 SRL,SYNTH FUEL 00722,synth fuel 00722,635,"CHELT. CU ALTE IMPOZITE, TAXE",Cheltuieli,1,2025-06-23,2025-06-23
SYNTH COMPANY 031 SRL,SYNTH TRANSPORT 00530,synth transport 00530,609,REDUCERI COMERCIALE PRIMITE,Cheltuieli,1,2026-01-02,2026-01-02
SYNTH COMPANY 031 SRL,SYNTH PACKAGING 00486,synth packaging 00486,635,"CHELT. CU ALTE IMPOZITE, TAXE",Cheltuieli,1,2024-11-10,2024-11-10
SYNTH COMPANY 032 SRL,SYNTH OFFICE 00073,synth office 00073,625,"CHELT. CU DEPLASARI, DETASARI",Cheltuieli,21,2024-07-21,2026-01-04
SYNTH COMPANY 032 SRL,SYNTH PACKAGING 00554,synth packaging 00554,613,CHELT. CU PRIMELE DE ASIGURARE,Cheltuieli,4,2024-10-02,2026-01-11
SYNTH COMPANY 032 SRL,SYNTH TRANSPORT 00038,synth transport 00038,628,ALTE CHELT. CU SERVICIILE EXECUTATE DE TERTI,Cheltuieli,3,2024-10-02,2025-06-28
SYNTH COMPANY 032 SRL,SYNTH MAINTENANCE 00257,synth maintenance 00257,701,VEN. DIN VANZAREA PROD. FINITE,Pasiv,8,2024-10-21,2026-01-30
SYNTH COMPANY 032 SRL,SYNTH FUEL 00908,synth fuel 00908,707,VEN. DIN VANZAREA MARFURILOR,Pasiv,1,2026-01-30,2026-01-30
SYNTH COMPANY 032 SRL,SYNTH FUEL 00732,synth fuel 00732,605,CHELT. CU ENERGIA SI APA,Cheltuieli,3,2024-07-21,2026-02-20
SYNTH COMPANY 032 SRL,SYNTH UTILITY 00845,synth utility 00845,635,"CHELT. CU ALTE IMPOZITE, TAXE",Cheltuieli,1,2024-07-21,2024-07-21
SYNTH COMPANY 032 SRL,SYNTH MAINTENANCE 00328,synth maintenance 00328,371,MARFURI,Activ,5,2024-10-30,2026-06-23
SYNTH COMPANY 032 SRL,SYNTH OFFICE 00467,synth office 00467,628,ALTE CHELT. CU SERVICIILE EXECUTATE DE TERTI,Cheltuieli,2,2025-06-28,2026-01-04
SYNTH COMPANY 032 SRL,SYNTH OFFICE 00880,synth office 00880,612,"CHELT. CU REDEVENTELE, LOCATIILE DE GESTIUNE",Cheltuieli,3,2024-08-05,2026-06-23
SYNTH COMPANY 032 SRL,SYNTH OFFICE 00877,synth office 00877,371,MARFURI,Activ,1,2025-04-28,2025-04-28
SYNTH COMPANY 032 SRL,SYNTH UTILITY 00469,synth utility 00469,628,ALTE CHELT. CU SERVICIILE EXECUTATE DE TERTI,Cheltuieli,2,2024-09-29,2026-01-04
SYNTH COMPANY 032 SRL,SYNTH PACKAGING 00221,synth packaging 00221,625,"CHELT. CU DEPLASARI, DETASARI",Cheltuieli,2,2025-03-06,2025-12-06
SYNTH COMPANY 032 SRL,SYNTH OFFICE 00617,synth office 00617,701,VEN. DIN VANZAREA PROD. FINITE,Pasiv,2,2025-07-04,2025-07-04
SYNTH COMPANY 032 SRL,SYNTH MAINTENANCE 00676,synth maintenance 00676,602,CHELT. CU MATERIALELE CONSUMABILE,Cheltuieli,2,2024-10-13,2024-10-30
SYNTH COMPANY 032 SRL,SYNTH SERVICE 00266,synth service 00266,411,CLIENTI,Activ,2,2024-10-21,2024-10-21
SYNTH COMPANY 032 SRL,SYNTH TRANSPORT 01070,synth transport 01070,401,FURNIZORI,Pasiv,1,2025-02-02,2025-02-02
SYNTH COMPANY 033 SRL,SYNTH MISC 00393,synth misc 00393,628,ALTE CHELT. CU SERVICIILE EXECUTATE DE TERTI,Cheltuieli,7,2024-08-08,2026-05-12
SYNTH COMPANY 033 SRL,SYNTH RAW MATERIAL 00672,synth raw material 00672,635,"CHELT. CU ALTE IMPOZITE, TAXE",Cheltuieli,3,2024-08-08,2026-06-13
SYNTH COMPANY 033 SRL,SYNTH OFFICE 00475,synth office 00475,628,ALTE CHELT. CU SERVICIILE EXECUTATE DE TERTI,Cheltuieli,4,2024-08-08,2026-03-07
SYNTH COMPANY 033 SRL,SYNTH MAINTENANCE 00686,synth maintenance 00686,625,"CHELT. CU DEPLASARI, DETASARI",Cheltuieli,2,2025-03-30,2026-05-12
SYNTH COMPANY 033 SRL,SYNTH PACKAGING 00636,synth packaging 00636,701,VEN. DIN VANZAREA PROD. FINITE,Pasiv,2,2025-09-22,2025-09-22
SYNTH COMPANY 033 SRL,SYNTH PACKAGING 00858,synth packaging 00858,701,VEN. DIN VANZAREA PROD. FINITE,Pasiv,2,2025-09-22,2025-09-22
SYNTH COMPANY 033 SRL,SYNTH UTILITY 00921,synth utility 00921,707,VEN. DIN VANZAREA MARFURILOR,Pasiv,1,2024-12-17,2024-12-17
SYNTH COMPANY 033 SRL,SYNTH FUEL 01031,synth fuel 01031,601,CHELT. CU MATERIILE PRIME,Cheltuieli,1,2025-10-05,2025-10-05
SYNTH COMPANY 033 SRL,SYNTH RETAIL 00588,synth retail 00588,607,CHELT. PRIVIND MARFURILE,Cheltuieli,1,2026-05-12,2026-05-12
SYNTH COMPANY 033 SRL,SYNTH PACKAGING 00235,synth packaging 00235,635,"CHELT. CU ALTE IMPOZITE, TAXE",Cheltuieli,3,2026-05-12,2026-05-12
SYNTH COMPANY 034 SRL,SYNTH UTILITY 01193,synth utility 01193,4427,TVA COLECTATA,Pasiv,1,2024-06-23,2024-06-23
SYNTH COMPANY 034 SRL,SYNTH RETAIL 00280,synth retail 00280,4427,TVA COLECTATA,Pasiv,6,2024-06-23,2024-11-18
SYNTH COMPANY 034 SRL,SYNTH RAW MATERIAL 00458,synth raw material 00458,701,VEN. DIN VANZAREA PROD. FINITE,Pasiv,3,2024-10-05,2024-11-18
SYNTH COMPANY 034 SRL,SYNTH RAW MATERIAL 00195,synth raw material 00195,707,VEN. DIN VANZAREA MARFURILOR,Pasiv,2,2024-10-05,2024-11-18
SYNTH COMPANY 034 SRL,SYNTH PACKAGING 00235,synth packaging 00235,401,FURNIZORI,Pasiv,1,2026-05-18,2026-05-18
SYNTH COMPANY 034 SRL,SYNTH TRANSPORT 00754,synth transport 00754,601,CHELT. CU MATERIILE PRIME,Cheltuieli,1,2024-08-05,2024-08-05
SYNTH COMPANY 034 SRL,SYNTH SERVICE 00497,synth service 00497,6022,CHELT. PRIVIND COMBUSTIBILUL,Cheltuieli,2,2024-10-14,2025-10-26
SYNTH COMPANY 034 SRL,SYNTH MISC 00404,synth misc 00404,612,"CHELT. CU REDEVENTELE, LOCATIILE DE GESTIUNE",Cheltuieli,2,2024-09-23,2024-09-23
SYNTH COMPANY 034 SRL,SYNTH UTILITY 00878,synth utility 00878,635,"CHELT. CU ALTE IMPOZITE, TAXE",Cheltuieli,1,2024-09-23,2024-09-23
SYNTH COMPANY 034 SRL,SYNTH MAINTENANCE 00049,synth maintenance 00049,609,REDUCERI COMERCIALE PRIMITE,Cheltuieli,1,2024-09-23,2024-09-23
SYNTH COMPANY 034 SRL,SYNTH UTILITY 00469,synth utility 00469,628,ALTE CHELT. CU SERVICIILE EXECUTATE DE TERTI,Cheltuieli,1,2024-09-23,2024-09-23
SYNTH COMPANY 034 SRL,SYNTH FUEL 00330,synth fuel 00330,601,CHELT. CU MATERIILE PRIME,Cheltuieli,1,2025-10-26,2025-10-26
SYNTH COMPANY 034 SRL,SYNTH FUEL 01033,synth fuel 01033,612,"CHELT. CU REDEVENTELE, LOCATIILE DE GESTIUNE",Cheltuieli,1,2024-11-12,2024-11-12
SYNTH COMPANY 034 SRL,SYNTH PACKAGING 01146,synth packaging 01146,701,VEN. DIN VANZAREA PROD. FINITE,Pasiv,1,2024-10-05,2024-10-05
SYNTH COMPANY 034 SRL,SYNTH SERVICE 00787,synth service 00787,707,VEN. DIN VANZAREA MARFURILOR,Pasiv,1,2024-10-05,2024-10-05
SYNTH COMPANY 034 SRL,SYNTH RETAIL 01020,synth retail 01020,612,"CHELT. CU REDEVENTELE, LOCATIILE DE GESTIUNE",Cheltuieli,1,2024-07-17,2024-07-17
SYNTH COMPANY 034 SRL,SYNTH TRANSPORT 00704,synth transport 00704,613,CHELT. CU PRIMELE DE ASIGURARE,Cheltuieli,1,2024-07-17,2024-07-17
SYNTH COMPANY 034 SRL,SYNTH PACKAGING 00978,synth packaging 00978,635,"CHELT. CU ALTE IMPOZITE, TAXE",Cheltuieli,1,2024-07-17,2024-07-17
SYNTH COMPANY 034 SRL,SYNTH SERVICE 00306,synth service 00306,6022,CHELT. PRIVIND COMBUSTIBILUL,Cheltuieli,1,2024-07-17,2024-07-17
SYNTH COMPANY 034 SRL,SYNTH RAW MATERIAL 00494,synth raw material 00494,602,CHELT. CU MATERIALELE CONSUMABILE,Cheltuieli,1,2024-07-17,2024-07-17
SYNTH COMPANY 035 SRL,SYNTH UTILITY 00712,synth utility 00712,602,CHELT. CU MATERIALELE CONSUMABILE,Cheltuieli,13,2024-06-12,2026-04-06
SYNTH COMPANY 035 SRL,SYNTH PACKAGING 00001,synth packaging 00001,601,CHELT. CU MATERIILE PRIME,Cheltuieli,5,2024-06-12,2026-05-16
SYNTH COMPANY 035 SRL,SYNTH OFFICE 01054,synth office 01054,601,CHELT. CU MATERIILE PRIME,Cheltuieli,11,2024-08-02,2026-05-16
SYNTH COMPANY 035 SRL,SYNTH PACKAGING 00044,synth packaging 00044,6022,CHELT. PRIVIND COMBUSTIBILUL,Cheltuieli,3,2025-05-28,2026-01-13
SYNTH COMPANY 035 SRL,SYNTH RAW MATERIAL 00110,synth raw material 00110,401,FURNIZORI,Pasiv,4,2024-06-12,2025-08-23
SYNTH COMPANY 035 SRL,SYNTH SERVICE 01095,synth service 01095,635,"CHELT. CU ALTE IMPOZITE, TAXE",Cheltuieli,4,2025-05-28,2026-06-15
SYNTH COMPANY 035 SRL,SYNTH SERVICE 00653,synth service 00653,401,FURNIZORI,Pasiv,2,2024-07-14,2025-05-28
SYNTH COMPANY 035 SRL,SYNTH PACKAGING 00986,synth packaging 00986,601,CHELT. CU MATERIILE PRIME,Cheltuieli,2,2025-05-28,2025-07-19
SYNTH COMPANY 035 SRL,SYNTH MAINTENANCE 01110,synth maintenance 01110,612,"CHELT. CU REDEVENTELE, LOCATIILE DE GESTIUNE",Cheltuieli,2,2025-03-28,2025-08-23
SYNTH COMPANY 035 SRL,SYNTH MAINTENANCE 01107,synth maintenance 01107,701,VEN. DIN VANZAREA PROD. FINITE,Pasiv,12,2024-07-17,2025-05-02
SYNTH COMPANY 035 SRL,SYNTH TRANSPORT 00149,synth transport 00149,609,REDUCERI COMERCIALE PRIMITE,Cheltuieli,2,2025-02-03,2025-07-19
SYNTH COMPANY 035 SRL,SYNTH OFFICE 00574,synth office 00574,605,CHELT. CU ENERGIA SI APA,Cheltuieli,6,2024-07-14,2025-08-22
SYNTH COMPANY 035 SRL,SYNTH OFFICE 01058,synth office 01058,601,CHELT. CU MATERIILE PRIME,Cheltuieli,1,2025-02-03,2025-02-03
SYNTH COMPANY 035 SRL,SYNTH SERVICE 00153,synth service 00153,4427,TVA COLECTATA,Pasiv,2,2024-07-17,2024-11-25
SYNTH COMPANY 035 SRL,SYNTH UTILITY 01067,synth utility 01067,704,VEN. DIN SERVICII PRESTATE,Pasiv,1,2024-07-17,2024-07-17
SYNTH COMPANY 035 SRL,SYNTH OFFICE 00581,synth office 00581,622,CHELT. CU COMISIOANELE SI ONORARIILE,Cheltuieli,1,2024-08-02,2024-08-02
SYNTH COMPANY 035 SRL,SYNTH TRANSPORT 00637,synth transport 00637,625,"CHELT. CU DEPLASARI, DETASARI",Cheltuieli,1,2024-06-12,2024-06-12
SYNTH COMPANY 035 SRL,SYNTH OFFICE 00927,synth office 00927,608,CHELT. PRIVIND AMBALAJELE,Cheltuieli,1,2026-06-15,2026-06-15
SYNTH COMPANY 035 SRL,SYNTH MISC 00953,synth misc 00953,701,VEN. DIN VANZAREA PROD. FINITE,Pasiv,1,2025-04-22,2025-04-22
SYNTH COMPANY 035 SRL,SYNTH MAINTENANCE 00983,synth maintenance 00983,411,CLIENTI,Activ,1,2025-04-22,2025-04-22
SYNTH COMPANY 035 SRL,SYNTH RETAIL 00170,synth retail 00170,635,"CHELT. CU ALTE IMPOZITE, TAXE",Cheltuieli,1,2025-08-22,2025-08-22
SYNTH COMPANY 035 SRL,SYNTH MAINTENANCE 00049,synth maintenance 00049,628,ALTE CHELT. CU SERVICIILE EXECUTATE DE TERTI,Cheltuieli,1,2025-11-10,2025-11-10
SYNTH COMPANY 035 SRL,SYNTH PACKAGING 00556,synth packaging 00556,607,CHELT. PRIVIND MARFURILE,Cheltuieli,1,2024-08-05,2024-08-05
SYNTH COMPANY 036 SRL,SYNTH PACKAGING 00689,synth packaging 00689,612,"CHELT. CU REDEVENTELE, LOCATIILE DE GESTIUNE",Cheltuieli,31,2024-06-08,2026-06-16
SYNTH COMPANY 036 SRL,SYNTH RAW MATERIAL 00105,synth raw material 00105,613,CHELT. CU PRIMELE DE ASIGURARE,Cheltuieli,4,2024-10-25,2025-11-24
SYNTH COMPANY 036 SRL,SYNTH OFFICE 00320,synth office 00320,601,CHELT. CU MATERIILE PRIME,Cheltuieli,12,2024-07-06,2026-03-12
SYNTH COMPANY 036 SRL,SYNTH UTILITY 00943,synth utility 00943,6022,CHELT. PRIVIND COMBUSTIBILUL,Cheltuieli,18,2024-07-05,2026-04-17
SYNTH COMPANY 036 SRL,SYNTH OFFICE 00581,synth office 00581,608,CHELT. PRIVIND AMBALAJELE,Cheltuieli,6,2024-10-13,2026-03-29
SYNTH COMPANY 036 SRL,SYNTH UTILITY 00641,synth utility 00641,613,CHELT. CU PRIMELE DE ASIGURARE,Cheltuieli,6,2024-08-09,2025-08-24
SYNTH COMPANY 036 SRL,SYNTH SERVICE 00987,synth service 00987,371,MARFURI,Activ,1,2025-02-20,2025-02-20
SYNTH COMPANY 036 SRL,SYNTH SERVICE 00452,synth service 00452,609,REDUCERI COMERCIALE PRIMITE,Cheltuieli,17,2024-06-22,2026-03-29
SYNTH COMPANY 036 SRL,SYNTH UTILITY 00823,synth utility 00823,625,"CHELT. CU DEPLASARI, DETASARI",Cheltuieli,2,2025-02-20,2026-03-29
SYNTH COMPANY 036 SRL,SYNTH FUEL 00999,synth fuel 00999,602,CHELT. CU MATERIALELE CONSUMABILE,Cheltuieli,3,2025-04-21,2025-11-06
SYNTH COMPANY 036 SRL,SYNTH UTILITY 01076,synth utility 01076,601,CHELT. CU MATERIILE PRIME,Cheltuieli,1,2025-04-21,2025-04-21
SYNTH COMPANY 036 SRL,SYNTH OFFICE 01056,synth office 01056,609,REDUCERI COMERCIALE PRIMITE,Cheltuieli,2,2024-08-09,2025-04-21
SYNTH COMPANY 036 SRL,SYNTH MISC 00857,synth misc 00857,4427,TVA COLECTATA,Pasiv,13,2024-07-11,2026-05-31
SYNTH COMPANY 036 SRL,SYNTH RAW MATERIAL 00104,synth raw material 00104,4427,TVA COLECTATA,Pasiv,8,2024-08-27,2026-05-31
SYNTH COMPANY 036 SRL,SYNTH MAINTENANCE 00983,synth maintenance 00983,704,VEN. DIN SERVICII PRESTATE,Pasiv,4,2025-01-13,2026-04-18
SYNTH COMPANY 036 SRL,SYNTH MAINTENANCE 00507,synth maintenance 00507,704,VEN. DIN SERVICII PRESTATE,Pasiv,24,2024-07-11,2026-05-31
SYNTH COMPANY 036 SRL,SYNTH OFFICE 01058,synth office 01058,605,CHELT. CU ENERGIA SI APA,Cheltuieli,2,2025-06-18,2026-03-12
SYNTH COMPANY 036 SRL,SYNTH FUEL 00047,synth fuel 00047,628,ALTE CHELT. CU SERVICIILE EXECUTATE DE TERTI,Cheltuieli,8,2024-07-06,2026-03-29
SYNTH COMPANY 036 SRL,SYNTH FUEL 00470,synth fuel 00470,601,CHELT. CU MATERIILE PRIME,Cheltuieli,1,2025-02-10,2025-02-10
SYNTH COMPANY 036 SRL,SYNTH SERVICE 00222,synth service 00222,411,CLIENTI,Activ,4,2025-01-13,2025-06-05
SYNTH COMPANY 036 SRL,SYNTH FUEL 00733,synth fuel 00733,601,CHELT. CU MATERIILE PRIME,Cheltuieli,1,2024-08-22,2024-08-22
SYNTH COMPANY 036 SRL,SYNTH PACKAGING 00348,synth packaging 00348,4427,TVA COLECTATA,Pasiv,2,2025-09-20,2026-05-05
SYNTH COMPANY 036 SRL,SYNTH PACKAGING 00348,synth packaging 00348,701,VEN. DIN VANZAREA PROD. FINITE,Pasiv,5,2025-01-13,2026-05-31
SYNTH COMPANY 036 SRL,SYNTH PACKAGING 00554,synth packaging 00554,371,MARFURI,Activ,2,2025-03-13,2026-06-16
SYNTH COMPANY 036 SRL,SYNTH MAINTENANCE 00082,synth maintenance 00082,609,REDUCERI COMERCIALE PRIMITE,Cheltuieli,2,2024-07-06,2026-02-06
SYNTH COMPANY 037 SRL,SYNTH RETAIL 00493,synth retail 00493,622,CHELT. CU COMISIOANELE SI ONORARIILE,Cheltuieli,29,2024-06-06,2026-03-28
SYNTH COMPANY 037 SRL,SYNTH RETAIL 00838,synth retail 00838,4426,TVA DEDUCTIBILA,Activ,3,2024-09-14,2025-11-03
SYNTH COMPANY 037 SRL,SYNTH OFFICE 00581,synth office 00581,605,CHELT. CU ENERGIA SI APA,Cheltuieli,4,2025-01-24,2026-06-27
SYNTH COMPANY 037 SRL,SYNTH PACKAGING 00858,synth packaging 00858,701,VEN. DIN VANZAREA PROD. FINITE,Pasiv,7,2025-03-20,2026-04-22
SYNTH COMPANY 037 SRL,SYNTH RAW MATERIAL 00286,synth raw material 00286,411,CLIENTI,Activ,3,2025-03-20,2025-09-23
SYNTH COMPANY 037 SRL,SYNTH TRANSPORT 00285,synth transport 00285,704,VEN. DIN SERVICII PRESTATE,Pasiv,2,2025-03-20,2025-09-23
SYNTH COMPANY 037 SRL,SYNTH SERVICE 00142,synth service 00142,601,CHELT. CU MATERIILE PRIME,Cheltuieli,2,2024-06-06,2025-05-22
SYNTH COMPANY 037 SRL,SYNTH RETAIL 00322,synth retail 00322,613,CHELT. CU PRIMELE DE ASIGURARE,Cheltuieli,2,2024-08-22,2026-03-28
SYNTH COMPANY 037 SRL,SYNTH TRANSPORT 01057,synth transport 01057,612,"CHELT. CU REDEVENTELE, LOCATIILE DE GESTIUNE",Cheltuieli,5,2024-08-22,2026-03-12
SYNTH COMPANY 037 SRL,SYNTH PACKAGING 00522,synth packaging 00522,601,CHELT. CU MATERIILE PRIME,Cheltuieli,1,2024-08-22,2024-08-22
SYNTH COMPANY 037 SRL,SYNTH TRANSPORT 00516,synth transport 00516,605,CHELT. CU ENERGIA SI APA,Cheltuieli,6,2024-06-08,2026-06-27
SYNTH COMPANY 037 SRL,SYNTH OFFICE 00308,synth office 00308,605,CHELT. CU ENERGIA SI APA,Cheltuieli,3,2025-11-03,2026-06-27
SYNTH COMPANY 037 SRL,SYNTH TRANSPORT 00199,synth transport 00199,701,VEN. DIN VANZAREA PROD. FINITE,Pasiv,1,2025-09-23,2025-09-23
SYNTH COMPANY 037 SRL,SYNTH UTILITY 01016,synth utility 01016,605,CHELT. CU ENERGIA SI APA,Cheltuieli,4,2024-11-03,2026-03-12
SYNTH COMPANY 037 SRL,SYNTH MAINTENANCE 00093,synth maintenance 00093,401,FURNIZORI,Pasiv,1,2025-01-07,2025-01-07
SYNTH COMPANY 037 SRL,SYNTH TRANSPORT 01132,synth transport 01132,628,ALTE CHELT. CU SERVICIILE EXECUTATE DE TERTI,Cheltuieli,1,2025-11-03,2025-11-03
SYNTH COMPANY 037 SRL,SYNTH MISC 00242,synth misc 00242,371,MARFURI,Activ,1,2026-04-05,2026-04-05
SYNTH COMPANY 037 SRL,SYNTH RETAIL 00164,synth retail 00164,4427,TVA COLECTATA,Pasiv,4,2025-05-09,2026-04-22
SYNTH COMPANY 037 SRL,SYNTH MISC 00730,synth misc 00730,704,VEN. DIN SERVICII PRESTATE,Pasiv,1,2026-04-22,2026-04-22
SYNTH COMPANY 037 SRL,SYNTH RAW MATERIAL 00873,synth raw material 00873,411,CLIENTI,Activ,1,2026-04-08,2026-04-08
SYNTH COMPANY 037 SRL,SYNTH FUEL 00139,synth fuel 00139,704,VEN. DIN SERVICII PRESTATE,Pasiv,2,2025-05-09,2025-05-09
SYNTH COMPANY 037 SRL,SYNTH PACKAGING 00178,synth packaging 00178,401,FURNIZORI,Pasiv,2,2024-06-21,2026-03-01
SYNTH COMPANY 037 SRL,SYNTH UTILITY 00083,synth utility 00083,625,"CHELT. CU DEPLASARI, DETASARI",Cheltuieli,1,2026-03-12,2026-03-12
SYNTH COMPANY 038 SRL,SYNTH OFFICE 01014,synth office 01014,411,CLIENTI,Activ,2,2024-10-22,2025-12-21
SYNTH COMPANY 038 SRL,SYNTH RAW MATERIAL 00025,synth raw material 00025,704,VEN. DIN SERVICII PRESTATE,Pasiv,3,2024-10-22,2025-12-21
SYNTH COMPANY 038 SRL,SYNTH RETAIL 00940,synth retail 00940,628,ALTE CHELT. CU SERVICIILE EXECUTATE DE TERTI,Cheltuieli,10,2024-10-14,2026-05-04
SYNTH COMPANY 038 SRL,SYNTH PACKAGING 00501,synth packaging 00501,411,CLIENTI,Activ,2,2024-09-06,2025-12-04
SYNTH COMPANY 038 SRL,SYNTH SERVICE 00358,synth service 00358,704,VEN. DIN SERVICII PRESTATE,Pasiv,1,2026-05-08,2026-05-08
SYNTH COMPANY 038 SRL,SYNTH OFFICE 00894,synth office 00894,4427,TVA COLECTATA,Pasiv,2,2025-12-21,2026-05-08
SYNTH COMPANY 038 SRL,SYNTH RETAIL 00519,synth retail 00519,601,CHELT. CU MATERIILE PRIME,Cheltuieli,5,2024-12-11,2026-05-04
SYNTH COMPANY 038 SRL,SYNTH PACKAGING 00483,synth packaging 00483,609,REDUCERI COMERCIALE PRIMITE,Cheltuieli,1,2024-12-11,2024-12-11
SYNTH COMPANY 038 SRL,SYNTH OFFICE 00624,synth office 00624,601,CHELT. CU MATERIILE PRIME,Cheltuieli,1,2024-12-11,2024-12-11
SYNTH COMPANY 038 SRL,SYNTH RAW MATERIAL 01005,synth raw material 01005,371,MARFURI,Activ,2,2025-08-14,2026-05-04
SYNTH COMPANY 038 SRL,SYNTH RAW MATERIAL 00216,synth raw material 00216,628,ALTE CHELT. CU SERVICIILE EXECUTATE DE TERTI,Cheltuieli,2,2024-10-14,2025-08-14
SYNTH COMPANY 038 SRL,SYNTH FUEL 00465,synth fuel 00465,6022,CHELT. PRIVIND COMBUSTIBILUL,Cheltuieli,5,2024-11-30,2026-05-04
SYNTH COMPANY 038 SRL,SYNTH RAW MATERIAL 00923,synth raw material 00923,701,VEN. DIN VANZAREA PROD. FINITE,Pasiv,1,2025-12-04,2025-12-04
SYNTH COMPANY 038 SRL,SYNTH MAINTENANCE 00141,synth maintenance 00141,602,CHELT. CU MATERIALELE CONSUMABILE,Cheltuieli,2,2024-10-19,2026-03-20
SYNTH COMPANY 038 SRL,SYNTH SERVICE 00714,synth service 00714,612,"CHELT. CU REDEVENTELE, LOCATIILE DE GESTIUNE",Cheltuieli,1,2024-10-14,2024-10-14
SYNTH COMPANY 039 SRL,SYNTH PACKAGING 00628,synth packaging 00628,4427,TVA COLECTATA,Pasiv,3,2024-06-27,2026-03-10
SYNTH COMPANY 039 SRL,SYNTH MAINTENANCE 00086,synth maintenance 00086,613,CHELT. CU PRIMELE DE ASIGURARE,Cheltuieli,48,2024-06-06,2026-02-05
SYNTH COMPANY 039 SRL,SYNTH UTILITY 01185,synth utility 01185,602,CHELT. CU MATERIALELE CONSUMABILE,Cheltuieli,1,2025-06-04,2025-06-04
SYNTH COMPANY 039 SRL,SYNTH TRANSPORT 01009,synth transport 01009,607,CHELT. PRIVIND MARFURILE,Cheltuieli,7,2024-09-05,2026-02-08
SYNTH COMPANY 039 SRL,SYNTH MAINTENANCE 01121,synth maintenance 01121,601,CHELT. CU MATERIILE PRIME,Cheltuieli,10,2024-07-29,2026-02-23
SYNTH COMPANY 039 SRL,SYNTH SERVICE 00055,synth service 00055,707,VEN. DIN VANZAREA MARFURILOR,Pasiv,12,2024-08-11,2026-03-10
SYNTH COMPANY 039 SRL,SYNTH UTILITY 00008,synth utility 00008,704,VEN. DIN SERVICII PRESTATE,Pasiv,5,2024-08-11,2026-03-10
SYNTH COMPANY 039 SRL,SYNTH MAINTENANCE 00065,synth maintenance 00065,602,CHELT. CU MATERIALELE CONSUMABILE,Cheltuieli,10,2024-06-06,2026-02-08
SYNTH COMPANY 039 SRL,SYNTH SERVICE 00002,synth service 00002,628,ALTE CHELT. CU SERVICIILE EXECUTATE DE TERTI,Cheltuieli,5,2024-06-06,2026-02-08
SYNTH COMPANY 039 SRL,SYNTH OFFICE 00209,synth office 00209,609,REDUCERI COMERCIALE PRIMITE,Cheltuieli,3,2024-12-13,2026-02-05
SYNTH COMPANY 039 SRL,SYNTH FUEL 01183,synth fuel 01183,612,"CHELT. CU REDEVENTELE, LOCATIILE DE GESTIUNE",Cheltuieli,2,2025-07-08,2026-01-17
SYNTH COMPANY 039 SRL,SYNTH RAW MATERIAL 00424,synth raw material 00424,609,REDUCERI COMERCIALE PRIMITE,Cheltuieli,2,2024-07-29,2025-01-19
SYNTH COMPANY 039 SRL,SYNTH RAW MATERIAL 01100,synth raw material 01100,622,CHELT. CU COMISIOANELE SI ONORARIILE,Cheltuieli,3,2024-11-11,2025-05-25
SYNTH COMPANY 039 SRL,SYNTH PACKAGING 00790,synth packaging 00790,401,FURNIZORI,Pasiv,8,2024-07-29,2026-02-08
SYNTH COMPANY 039 SRL,SYNTH TRANSPORT 00199,synth transport 00199,411,CLIENTI,Activ,2,2024-10-12,2025-04-30
SYNTH COMPANY 039 SRL,SYNTH SERVICE 00454,synth service 00454,701,VEN. DIN VANZAREA PROD. FINITE,Pasiv,2,2024-10-12,2026-05-08
SYNTH COMPANY 039 SRL,SYNTH OFFICE 00690,synth office 00690,622,CHELT. CU COMISIOANELE SI ONORARIILE,Cheltuieli,1,2025-10-07,2025-10-07
SYNTH COMPANY 039 SRL,SYNTH FUEL 00732,synth fuel 00732,605,CHELT. CU ENERGIA SI APA,Cheltuieli,1,2025-07-08,2025-07-08
SYNTH COMPANY 040 SRL,SYNTH PACKAGING 00376,synth packaging 00376,707,VEN. DIN VANZAREA MARFURILOR,Pasiv,4,2025-07-12,2026-05-08
SYNTH COMPANY 040 SRL,SYNTH MAINTENANCE 00737,synth maintenance 00737,411,CLIENTI,Activ,4,2025-07-12,2026-01-13
SYNTH COMPANY 040 SRL,SYNTH RETAIL 00744,synth retail 00744,601,CHELT. CU MATERIILE PRIME,Cheltuieli,2,2024-09-19,2026-06-16
SYNTH COMPANY 040 SRL,SYNTH UTILITY 00846,synth utility 00846,371,MARFURI,Activ,1,2024-09-19,2024-09-19
SYNTH COMPANY 040 SRL,SYNTH UTILITY 00469,synth utility 00469,622,CHELT. CU COMISIOANELE SI ONORARIILE,Cheltuieli,2,2024-09-19,2026-01-12
SYNTH COMPANY 040 SRL,SYNTH PACKAGING 00831,synth packaging 00831,625,"CHELT. CU DEPLASARI, DETASARI",Cheltuieli,5,2024-09-19,2026-06-01
SYNTH COMPANY 040 SRL,SYNTH SERVICE 00389,synth service 00389,602,CHELT. CU MATERIALELE CONSUMABILE,Cheltuieli,3,2024-09-19,2026-06-24
SYNTH COMPANY 040 SRL,SYNTH RAW MATERIAL 00110,synth raw material 00110,605,CHELT. CU ENERGIA SI APA,Cheltuieli,8,2024-06-06,2026-06-16
SYNTH COMPANY 040 SRL,SYNTH MAINTENANCE 00506,synth maintenance 00506,6022,CHELT. PRIVIND COMBUSTIBILUL,Cheltuieli,3,2024-06-24,2025-03-19
SYNTH COMPANY 040 SRL,SYNTH MISC 00456,synth misc 00456,4426,TVA DEDUCTIBILA,Activ,4,2024-09-19,2025-03-19
SYNTH COMPANY 040 SRL,SYNTH MISC 00863,synth misc 00863,371,MARFURI,Activ,13,2024-06-06,2026-01-12
SYNTH COMPANY 040 SRL,SYNTH FUEL 00013,synth fuel 00013,613,CHELT. CU PRIMELE DE ASIGURARE,Cheltuieli,6,2024-06-06,2026-05-04
SYNTH COMPANY 040 SRL,SYNTH PACKAGING 00421,synth packaging 00421,601,CHELT. CU MATERIILE PRIME,Cheltuieli,7,2024-07-03,2026-01-23
SYNTH COMPANY 040 SRL,SYNTH PACKAGING 01050,synth packaging 01050,602,CHELT. CU MATERIALELE CONSUMABILE,Cheltuieli,10,2024-06-06,2026-01-12
SYNTH COMPANY 040 SRL,SYNTH UTILITY 00878,synth utility 00878,602,CHELT. CU MATERIALELE CONSUMABILE,Cheltuieli,1,2024-10-08,2024-10-08
SYNTH COMPANY 040 SRL,SYNTH MAINTENANCE 00737,synth maintenance 00737,701,VEN. DIN VANZAREA PROD. FINITE,Pasiv,1,2025-07-12,2025-07-12
SYNTH COMPANY 040 SRL,SYNTH UTILITY 00962,synth utility 00962,628,ALTE CHELT. CU SERVICIILE EXECUTATE DE TERTI,Cheltuieli,6,2024-09-22,2026-06-16
SYNTH COMPANY 040 SRL,SYNTH PACKAGING 00367,synth packaging 00367,613,CHELT. CU PRIMELE DE ASIGURARE,Cheltuieli,2,2025-10-01,2025-10-25
SYNTH COMPANY 040 SRL,SYNTH RETAIL 00021,synth retail 00021,625,"CHELT. CU DEPLASARI, DETASARI",Cheltuieli,1,2025-10-01,2025-10-01
SYNTH COMPANY 040 SRL,SYNTH MAINTENANCE 00695,synth maintenance 00695,4426,TVA DEDUCTIBILA,Activ,4,2024-06-25,2026-01-12
SYNTH COMPANY 040 SRL,SYNTH MAINTENANCE 00347,synth maintenance 00347,411,CLIENTI,Activ,2,2025-05-20,2026-05-08
SYNTH COMPANY 040 SRL,SYNTH SERVICE 00055,synth service 00055,707,VEN. DIN VANZAREA MARFURILOR,Pasiv,3,2025-05-20,2025-08-02
SYNTH COMPANY 040 SRL,SYNTH UTILITY 00671,synth utility 00671,605,CHELT. CU ENERGIA SI APA,Cheltuieli,4,2024-10-05,2026-06-16
SYNTH COMPANY 040 SRL,SYNTH FUEL 00176,synth fuel 00176,608,CHELT. PRIVIND AMBALAJELE,Cheltuieli,2,2024-07-31,2025-03-03
SYNTH COMPANY 040 SRL,SYNTH TRANSPORT 00238,synth transport 00238,602,CHELT. CU MATERIALELE CONSUMABILE,Cheltuieli,2,2025-05-10,2025-09-10
SYNTH COMPANY 040 SRL,SYNTH MAINTENANCE 00741,synth maintenance 00741,371,MARFURI,Activ,2,2024-06-06,2025-10-25
SYNTH COMPANY 040 SRL,SYNTH RETAIL 00924,synth retail 00924,635,"CHELT. CU ALTE IMPOZITE, TAXE",Cheltuieli,3,2025-02-09,2025-09-10
SYNTH COMPANY 040 SRL,SYNTH OFFICE 00289,synth office 00289,608,CHELT. PRIVIND AMBALAJELE,Cheltuieli,1,2026-01-23,2026-01-23
SYNTH COMPANY 041 SRL,SYNTH OFFICE 00290,synth office 00290,609,REDUCERI COMERCIALE PRIMITE,Cheltuieli,20,2024-06-20,2025-12-23
SYNTH COMPANY 041 SRL,SYNTH PACKAGING 00674,synth packaging 00674,371,MARFURI,Activ,6,2024-08-13,2025-08-28
SYNTH COMPANY 041 SRL,SYNTH MAINTENANCE 01121,synth maintenance 01121,601,CHELT. CU MATERIILE PRIME,Cheltuieli,7,2024-08-01,2025-12-23
SYNTH COMPANY 041 SRL,SYNTH RAW MATERIAL 00027,synth raw material 00027,612,"CHELT. CU REDEVENTELE, LOCATIILE DE GESTIUNE",Cheltuieli,19,2024-06-18,2026-05-20
SYNTH COMPANY 041 SRL,SYNTH RAW MATERIAL 00027,synth raw material 00027,4426,TVA DEDUCTIBILA,Activ,1,2024-11-16,2024-11-16
SYNTH COMPANY 041 SRL,SYNTH UTILITY 00455,synth utility 00455,601,CHELT. CU MATERIILE PRIME,Cheltuieli,12,2024-06-18,2025-12-23
SYNTH COMPANY 041 SRL,SYNTH FUEL 00219,synth fuel 00219,601,CHELT. CU MATERIILE PRIME,Cheltuieli,7,2025-02-07,2025-11-29
SYNTH COMPANY 041 SRL,SYNTH UTILITY 00631,synth utility 00631,601,CHELT. CU MATERIILE PRIME,Cheltuieli,3,2025-03-08,2025-12-06
SYNTH COMPANY 041 SRL,SYNTH MISC 00404,synth misc 00404,6022,CHELT. PRIVIND COMBUSTIBILUL,Cheltuieli,5,2025-08-22,2026-05-20
SYNTH COMPANY 041 SRL,SYNTH RAW MATERIAL 00915,synth raw material 00915,628,ALTE CHELT. CU SERVICIILE EXECUTATE DE TERTI,Cheltuieli,1,2025-10-22,2025-10-22
SYNTH COMPANY 041 SRL,SYNTH SERVICE 01138,synth service 01138,609,REDUCERI COMERCIALE PRIMITE,Cheltuieli,13,2024-09-03,2026-01-25
SYNTH COMPANY 041 SRL,SYNTH UTILITY 00962,synth utility 00962,628,ALTE CHELT. CU SERVICIILE EXECUTATE DE TERTI,Cheltuieli,7,2024-10-18,2026-06-17
SYNTH COMPANY 041 SRL,SYNTH RETAIL 00813,synth retail 00813,602,CHELT. CU MATERIALELE CONSUMABILE,Cheltuieli,2,2024-09-03,2025-08-30
SYNTH COMPANY 041 SRL,SYNTH SERVICE 01138,synth service 01138,607,CHELT. PRIVIND MARFURILE,Cheltuieli,1,2024-09-03,2024-09-03
SYNTH COMPANY 041 SRL,SYNTH MISC 00395,synth misc 00395,608,CHELT. PRIVIND AMBALAJELE,Cheltuieli,1,2025-06-20,2025-06-20
SYNTH COMPANY 041 SRL,SYNTH RETAIL 01160,synth retail 01160,704,VEN. DIN SERVICII PRESTATE,Pasiv,4,2024-11-13,2025-04-04
SYNTH COMPANY 041 SRL,SYNTH SERVICE 01112,synth service 01112,701,VEN. DIN VANZAREA PROD. FINITE,Pasiv,9,2024-11-13,2025-09-12
SYNTH COMPANY 041 SRL,SYNTH FUEL 00989,synth fuel 00989,607,CHELT. PRIVIND MARFURILE,Cheltuieli,1,2024-09-04,2024-09-04
SYNTH COMPANY 041 SRL,SYNTH MISC 00600,synth misc 00600,605,CHELT. CU ENERGIA SI APA,Cheltuieli,5,2024-07-17,2026-06-17
SYNTH COMPANY 041 SRL,SYNTH UTILITY 00256,synth utility 00256,609,REDUCERI COMERCIALE PRIMITE,Cheltuieli,2,2025-12-23,2026-01-21
SYNTH COMPANY 041 SRL,SYNTH OFFICE 00102,synth office 00102,6022,CHELT. PRIVIND COMBUSTIBILUL,Cheltuieli,1,2025-08-30,2025-08-30
SYNTH COMPANY 041 SRL,SYNTH FUEL 00732,synth fuel 00732,605,CHELT. CU ENERGIA SI APA,Cheltuieli,2,2025-03-08,2025-08-18
SYNTH COMPANY 041 SRL,SYNTH UTILITY 00489,synth utility 00489,4427,TVA COLECTATA,Pasiv,4,2025-01-12,2025-09-12
SYNTH COMPANY 041 SRL,SYNTH TRANSPORT 00411,synth transport 00411,4427,TVA COLECTATA,Pasiv,1,2025-04-04,2025-04-04
SYNTH COMPANY 041 SRL,SYNTH OFFICE 00972,synth office 00972,411,CLIENTI,Activ,1,2025-01-12,2025-01-12
SYNTH COMPANY 041 SRL,SYNTH OFFICE 00252,synth office 00252,4426,TVA DEDUCTIBILA,Activ,1,2024-10-18,2024-10-18
SYNTH COMPANY 041 SRL,SYNTH MISC 01187,synth misc 01187,4426,TVA DEDUCTIBILA,Activ,1,2024-10-18,2024-10-18
SYNTH COMPANY 042 SRL,SYNTH OFFICE 00499,synth office 00499,707,VEN. DIN VANZAREA MARFURILOR,Pasiv,15,2024-08-30,2026-04-02
SYNTH COMPANY 042 SRL,SYNTH UTILITY 00383,synth utility 00383,704,VEN. DIN SERVICII PRESTATE,Pasiv,22,2024-06-21,2026-04-30
SYNTH COMPANY 042 SRL,SYNTH SERVICE 00497,synth service 00497,628,ALTE CHELT. CU SERVICIILE EXECUTATE DE TERTI,Cheltuieli,11,2024-06-03,2026-02-25
SYNTH COMPANY 042 SRL,SYNTH RAW MATERIAL 00188,synth raw material 00188,704,VEN. DIN SERVICII PRESTATE,Pasiv,25,2024-06-21,2026-04-02
SYNTH COMPANY 042 SRL,SYNTH MAINTENANCE 00870,synth maintenance 00870,6022,CHELT. PRIVIND COMBUSTIBILUL,Cheltuieli,15,2024-08-22,2026-04-08
SYNTH COMPANY 042 SRL,SYNTH MISC 01104,synth misc 01104,607,CHELT. PRIVIND MARFURILE,Cheltuieli,15,2024-06-03,2025-09-09
SYNTH COMPANY 042 SRL,SYNTH MAINTENANCE 00521,synth maintenance 00521,411,CLIENTI,Activ,4,2024-08-16,2026-03-27
SYNTH COMPANY 042 SRL,SYNTH RETAIL 00720,synth retail 00720,625,"CHELT. CU DEPLASARI, DETASARI",Cheltuieli,4,2025-02-16,2026-04-11
SYNTH COMPANY 042 SRL,SYNTH RETAIL 00538,synth retail 00538,602,CHELT. CU MATERIALELE CONSUMABILE,Cheltuieli,6,2024-07-26,2026-04-11
SYNTH COMPANY 042 SRL,SYNTH TRANSPORT 00230,synth transport 00230,625,"CHELT. CU DEPLASARI, DETASARI",Cheltuieli,2,2024-06-03,2025-09-26
SYNTH COMPANY 042 SRL,SYNTH MAINTENANCE 01121,synth maintenance 01121,607,CHELT. PRIVIND MARFURILE,Cheltuieli,18,2024-06-03,2026-06-07
SYNTH COMPANY 042 SRL,SYNTH FUEL 00277,synth fuel 00277,707,VEN. DIN VANZAREA MARFURILOR,Pasiv,4,2024-06-24,2026-04-03
SYNTH COMPANY 042 SRL,SYNTH UTILITY 00749,synth utility 00749,608,CHELT. PRIVIND AMBALAJELE,Cheltuieli,12,2024-07-08,2026-02-02
SYNTH COMPANY 042 SRL,SYNTH TRANSPORT 01149,synth transport 01149,371,MARFURI,Activ,4,2024-08-22,2026-02-02
SYNTH COMPANY 042 SRL,SYNTH RAW MATERIAL 00513,synth raw material 00513,635,"CHELT. CU ALTE IMPOZITE, TAXE",Cheltuieli,4,2024-06-21,2026-02-02
SYNTH COMPANY 042 SRL,SYNTH RETAIL 01030,synth retail 01030,6022,CHELT. PRIVIND COMBUSTIBILUL,Cheltuieli,12,2024-07-08,2026-04-08
SYNTH COMPANY 042 SRL,SYNTH MAINTENANCE 01154,synth maintenance 01154,371,MARFURI,Activ,10,2024-06-30,2026-03-12
SYNTH COMPANY 042 SRL,SYNTH MISC 00681,synth misc 00681,625,"CHELT. CU DEPLASARI, DETASARI",Cheltuieli,7,2024-07-07,2026-05-28
SYNTH COMPANY 042 SRL,SYNTH RAW MATERIAL 00245,synth raw material 00245,4426,TVA DEDUCTIBILA,Activ,4,2024-07-12,2025-09-09
SYNTH COMPANY 042 SRL,SYNTH MISC 00584,synth misc 00584,605,CHELT. CU ENERGIA SI APA,Cheltuieli,8,2024-07-08,2025-07-01
SYNTH COMPANY 042 SRL,SYNTH UTILITY 00553,synth utility 00553,625,"CHELT. CU DEPLASARI, DETASARI",Cheltuieli,2,2025-05-14,2025-12-27
SYNTH COMPANY 042 SRL,SYNTH SERVICE 00034,synth service 00034,371,MARFURI,Activ,1,2024-08-22,2024-08-22
SYNTH COMPANY 042 SRL,SYNTH OFFICE 00673,synth office 00673,4426,TVA DEDUCTIBILA,Activ,1,2024-07-08,2024-07-08
SYNTH COMPANY 042 SRL,SYNTH MAINTENANCE 01121,synth maintenance 01121,601,CHELT. CU MATERIILE PRIME,Cheltuieli,1,2024-07-08,2024-07-08
SYNTH COMPANY 043 SRL,SYNTH MISC 00393,synth misc 00393,625,"CHELT. CU DEPLASARI, DETASARI",Cheltuieli,6,2024-06-07,2025-05-15
SYNTH COMPANY 043 SRL,SYNTH OFFICE 00073,synth office 00073,605,CHELT. CU ENERGIA SI APA,Cheltuieli,25,2024-06-07,2025-11-05
SYNTH COMPANY 043 SRL,SYNTH RAW MATERIAL 00446,synth raw material 00446,608,CHELT. PRIVIND AMBALAJELE,Cheltuieli,7,2024-08-14,2025-12-06
SYNTH COMPANY 043 SRL,SYNTH RETAIL 00012,synth retail 00012,601,CHELT. CU MATERIILE PRIME,Cheltuieli,2,2025-06-28,2025-08-08
SYNTH COMPANY 043 SRL,SYNTH RAW MATERIAL 00216,synth raw material 00216,628,ALTE CHELT. CU SERVICIILE EXECUTATE DE TERTI,Cheltuieli,7,2024-06-29,2025-12-06
SYNTH COMPANY 043 SRL,SYNTH OFFICE 00532,synth office 00532,613,CHELT. CU PRIMELE DE ASIGURARE,Cheltuieli,2,2024-09-17,2025-06-28
SYNTH COMPANY 043 SRL,SYNTH FUEL 00240,synth fuel 00240,601,CHELT. CU MATERIILE PRIME,Cheltuieli,2,2025-05-15,2025-06-28
SYNTH COMPANY 043 SRL,SYNTH TRANSPORT 00901,synth transport 00901,601,CHELT. CU MATERIILE PRIME,Cheltuieli,14,2024-08-14,2025-12-17
SYNTH COMPANY 043 SRL,SYNTH PACKAGING 00976,synth packaging 00976,601,CHELT. CU MATERIILE PRIME,Cheltuieli,1,2024-09-17,2024-09-17
SYNTH COMPANY 043 SRL,SYNTH OFFICE 00066,synth office 00066,635,"CHELT. CU ALTE IMPOZITE, TAXE",Cheltuieli,2,2024-10-28,2024-10-28
SYNTH COMPANY 043 SRL,SYNTH MISC 00393,synth misc 00393,601,CHELT. CU MATERIILE PRIME,Cheltuieli,1,2024-10-28,2024-10-28
SYNTH COMPANY 043 SRL,SYNTH MISC 00941,synth misc 00941,411,CLIENTI,Activ,8,2024-06-30,2025-10-08
SYNTH COMPANY 043 SRL,SYNTH RETAIL 01130,synth retail 01130,707,VEN. DIN VANZAREA MARFURILOR,Pasiv,12,2024-06-30,2026-06-01
SYNTH COMPANY 043 SRL,SYNTH PACKAGING 00040,synth packaging 00040,4427,TVA COLECTATA,Pasiv,17,2024-07-16,2026-06-01
SYNTH COMPANY 043 SRL,SYNTH SERVICE 00055,synth service 00055,707,VEN. DIN VANZAREA MARFURILOR,Pasiv,7,2024-06-30,2026-06-01
SYNTH COMPANY 043 SRL,SYNTH TRANSPORT 00097,synth transport 00097,625,"CHELT. CU DEPLASARI, DETASARI",Cheltuieli,3,2024-08-14,2025-08-08
SYNTH COMPANY 043 SRL,SYNTH OFFICE 00581,synth office 00581,608,CHELT. PRIVIND AMBALAJELE,Cheltuieli,3,2025-02-14,2025-08-08
SYNTH COMPANY 043 SRL,SYNTH RAW MATERIAL 01001,synth raw material 01001,607,CHELT. PRIVIND MARFURILE,Cheltuieli,2,2024-08-14,2025-08-08
SYNTH COMPANY 043 SRL,SYNTH UTILITY 01036,synth utility 01036,628,ALTE CHELT. CU SERVICIILE EXECUTATE DE TERTI,Cheltuieli,5,2024-06-21,2025-12-17
SYNTH COMPANY 043 SRL,SYNTH MAINTENANCE 00550,synth maintenance 00550,608,CHELT. PRIVIND AMBALAJELE,Cheltuieli,2,2025-07-11,2025-07-23
SYNTH COMPANY 043 SRL,SYNTH FUEL 00985,synth fuel 00985,6022,CHELT. PRIVIND COMBUSTIBILUL,Cheltuieli,1,2024-08-31,2024-08-31
SYNTH COMPANY 043 SRL,SYNTH OFFICE 00929,synth office 00929,635,"CHELT. CU ALTE IMPOZITE, TAXE",Cheltuieli,1,2024-08-31,2024-08-31
SYNTH COMPANY 043 SRL,SYNTH RETAIL 00322,synth retail 00322,635,"CHELT. CU ALTE IMPOZITE, TAXE",Cheltuieli,1,2024-08-14,2024-08-14
SYNTH COMPANY 043 SRL,SYNTH SERVICE 00388,synth service 00388,609,REDUCERI COMERCIALE PRIMITE,Cheltuieli,2,2025-01-08,2026-06-16
SYNTH COMPANY 043 SRL,SYNTH TRANSPORT 01170,synth transport 01170,605,CHELT. CU ENERGIA SI APA,Cheltuieli,1,2025-01-08,2025-01-08
SYNTH COMPANY 044 SRL,SYNTH PACKAGING 00258,synth packaging 00258,4426,TVA DEDUCTIBILA,Activ,5,2024-11-25,2026-02-22
SYNTH COMPANY 044 SRL,SYNTH OFFICE 01155,synth office 01155,601,CHELT. CU MATERIILE PRIME,Cheltuieli,19,2024-07-28,2026-07-01
SYNTH COMPANY 044 SRL,SYNTH PACKAGING 00711,synth packaging 00711,704,VEN. DIN SERVICII PRESTATE,Pasiv,23,2025-02-01,2026-04-21
SYNTH COMPANY 044 SRL,SYNTH TRANSPORT 00059,synth transport 00059,701,VEN. DIN VANZAREA PROD. FINITE,Pasiv,5,2025-02-20,2026-04-21
SYNTH COMPANY 044 SRL,SYNTH OFFICE 01058,synth office 01058,605,CHELT. CU ENERGIA SI APA,Cheltuieli,5,2024-07-06,2026-07-01
SYNTH COMPANY 044 SRL,SYNTH UTILITY 00563,synth utility 00563,613,CHELT. CU PRIMELE DE ASIGURARE,Cheltuieli,20,2024-07-06,2026-02-22
SYNTH COMPANY 044 SRL,SYNTH RETAIL 00611,synth retail 00611,635,"CHELT. CU ALTE IMPOZITE, TAXE",Cheltuieli,5,2024-11-25,2026-05-16
SYNTH COMPANY 044 SRL,SYNTH UTILITY 01177,synth utility 01177,625,"CHELT. CU DEPLASARI, DETASARI",Cheltuieli,19,2024-07-06,2026-07-01
SYNTH COMPANY 044 SRL,SYNTH SERVICE 00418,synth service 00418,622,CHELT. CU COMISIOANELE SI ONORARIILE,Cheltuieli,6,2024-07-06,2026-05-16
SYNTH COMPANY 044 SRL,SYNTH RETAIL 00620,synth retail 00620,635,"CHELT. CU ALTE IMPOZITE, TAXE",Cheltuieli,1,2024-08-13,2024-08-13
SYNTH COMPANY 044 SRL,SYNTH MISC 00179,synth misc 00179,701,VEN. DIN VANZAREA PROD. FINITE,Pasiv,6,2025-02-20,2026-02-21
SYNTH COMPANY 044 SRL,SYNTH PACKAGING 00518,synth packaging 00518,701,VEN. DIN VANZAREA PROD. FINITE,Pasiv,10,2025-02-01,2026-04-21
SYNTH COMPANY 044 SRL,SYNTH UTILITY 00166,synth utility 00166,622,CHELT. CU COMISIOANELE SI ONORARIILE,Cheltuieli,23,2024-07-06,2026-07-01
SYNTH COMPANY 044 SRL,SYNTH MAINTENANCE 00049,synth maintenance 00049,607,CHELT. PRIVIND MARFURILE,Cheltuieli,4,2024-12-24,2026-03-22
SYNTH COMPANY 044 SRL,SYNTH TRANSPORT 00059,synth transport 00059,4427,TVA COLECTATA,Pasiv,1,2025-05-21,2025-05-21
SYNTH COMPANY 044 SRL,SYNTH TRANSPORT 00059,synth transport 00059,411,CLIENTI,Activ,1,2025-11-16,2025-11-16
SYNTH COMPANY 045 SRL,SYNTH MISC 00693,synth misc 00693,625,"CHELT. CU DEPLASARI, DETASARI",Cheltuieli,1,2025-02-27,2025-02-27
SYNTH COMPANY 045 SRL,SYNTH UTILITY 00120,synth utility 00120,401,FURNIZORI,Pasiv,1,2025-02-27,2025-02-27
SYNTH COMPANY 045 SRL,SYNTH FUEL 00634,synth fuel 00634,601,CHELT. CU MATERIILE PRIME,Cheltuieli,1,2024-07-18,2024-07-18
SYNTH COMPANY 045 SRL,SYNTH FUEL 00897,synth fuel 00897,371,MARFURI,Activ,1,2024-07-18,2024-07-18
SYNTH COMPANY 045 SRL,SYNTH RAW MATERIAL 00582,synth raw material 00582,622,CHELT. CU COMISIOANELE SI ONORARIILE,Cheltuieli,2,2025-01-28,2026-01-28
SYNTH COMPANY 045 SRL,SYNTH UTILITY 00749,synth utility 00749,607,CHELT. PRIVIND MARFURILE,Cheltuieli,1,2026-01-28,2026-01-28
SYNTH COMPANY 045 SRL,SYNTH PACKAGING 00554,synth packaging 00554,613,CHELT. CU PRIMELE DE ASIGURARE,Cheltuieli,1,2026-01-28,2026-01-28
SYNTH COMPANY 045 SRL,SYNTH RETAIL 01030,synth retail 01030,6022,CHELT. PRIVIND COMBUSTIBILUL,Cheltuieli,1,2024-08-22,2024-08-22
SYNTH COMPANY 045 SRL,SYNTH RAW MATERIAL 00463,synth raw material 00463,602,CHELT. CU MATERIALELE CONSUMABILE,Cheltuieli,1,2024-08-22,2024-08-22
SYNTH COMPANY 045 SRL,SYNTH SERVICE 00949,synth service 00949,601,CHELT. CU MATERIILE PRIME,Cheltuieli,1,2024-08-22,2024-08-22
SYNTH COMPANY 045 SRL,SYNTH TRANSPORT 00152,synth transport 00152,625,"CHELT. CU DEPLASARI, DETASARI",Cheltuieli,1,2025-10-06,2025-10-06
SYNTH COMPANY 045 SRL,SYNTH RAW MATERIAL 00988,synth raw material 00988,6022,CHELT. PRIVIND COMBUSTIBILUL,Cheltuieli,1,2024-09-11,2024-09-11
SYNTH COMPANY 045 SRL,SYNTH OFFICE 01043,synth office 01043,622,CHELT. CU COMISIOANELE SI ONORARIILE,Cheltuieli,1,2024-09-11,2024-09-11
SYNTH COMPANY 046 SRL,SYNTH MISC 00236,synth misc 00236,411,CLIENTI,Activ,9,2024-10-13,2026-06-10
SYNTH COMPANY 046 SRL,SYNTH RAW MATERIAL 01015,synth raw material 01015,704,VEN. DIN SERVICII PRESTATE,Pasiv,16,2024-07-19,2026-05-31
SYNTH COMPANY 046 SRL,SYNTH RAW MATERIAL 00903,synth raw material 00903,701,VEN. DIN VANZAREA PROD. FINITE,Pasiv,2,2026-05-28,2026-06-28
SYNTH COMPANY 046 SRL,SYNTH PACKAGING 00887,synth packaging 00887,6022,CHELT. PRIVIND COMBUSTIBILUL,Cheltuieli,2,2024-07-12,2026-01-30
SYNTH COMPANY 046 SRL,SYNTH UTILITY 00551,synth utility 00551,628,ALTE CHELT. CU SERVICIILE EXECUTATE DE TERTI,Cheltuieli,4,2024-06-27,2025-05-21
SYNTH COMPANY 046 SRL,SYNTH RAW MATERIAL 00403,synth raw material 00403,609,REDUCERI COMERCIALE PRIMITE,Cheltuieli,4,2024-07-11,2025-11-10
SYNTH COMPANY 046 SRL,SYNTH RAW MATERIAL 00216,synth raw material 00216,628,ALTE CHELT. CU SERVICIILE EXECUTATE DE TERTI,Cheltuieli,8,2024-07-11,2025-11-08
SYNTH COMPANY 046 SRL,SYNTH MISC 00113,synth misc 00113,371,MARFURI,Activ,5,2024-07-12,2026-03-14
SYNTH COMPANY 046 SRL,SYNTH OFFICE 00121,synth office 00121,607,CHELT. PRIVIND MARFURILE,Cheltuieli,1,2025-05-21,2025-05-21
SYNTH COMPANY 046 SRL,SYNTH OFFICE 00184,synth office 00184,401,FURNIZORI,Pasiv,2,2024-07-11,2024-07-11
SYNTH COMPANY 046 SRL,SYNTH FUEL 01183,synth fuel 01183,612,"CHELT. CU REDEVENTELE, LOCATIILE DE GESTIUNE",Cheltuieli,3,2024-07-11,2025-08-11
SYNTH COMPANY 046 SRL,SYNTH FUEL 00402,synth fuel 00402,608,CHELT. PRIVIND AMBALAJELE,Cheltuieli,1,2025-12-27,2025-12-27
SYNTH COMPANY 046 SRL,SYNTH RAW MATERIAL 00827,synth raw material 00827,607,CHELT. PRIVIND MARFURILE,Cheltuieli,1,2024-07-12,2024-07-12
SYNTH COMPANY 046 SRL,SYNTH FUEL 00047,synth fuel 00047,609,REDUCERI COMERCIALE PRIMITE,Cheltuieli,6,2024-11-09,2026-01-05
SYNTH COMPANY 046 SRL,SYNTH MISC 00088,synth misc 00088,605,CHELT. CU ENERGIA SI APA,Cheltuieli,1,2025-08-11,2025-08-11
SYNTH COMPANY 046 SRL,SYNTH PACKAGING 00554,synth packaging 00554,613,CHELT. CU PRIMELE DE ASIGURARE,Cheltuieli,3,2025-07-05,2025-12-21
SYNTH COMPANY 046 SRL,SYNTH SERVICE 00454,synth service 00454,4427,TVA COLECTATA,Pasiv,1,2025-07-07,2025-07-07
SYNTH COMPANY 046 SRL,SYNTH OFFICE 00156,synth office 00156,601,CHELT. CU MATERIILE PRIME,Cheltuieli,1,2024-11-09,2024-11-09
SYNTH COMPANY 046 SRL,SYNTH RETAIL 00078,synth retail 00078,602,CHELT. CU MATERIALELE CONSUMABILE,Cheltuieli,3,2024-11-09,2025-11-10
SYNTH COMPANY 046 SRL,SYNTH MAINTENANCE 00158,synth maintenance 00158,608,CHELT. PRIVIND AMBALAJELE,Cheltuieli,1,2026-01-05,2026-01-05
SYNTH COMPANY 046 SRL,SYNTH FUEL 00756,synth fuel 00756,401,FURNIZORI,Pasiv,1,2026-01-05,2026-01-05
SYNTH COMPANY 046 SRL,SYNTH MAINTENANCE 01159,synth maintenance 01159,612,"CHELT. CU REDEVENTELE, LOCATIILE DE GESTIUNE",Cheltuieli,1,2025-12-21,2025-12-21
SYNTH COMPANY 047 SRL,SYNTH SERVICE 00101,synth service 00101,607,CHELT. PRIVIND MARFURILE,Cheltuieli,19,2024-08-04,2026-05-12
SYNTH COMPANY 047 SRL,SYNTH RETAIL 00526,synth retail 00526,608,CHELT. PRIVIND AMBALAJELE,Cheltuieli,12,2024-12-09,2026-04-01
SYNTH COMPANY 047 SRL,SYNTH RAW MATERIAL 00969,synth raw material 00969,605,CHELT. CU ENERGIA SI APA,Cheltuieli,1,2024-12-09,2024-12-09
SYNTH COMPANY 047 SRL,SYNTH PACKAGING 01047,synth packaging 01047,605,CHELT. CU ENERGIA SI APA,Cheltuieli,3,2024-10-05,2025-10-29
SYNTH COMPANY 047 SRL,SYNTH SERVICE 00101,synth service 00101,602,CHELT. CU MATERIALELE CONSUMABILE,Cheltuieli,4,2025-01-22,2026-04-01
SYNTH COMPANY 047 SRL,SYNTH UTILITY 00551,synth utility 00551,628,ALTE CHELT. CU SERVICIILE EXECUTATE DE TERTI,Cheltuieli,4,2025-05-04,2026-05-12
SYNTH COMPANY 047 SRL,SYNTH RETAIL 00164,synth retail 00164,704,VEN. DIN SERVICII PRESTATE,Pasiv,14,2024-08-21,2026-06-10
SYNTH COMPANY 047 SRL,SYNTH MAINTENANCE 01121,synth maintenance 01121,601,CHELT. CU MATERIILE PRIME,Cheltuieli,3,2024-10-04,2026-02-21
SYNTH COMPANY 047 SRL,SYNTH SERVICE 00101,synth service 00101,608,CHELT. PRIVIND AMBALAJELE,Cheltuieli,5,2025-07-06,2026-03-26
SYNTH COMPANY 047 SRL,SYNTH MAINTENANCE 00737,synth maintenance 00737,411,CLIENTI,Activ,7,2024-08-21,2026-05-10
SYNTH COMPANY 047 SRL,SYNTH MAINTENANCE 00737,synth maintenance 00737,707,VEN. DIN VANZAREA MARFURILOR,Pasiv,1,2026-05-10,2026-05-10
SYNTH COMPANY 047 SRL,SYNTH MISC 00936,synth misc 00936,6022,CHELT. PRIVIND COMBUSTIBILUL,Cheltuieli,1,2025-01-22,2025-01-22
SYNTH COMPANY 047 SRL,SYNTH SERVICE 00055,synth service 00055,4427,TVA COLECTATA,Pasiv,8,2024-06-27,2026-06-10
SYNTH COMPANY 047 SRL,SYNTH MISC 01191,synth misc 01191,605,CHELT. CU ENERGIA SI APA,Cheltuieli,1,2025-10-29,2025-10-29
SYNTH COMPANY 047 SRL,SYNTH FUEL 00426,synth fuel 00426,707,VEN. DIN VANZAREA MARFURILOR,Pasiv,3,2024-12-25,2026-04-24
SYNTH COMPANY 047 SRL,SYNTH MAINTENANCE 00828,synth maintenance 00828,4427,TVA COLECTATA,Pasiv,3,2024-06-27,2026-06-10
SYNTH COMPANY 047 SRL,SYNTH RAW MATERIAL 00536,synth raw material 00536,602,CHELT. CU MATERIALELE CONSUMABILE,Cheltuieli,1,2026-02-18,2026-02-18
SYNTH COMPANY 047 SRL,SYNTH SERVICE 00101,synth service 00101,6022,CHELT. PRIVIND COMBUSTIBILUL,Cheltuieli,2,2025-03-10,2025-11-24
SYNTH COMPANY 047 SRL,SYNTH PACKAGING 00421,synth packaging 00421,601,CHELT. CU MATERIILE PRIME,Cheltuieli,1,2025-03-10,2025-03-10
SYNTH COMPANY 047 SRL,SYNTH MAINTENANCE 00737,synth maintenance 00737,701,VEN. DIN VANZAREA PROD. FINITE,Pasiv,2,2024-11-21,2025-03-31
SYNTH COMPANY 047 SRL,SYNTH PACKAGING 00459,synth packaging 00459,605,CHELT. CU ENERGIA SI APA,Cheltuieli,1,2026-03-26,2026-03-26
SYNTH COMPANY 047 SRL,SYNTH MISC 00751,synth misc 00751,608,CHELT. PRIVIND AMBALAJELE,Cheltuieli,1,2025-11-24,2025-11-24
SYNTH COMPANY 047 SRL,SYNTH RETAIL 01078,synth retail 01078,707,VEN. DIN VANZAREA MARFURILOR,Pasiv,1,2024-08-21,2024-08-21
SYNTH COMPANY 048 SRL,SYNTH FUEL 00557,synth fuel 00557,401,FURNIZORI,Pasiv,2,2025-05-26,2025-07-26
SYNTH COMPANY 048 SRL,SYNTH RAW MATERIAL 01064,synth raw material 01064,4427,TVA COLECTATA,Pasiv,1,2025-08-06,2025-08-06
SYNTH COMPANY 048 SRL,SYNTH UTILITY 01119,synth utility 01119,701,VEN. DIN VANZAREA PROD. FINITE,Pasiv,1,2025-08-06,2025-08-06
SYNTH COMPANY 048 SRL,SYNTH MISC 00298,synth misc 00298,701,VEN. DIN VANZAREA PROD. FINITE,Pasiv,1,2025-08-06,2025-08-06
SYNTH COMPANY 048 SRL,SYNTH PACKAGING 00858,synth packaging 00858,411,CLIENTI,Activ,1,2025-08-06,2025-08-06
SYNTH COMPANY 048 SRL,SYNTH MAINTENANCE 01121,synth maintenance 01121,601,CHELT. CU MATERIILE PRIME,Cheltuieli,3,2025-03-07,2025-04-19
SYNTH COMPANY 048 SRL,SYNTH MISC 00106,synth misc 00106,608,CHELT. PRIVIND AMBALAJELE,Cheltuieli,1,2025-04-19,2025-04-19
SYNTH COMPANY 048 SRL,SYNTH FUEL 00992,synth fuel 00992,371,MARFURI,Activ,2,2025-03-07,2025-05-13
SYNTH COMPANY 048 SRL,SYNTH RETAIL 00431,synth retail 00431,601,CHELT. CU MATERIILE PRIME,Cheltuieli,1,2025-05-13,2025-05-13
SYNTH COMPANY 048 SRL,SYNTH SERVICE 00015,synth service 00015,607,CHELT. PRIVIND MARFURILE,Cheltuieli,1,2025-05-13,2025-05-13
SYNTH COMPANY 048 SRL,SYNTH RAW MATERIAL 00110,synth raw material 00110,401,FURNIZORI,Pasiv,1,2025-05-13,2025-05-13
SYNTH COMPANY 048 SRL,SYNTH FUEL 00514,synth fuel 00514,628,ALTE CHELT. CU SERVICIILE EXECUTATE DE TERTI,Cheltuieli,1,2025-05-13,2025-05-13
SYNTH COMPANY 048 SRL,SYNTH OFFICE 00977,synth office 00977,622,CHELT. CU COMISIOANELE SI ONORARIILE,Cheltuieli,1,2024-06-19,2024-06-19
SYNTH COMPANY 048 SRL,SYNTH OFFICE 00020,synth office 00020,371,MARFURI,Activ,1,2024-06-19,2024-06-19
SYNTH COMPANY 048 SRL,SYNTH SERVICE 00394,synth service 00394,622,CHELT. CU COMISIOANELE SI ONORARIILE,Cheltuieli,1,2025-03-07,2025-03-07
SYNTH COMPANY 048 SRL,SYNTH SERVICE 00575,synth service 00575,602,CHELT. CU MATERIALELE CONSUMABILE,Cheltuieli,1,2025-03-07,2025-03-07
SYNTH COMPANY 049 SRL,SYNTH MAINTENANCE 00562,synth maintenance 00562,601,CHELT. CU MATERIILE PRIME,Cheltuieli,3,2024-06-01,2025-10-18
SYNTH COMPANY 049 SRL,SYNTH RETAIL 00493,synth retail 00493,628,ALTE CHELT. CU SERVICIILE EXECUTATE DE TERTI,Cheltuieli,57,2024-06-01,2026-06-24
SYNTH COMPANY 049 SRL,SYNTH RAW MATERIAL 00216,synth raw material 00216,628,ALTE CHELT. CU SERVICIILE EXECUTATE DE TERTI,Cheltuieli,24,2024-06-01,2026-05-20
SYNTH COMPANY 049 SRL,SYNTH PACKAGING 00419,synth packaging 00419,4426,TVA DEDUCTIBILA,Activ,14,2025-03-31,2026-03-26
SYNTH COMPANY 049 SRL,SYNTH PACKAGING 00421,synth packaging 00421,401,FURNIZORI,Pasiv,7,2024-11-02,2026-05-26
SYNTH COMPANY 049 SRL,SYNTH FUEL 00738,synth fuel 00738,612,"CHELT. CU REDEVENTELE, LOCATIILE DE GESTIUNE",Cheltuieli,6,2024-12-30,2026-06-01
SYNTH COMPANY 049 SRL,SYNTH UTILITY 00786,synth utility 00786,601,CHELT. CU MATERIILE PRIME,Cheltuieli,9,2024-09-09,2026-06-01
SYNTH COMPANY 049 SRL,SYNTH RETAIL 00744,synth retail 00744,601,CHELT. CU MATERIILE PRIME,Cheltuieli,4,2024-06-21,2026-06-24
SYNTH COMPANY 049 SRL,SYNTH OFFICE 00440,synth office 00440,602,CHELT. CU MATERIALELE CONSUMABILE,Cheltuieli,12,2024-10-03,2026-06-01
SYNTH COMPANY 049 SRL,SYNTH OFFICE 00687,synth office 00687,704,VEN. DIN SERVICII PRESTATE,Pasiv,24,2024-08-26,2026-06-28
SYNTH COMPANY 049 SRL,SYNTH OFFICE 01065,synth office 01065,607,CHELT. PRIVIND MARFURILE,Cheltuieli,10,2024-08-03,2026-03-30
SYNTH COMPANY 049 SRL,SYNTH PACKAGING 01047,synth packaging 01047,601,CHELT. CU MATERIILE PRIME,Cheltuieli,6,2024-06-24,2025-12-16
SYNTH COMPANY 049 SRL,SYNTH UTILITY 01119,synth utility 01119,704,VEN. DIN SERVICII PRESTATE,Pasiv,4,2024-08-10,2026-06-28
SYNTH COMPANY 049 SRL,SYNTH RAW MATERIAL 00586,synth raw material 00586,707,VEN. DIN VANZAREA MARFURILOR,Pasiv,31,2024-06-03,2026-06-28
SYNTH COMPANY 049 SRL,SYNTH RETAIL 00041,synth retail 00041,608,CHELT. PRIVIND AMBALAJELE,Cheltuieli,4,2024-12-04,2026-06-24
SYNTH COMPANY 049 SRL,SYNTH RAW MATERIAL 00071,synth raw material 00071,609,REDUCERI COMERCIALE PRIMITE,Cheltuieli,13,2024-08-11,2026-03-18
SYNTH COMPANY 049 SRL,SYNTH MAINTENANCE 01084,synth maintenance 01084,607,CHELT. PRIVIND MARFURILE,Cheltuieli,4,2024-06-01,2025-09-16
SYNTH COMPANY 049 SRL,SYNTH OFFICE 00604,synth office 00604,608,CHELT. PRIVIND AMBALAJELE,Cheltuieli,2,2024-07-02,2024-07-22
SYNTH COMPANY 049 SRL,SYNTH PACKAGING 00958,synth packaging 00958,605,CHELT. CU ENERGIA SI APA,Cheltuieli,5,2025-06-25,2026-03-26
SYNTH COMPANY 049 SRL,SYNTH MAINTENANCE 01180,synth maintenance 01180,401,FURNIZORI,Pasiv,5,2025-02-10,2026-06-24
SYNTH COMPANY 049 SRL,SYNTH SERVICE 01068,synth service 01068,628,ALTE CHELT. CU SERVICIILE EXECUTATE DE TERTI,Cheltuieli,2,2024-08-11,2024-10-18
SYNTH COMPANY 049 SRL,SYNTH UTILITY 00218,synth utility 00218,401,FURNIZORI,Pasiv,4,2024-10-18,2025-09-29
SYNTH COMPANY 049 SRL,SYNTH SERVICE 00055,synth service 00055,707,VEN. DIN VANZAREA MARFURILOR,Pasiv,11,2024-12-16,2026-05-19
SYNTH COMPANY 049 SRL,SYNTH MAINTENANCE 00983,synth maintenance 00983,704,VEN. DIN SERVICII PRESTATE,Pasiv,9,2024-06-03,2026-05-19
SYNTH COMPANY 049 SRL,SYNTH UTILITY 01125,synth utility 01125,605,CHELT. CU ENERGIA SI APA,Cheltuieli,3,2024-07-17,2025-11-08
SYNTH COMPANY 049 SRL,SYNTH UTILITY 01119,synth utility 01119,701,VEN. DIN VANZAREA PROD. FINITE,Pasiv,2,2024-08-30,2024-12-16
SYNTH COMPANY 049 SRL,SYNTH FUEL 01153,synth fuel 01153,4426,TVA DEDUCTIBILA,Activ,5,2024-07-02,2026-03-18
SYNTH COMPANY 049 SRL,SYNTH RETAIL 00387,synth retail 00387,4426,TVA DEDUCTIBILA,Activ,4,2024-06-21,2026-02-21
SYNTH COMPANY 049 SRL,SYNTH RAW MATERIAL 00286,synth raw material 00286,411,CLIENTI,Activ,5,2024-06-03,2026-05-19
SYNTH COMPANY 049 SRL,SYNTH FUEL 00756,synth fuel 00756,401,FURNIZORI,Pasiv,1,2026-05-26,2026-05-26
SYNTH COMPANY 049 SRL,SYNTH MISC 01191,synth misc 01191,607,CHELT. PRIVIND MARFURILE,Cheltuieli,3,2025-06-25,2025-08-21
SYNTH COMPANY 049 SRL,SYNTH MAINTENANCE 00496,synth maintenance 00496,625,"CHELT. CU DEPLASARI, DETASARI",Cheltuieli,1,2026-03-08,2026-03-08
SYNTH COMPANY 049 SRL,SYNTH MAINTENANCE 01159,synth maintenance 01159,607,CHELT. PRIVIND MARFURILE,Cheltuieli,1,2026-02-07,2026-02-07
SYNTH COMPANY 049 SRL,SYNTH UTILITY 00218,synth utility 00218,635,"CHELT. CU ALTE IMPOZITE, TAXE",Cheltuieli,1,2025-12-28,2025-12-28
SYNTH COMPANY 049 SRL,SYNTH OFFICE 00927,synth office 00927,607,CHELT. PRIVIND MARFURILE,Cheltuieli,1,2025-12-22,2025-12-22
SYNTH COMPANY 050 SRL,SYNTH UTILITY 00777,synth utility 00777,609,REDUCERI COMERCIALE PRIMITE,Cheltuieli,27,2024-06-30,2026-06-13
SYNTH COMPANY 050 SRL,SYNTH SERVICE 00942,synth service 00942,628,ALTE CHELT. CU SERVICIILE EXECUTATE DE TERTI,Cheltuieli,73,2024-06-30,2026-06-08
SYNTH COMPANY 050 SRL,SYNTH MISC 00665,synth misc 00665,602,CHELT. CU MATERIALELE CONSUMABILE,Cheltuieli,1,2025-09-19,2025-09-19
SYNTH COMPANY 050 SRL,SYNTH UTILITY 01137,synth utility 01137,4427,TVA COLECTATA,Pasiv,51,2024-06-14,2026-06-19
SYNTH COMPANY 050 SRL,SYNTH OFFICE 00422,synth office 00422,704,VEN. DIN SERVICII PRESTATE,Pasiv,3,2025-05-30,2025-12-13
SYNTH COMPANY 050 SRL,SYNTH MISC 00953,synth misc 00953,701,VEN. DIN VANZAREA PROD. FINITE,Pasiv,4,2025-01-15,2025-08-16
SYNTH COMPANY 050 SRL,SYNTH TRANSPORT 00175,synth transport 00175,411,CLIENTI,Activ,13,2024-07-15,2026-06-10
SYNTH COMPANY 050 SRL,SYNTH FUEL 00621,synth fuel 00621,701,VEN. DIN VANZAREA PROD. FINITE,Pasiv,14,2024-07-15,2026-06-19
SYNTH COMPANY 050 SRL,SYNTH UTILITY 00962,synth utility 00962,628,ALTE CHELT. CU SERVICIILE EXECUTATE DE TERTI,Cheltuieli,49,2024-06-19,2026-06-08
SYNTH COMPANY 050 SRL,SYNTH MAINTENANCE 00938,synth maintenance 00938,635,"CHELT. CU ALTE IMPOZITE, TAXE",Cheltuieli,16,2024-06-24,2026-05-27
SYNTH COMPANY 050 SRL,SYNTH UTILITY 01197,synth utility 01197,4426,TVA DEDUCTIBILA,Activ,17,2024-08-11,2026-05-26
SYNTH COMPANY 050 SRL,SYNTH RAW MATERIAL 00848,synth raw material 00848,607,CHELT. PRIVIND MARFURILE,Cheltuieli,47,2024-06-23,2026-05-27
SYNTH COMPANY 050 SRL,SYNTH MAINTENANCE 00608,synth maintenance 00608,607,CHELT. PRIVIND MARFURILE,Cheltuieli,7,2024-06-24,2026-05-14
SYNTH COMPANY 050 SRL,SYNTH FUEL 00481,synth fuel 00481,411,CLIENTI,Activ,2,2025-08-16,2026-06-19
SYNTH COMPANY 050 SRL,SYNTH RAW MATERIAL 00286,synth raw material 00286,411,CLIENTI,Activ,3,2025-06-14,2026-06-19
SYNTH COMPANY 050 SRL,SYNTH RAW MATERIAL 01103,synth raw material 01103,601,CHELT. CU MATERIILE PRIME,Cheltuieli,7,2025-04-26,2026-03-18
SYNTH COMPANY 050 SRL,SYNTH OFFICE 00604,synth office 00604,6022,CHELT. PRIVIND COMBUSTIBILUL,Cheltuieli,15,2024-07-11,2026-04-10
SYNTH COMPANY 050 SRL,SYNTH SERVICE 00224,synth service 00224,612,"CHELT. CU REDEVENTELE, LOCATIILE DE GESTIUNE",Cheltuieli,5,2024-08-08,2026-06-08
SYNTH COMPANY 050 SRL,SYNTH PACKAGING 01117,synth packaging 01117,625,"CHELT. CU DEPLASARI, DETASARI",Cheltuieli,7,2024-06-24,2025-12-23
SYNTH COMPANY 050 SRL,SYNTH RAW MATERIAL 00925,synth raw material 00925,628,ALTE CHELT. CU SERVICIILE EXECUTATE DE TERTI,Cheltuieli,5,2025-01-10,2026-03-18
SYNTH COMPANY 050 SRL,SYNTH RETAIL 00318,synth retail 00318,707,VEN. DIN VANZAREA MARFURILOR,Pasiv,1,2024-11-24,2024-11-24
SYNTH COMPANY 051 SRL,SYNTH FUEL 01017,synth fuel 01017,602,CHELT. CU MATERIALELE CONSUMABILE,Cheltuieli,3,2024-09-26,2025-10-21
SYNTH COMPANY 051 SRL,SYNTH MAINTENANCE 01121,synth maintenance 01121,622,CHELT. CU COMISIOANELE SI ONORARIILE,Cheltuieli,4,2024-10-30,2026-05-06
SYNTH COMPANY 051 SRL,SYNTH MAINTENANCE 00223,synth maintenance 00223,701,VEN. DIN VANZAREA PROD. FINITE,Pasiv,2,2025-02-28,2025-02-28
SYNTH COMPANY 051 SRL,SYNTH MISC 00103,synth misc 00103,411,CLIENTI,Activ,1,2025-02-28,2025-02-28
SYNTH COMPANY 051 SRL,SYNTH OFFICE 00155,synth office 00155,625,"CHELT. CU DEPLASARI, DETASARI",Cheltuieli,9,2024-10-07,2026-05-04
SYNTH COMPANY 051 SRL,SYNTH MAINTENANCE 00639,synth maintenance 00639,635,"CHELT. CU ALTE IMPOZITE, TAXE",Cheltuieli,3,2024-11-24,2025-11-22
SYNTH COMPANY 051 SRL,SYNTH SERVICE 00332,synth service 00332,602,CHELT. CU MATERIALELE CONSUMABILE,Cheltuieli,2,2025-09-22,2025-11-22
SYNTH COMPANY 051 SRL,SYNTH MAINTENANCE 00373,synth maintenance 00373,612,"CHELT. CU REDEVENTELE, LOCATIILE DE GESTIUNE",Cheltuieli,2,2025-05-04,2025-11-22
SYNTH COMPANY 051 SRL,SYNTH UTILITY 00310,synth utility 00310,607,CHELT. PRIVIND MARFURILE,Cheltuieli,2,2024-06-17,2024-08-23
SYNTH COMPANY 051 SRL,SYNTH SERVICE 00797,synth service 00797,6022,CHELT. PRIVIND COMBUSTIBILUL,Cheltuieli,2,2024-06-17,2024-08-23
SYNTH COMPANY 051 SRL,SYNTH SERVICE 00370,synth service 00370,401,FURNIZORI,Pasiv,1,2024-10-07,2024-10-07
SYNTH COMPANY 051 SRL,SYNTH MAINTENANCE 01171,synth maintenance 01171,612,"CHELT. CU REDEVENTELE, LOCATIILE DE GESTIUNE",Cheltuieli,1,2025-09-24,2025-09-24
SYNTH COMPANY 051 SRL,SYNTH UTILITY 00748,synth utility 00748,609,REDUCERI COMERCIALE PRIMITE,Cheltuieli,3,2025-03-06,2025-12-13
SYNTH COMPANY 051 SRL,SYNTH RAW MATERIAL 00027,synth raw material 00027,4426,TVA DEDUCTIBILA,Activ,6,2024-06-13,2026-05-06
SYNTH COMPANY 051 SRL,SYNTH PACKAGING 00554,synth packaging 00554,613,CHELT. CU PRIMELE DE ASIGURARE,Cheltuieli,2,2024-09-26,2026-04-19
SYNTH COMPANY 051 SRL,SYNTH PACKAGING 01063,synth packaging 01063,401,FURNIZORI,Pasiv,1,2026-04-19,2026-04-19
SYNTH COMPANY 051 SRL,SYNTH MAINTENANCE 00257,synth maintenance 00257,701,VEN. DIN VANZAREA PROD. FINITE,Pasiv,6,2024-12-31,2026-01-30
SYNTH COMPANY 051 SRL,SYNTH RAW MATERIAL 00027,synth raw material 00027,612,"CHELT. CU REDEVENTELE, LOCATIILE DE GESTIUNE",Cheltuieli,1,2024-10-30,2024-10-30
SYNTH COMPANY 051 SRL,SYNTH OFFICE 01029,synth office 01029,601,CHELT. CU MATERIILE PRIME,Cheltuieli,1,2025-05-04,2025-05-04
SYNTH COMPANY 051 SRL,SYNTH SERVICE 00497,synth service 00497,6022,CHELT. PRIVIND COMBUSTIBILUL,Cheltuieli,1,2025-05-04,2025-05-04
SYNTH COMPANY 051 SRL,SYNTH FUEL 00544,synth fuel 00544,622,CHELT. CU COMISIOANELE SI ONORARIILE,Cheltuieli,1,2026-05-24,2026-05-24
SYNTH COMPANY 051 SRL,SYNTH MAINTENANCE 00373,synth maintenance 00373,607,CHELT. PRIVIND MARFURILE,Cheltuieli,1,2026-05-04,2026-05-04
SYNTH COMPANY 051 SRL,SYNTH PACKAGING 00442,synth packaging 00442,609,REDUCERI COMERCIALE PRIMITE,Cheltuieli,1,2026-03-21,2026-03-21
SYNTH COMPANY 051 SRL,SYNTH OFFICE 00718,synth office 00718,608,CHELT. PRIVIND AMBALAJELE,Cheltuieli,1,2026-05-06,2026-05-06
SYNTH COMPANY 051 SRL,SYNTH FUEL 00203,synth fuel 00203,607,CHELT. PRIVIND MARFURILE,Cheltuieli,1,2026-05-06,2026-05-06
SYNTH COMPANY 052 SRL,SYNTH UTILITY 01120,synth utility 01120,607,CHELT. PRIVIND MARFURILE,Cheltuieli,1,2025-10-11,2025-10-11
SYNTH COMPANY 052 SRL,SYNTH UTILITY 00709,synth utility 00709,608,CHELT. PRIVIND AMBALAJELE,Cheltuieli,1,2024-09-04,2024-09-04
SYNTH COMPANY 052 SRL,SYNTH MISC 00393,synth misc 00393,625,"CHELT. CU DEPLASARI, DETASARI",Cheltuieli,2,2024-07-21,2026-02-19
SYNTH COMPANY 052 SRL,SYNTH RAW MATERIAL 00110,synth raw material 00110,622,CHELT. CU COMISIOANELE SI ONORARIILE,Cheltuieli,1,2025-11-22,2025-11-22
SYNTH COMPANY 052 SRL,SYNTH PACKAGING 00324,synth packaging 00324,622,CHELT. CU COMISIOANELE SI ONORARIILE,Cheltuieli,1,2025-11-22,2025-11-22
SYNTH COMPANY 052 SRL,SYNTH UTILITY 00962,synth utility 00962,622,CHELT. CU COMISIOANELE SI ONORARIILE,Cheltuieli,1,2025-11-22,2025-11-22
SYNTH COMPANY 052 SRL,SYNTH SERVICE 00101,synth service 00101,607,CHELT. PRIVIND MARFURILE,Cheltuieli,6,2025-11-22,2026-06-24
SYNTH COMPANY 052 SRL,SYNTH MAINTENANCE 00576,synth maintenance 00576,605,CHELT. CU ENERGIA SI APA,Cheltuieli,2,2025-04-20,2025-11-22
SYNTH COMPANY 052 SRL,SYNTH RETAIL 00626,synth retail 00626,607,CHELT. PRIVIND MARFURILE,Cheltuieli,4,2025-04-20,2026-04-21
SYNTH COMPANY 052 SRL,SYNTH FUEL 00375,synth fuel 00375,602,CHELT. CU MATERIALELE CONSUMABILE,Cheltuieli,1,2025-11-29,2025-11-29
SYNTH COMPANY 052 SRL,SYNTH FUEL 01108,synth fuel 01108,605,CHELT. CU ENERGIA SI APA,Cheltuieli,2,2025-11-29,2026-01-30
SYNTH COMPANY 052 SRL,SYNTH SERVICE 00101,synth service 00101,6022,CHELT. PRIVIND COMBUSTIBILUL,Cheltuieli,1,2025-11-29,2025-11-29
SYNTH COMPANY 052 SRL,SYNTH SERVICE 00101,synth service 00101,608,CHELT. PRIVIND AMBALAJELE,Cheltuieli,5,2025-04-20,2026-06-24
SYNTH COMPANY 052 SRL,SYNTH SERVICE 00836,synth service 00836,602,CHELT. CU MATERIALELE CONSUMABILE,Cheltuieli,1,2025-04-20,2025-04-20
SYNTH COMPANY 052 SRL,SYNTH FUEL 00738,synth fuel 00738,612,"CHELT. CU REDEVENTELE, LOCATIILE DE GESTIUNE",Cheltuieli,1,2025-07-17,2025-07-17
SYNTH COMPANY 052 SRL,SYNTH SERVICE 00101,synth service 00101,602,CHELT. CU MATERIALELE CONSUMABILE,Cheltuieli,1,2026-01-30,2026-01-30
SYNTH COMPANY 052 SRL,SYNTH RAW MATERIAL 00935,synth raw material 00935,4427,TVA COLECTATA,Pasiv,1,2025-10-17,2025-10-17
SYNTH COMPANY 053 SRL,SYNTH RETAIL 00466,synth retail 00466,401,FURNIZORI,Pasiv,2,2025-03-25,2025-05-06
SYNTH COMPANY 053 SRL,SYNTH FUEL 00738,synth fuel 00738,612,"CHELT. CU REDEVENTELE, LOCATIILE DE GESTIUNE",Cheltuieli,6,2024-10-24,2026-05-08
SYNTH COMPANY 053 SRL,SYNTH RETAIL 00917,synth retail 00917,401,FURNIZORI,Pasiv,4,2024-07-13,2026-01-05
SYNTH COMPANY 053 SRL,SYNTH RETAIL 00917,synth retail 00917,613,CHELT. CU PRIMELE DE ASIGURARE,Cheltuieli,6,2024-06-25,2026-05-08
SYNTH COMPANY 053 SRL,SYNTH FUEL 00415,synth fuel 00415,704,VEN. DIN SERVICII PRESTATE,Pasiv,4,2025-06-18,2026-01-12
SYNTH COMPANY 053 SRL,SYNTH RETAIL 00081,synth retail 00081,704,VEN. DIN SERVICII PRESTATE,Pasiv,1,2026-01-12,2026-01-12
SYNTH COMPANY 053 SRL,SYNTH FUEL 00908,synth fuel 00908,4427,TVA COLECTATA,Pasiv,4,2025-10-03,2026-01-12
SYNTH COMPANY 053 SRL,SYNTH MAINTENANCE 00662,synth maintenance 00662,411,CLIENTI,Activ,1,2026-01-12,2026-01-12
SYNTH COMPANY 053 SRL,SYNTH RETAIL 00250,synth retail 00250,601,CHELT. CU MATERIILE PRIME,Cheltuieli,3,2025-03-25,2026-01-05
SYNTH COMPANY 053 SRL,SYNTH OFFICE 00499,synth office 00499,704,VEN. DIN SERVICII PRESTATE,Pasiv,2,2025-06-18,2026-02-19
SYNTH COMPANY 053 SRL,SYNTH TRANSPORT 00095,synth transport 00095,701,VEN. DIN VANZAREA PROD. FINITE,Pasiv,4,2025-06-18,2026-02-19
SYNTH COMPANY 053 SRL,SYNTH MISC 00404,synth misc 00404,6022,CHELT. PRIVIND COMBUSTIBILUL,Cheltuieli,5,2024-10-24,2026-05-08
SYNTH COMPANY 053 SRL,SYNTH RETAIL 00213,synth retail 00213,613,CHELT. CU PRIMELE DE ASIGURARE,Cheltuieli,3,2024-06-09,2026-05-08
SYNTH COMPANY 053 SRL,SYNTH OFFICE 00067,synth office 00067,612,"CHELT. CU REDEVENTELE, LOCATIILE DE GESTIUNE",Cheltuieli,2,2024-06-09,2025-11-22
SYNTH COMPANY 053 SRL,SYNTH RETAIL 00200,synth retail 00200,371,MARFURI,Activ,1,2024-06-09,2024-06-09
SYNTH COMPANY 053 SRL,SYNTH MAINTENANCE 00578,synth maintenance 00578,602,CHELT. CU MATERIALELE CONSUMABILE,Cheltuieli,1,2024-10-24,2024-10-24
SYNTH COMPANY 054 SRL,SYNTH RETAIL 01176,synth retail 01176,4427,TVA COLECTATA,Pasiv,4,2024-12-19,2025-06-20
SYNTH COMPANY 054 SRL,SYNTH RAW MATERIAL 00216,synth raw material 00216,628,ALTE CHELT. CU SERVICIILE EXECUTATE DE TERTI,Cheltuieli,6,2024-06-09,2025-10-19
SYNTH COMPANY 054 SRL,SYNTH SERVICE 00452,synth service 00452,608,CHELT. PRIVIND AMBALAJELE,Cheltuieli,2,2024-10-11,2025-10-19
SYNTH COMPANY 054 SRL,SYNTH SERVICE 00998,synth service 00998,612,"CHELT. CU REDEVENTELE, LOCATIILE DE GESTIUNE",Cheltuieli,1,2024-10-11,2024-10-11
SYNTH COMPANY 054 SRL,SYNTH TRANSPORT 00967,synth transport 00967,601,CHELT. CU MATERIILE PRIME,Cheltuieli,2,2024-06-23,2024-12-02
SYNTH COMPANY 054 SRL,SYNTH FUEL 00249,synth fuel 00249,605,CHELT. CU ENERGIA SI APA,Cheltuieli,1,2025-10-19,2025-10-19
SYNTH COMPANY 054 SRL,SYNTH RETAIL 00683,synth retail 00683,625,"CHELT. CU DEPLASARI, DETASARI",Cheltuieli,1,2025-10-19,2025-10-19
SYNTH COMPANY 054 SRL,SYNTH TRANSPORT 01094,synth transport 01094,625,"CHELT. CU DEPLASARI, DETASARI",Cheltuieli,3,2024-06-09,2024-12-02
SYNTH COMPANY 054 SRL,SYNTH FUEL 00968,synth fuel 00968,401,FURNIZORI,Pasiv,1,2024-06-09,2024-06-09
SYNTH COMPANY 054 SRL,SYNTH RETAIL 00683,synth retail 00683,401,FURNIZORI,Pasiv,1,2024-12-02,2024-12-02
SYNTH COMPANY 054 SRL,SYNTH UTILITY 01098,synth utility 01098,602,CHELT. CU MATERIALELE CONSUMABILE,Cheltuieli,1,2024-12-02,2024-12-02
SYNTH COMPANY 054 SRL,SYNTH MAINTENANCE 00983,synth maintenance 00983,4427,TVA COLECTATA,Pasiv,1,2024-12-19,2024-12-19
SYNTH COMPANY 054 SRL,SYNTH FUEL 00270,synth fuel 00270,707,VEN. DIN VANZAREA MARFURILOR,Pasiv,1,2024-12-19,2024-12-19
SYNTH COMPANY 054 SRL,SYNTH MISC 00953,synth misc 00953,701,VEN. DIN VANZAREA PROD. FINITE,Pasiv,1,2024-12-19,2024-12-19
SYNTH COMPANY 055 SRL,SYNTH PACKAGING 01025,synth packaging 01025,4427,TVA COLECTATA,Pasiv,6,2025-01-18,2025-11-19
SYNTH COMPANY 055 SRL,SYNTH OFFICE 00026,synth office 00026,707,VEN. DIN VANZAREA MARFURILOR,Pasiv,5,2025-01-18,2026-04-19
SYNTH COMPANY 055 SRL,SYNTH OFFICE 00779,synth office 00779,635,"CHELT. CU ALTE IMPOZITE, TAXE",Cheltuieli,2,2025-04-21,2025-09-11
SYNTH COMPANY 055 SRL,SYNTH OFFICE 00073,synth office 00073,371,MARFURI,Activ,10,2024-06-23,2026-01-21
SYNTH COMPANY 055 SRL,SYNTH SERVICE 00101,synth service 00101,607,CHELT. PRIVIND MARFURILE,Cheltuieli,11,2024-06-01,2025-10-05
SYNTH COMPANY 055 SRL,SYNTH SERVICE 00101,synth service 00101,608,CHELT. PRIVIND AMBALAJELE,Cheltuieli,2,2024-06-23,2024-06-23
SYNTH COMPANY 055 SRL,SYNTH RETAIL 00979,synth retail 00979,601,CHELT. CU MATERIILE PRIME,Cheltuieli,6,2024-06-01,2026-01-21
SYNTH COMPANY 055 SRL,SYNTH SERVICE 00101,synth service 00101,602,CHELT. CU MATERIALELE CONSUMABILE,Cheltuieli,2,2024-06-23,2025-10-05
SYNTH COMPANY 055 SRL,SYNTH RAW MATERIAL 00436,synth raw material 00436,704,VEN. DIN SERVICII PRESTATE,Pasiv,2,2025-05-11,2025-11-19
SYNTH COMPANY 055 SRL,SYNTH MAINTENANCE 00866,synth maintenance 00866,701,VEN. DIN VANZAREA PROD. FINITE,Pasiv,2,2025-05-11,2026-06-15
SYNTH COMPANY 055 SRL,SYNTH RETAIL 00890,synth retail 00890,622,CHELT. CU COMISIOANELE SI ONORARIILE,Cheltuieli,1,2024-07-31,2024-07-31
SYNTH COMPANY 055 SRL,SYNTH SERVICE 00101,synth service 00101,6022,CHELT. PRIVIND COMBUSTIBILUL,Cheltuieli,2,2024-07-31,2025-07-25
SYNTH COMPANY 055 SRL,SYNTH UTILITY 01037,synth utility 01037,704,VEN. DIN SERVICII PRESTATE,Pasiv,1,2026-01-05,2026-01-05
SYNTH COMPANY 055 SRL,SYNTH FUEL 00261,synth fuel 00261,4427,TVA COLECTATA,Pasiv,3,2025-09-26,2026-06-15
SYNTH COMPANY 056 SRL,SYNTH MAINTENANCE 00951,synth maintenance 00951,601,CHELT. CU MATERIILE PRIME,Cheltuieli,1,2024-09-11,2024-09-11
SYNTH COMPANY 056 SRL,SYNTH OFFICE 00073,synth office 00073,371,MARFURI,Activ,18,2024-07-15,2026-01-28
SYNTH COMPANY 056 SRL,SYNTH RAW MATERIAL 00463,synth raw material 00463,602,CHELT. CU MATERIALELE CONSUMABILE,Cheltuieli,1,2025-07-05,2025-07-05
SYNTH COMPANY 056 SRL,SYNTH OFFICE 00604,synth office 00604,6022,CHELT. PRIVIND COMBUSTIBILUL,Cheltuieli,2,2025-03-11,2025-07-18
SYNTH COMPANY 056 SRL,SYNTH FUEL 00047,synth fuel 00047,601,CHELT. CU MATERIILE PRIME,Cheltuieli,2,2024-09-17,2025-07-18
SYNTH COMPANY 056 SRL,SYNTH MAINTENANCE 00151,synth maintenance 00151,6022,CHELT. PRIVIND COMBUSTIBILUL,Cheltuieli,4,2024-10-11,2025-12-09
SYNTH COMPANY 056 SRL,SYNTH TRANSPORT 00443,synth transport 00443,612,"CHELT. CU REDEVENTELE, LOCATIILE DE GESTIUNE",Cheltuieli,3,2024-07-15,2025-07-22
SYNTH COMPANY 056 SRL,SYNTH MISC 00572,synth misc 00572,601,CHELT. CU MATERIILE PRIME,Cheltuieli,10,2024-09-07,2026-01-09
SYNTH COMPANY 056 SRL,SYNTH RETAIL 00611,synth retail 00611,635,"CHELT. CU ALTE IMPOZITE, TAXE",Cheltuieli,1,2025-06-16,2025-06-16
SYNTH COMPANY 056 SRL,SYNTH MISC 00780,synth misc 00780,411,CLIENTI,Activ,13,2024-06-23,2026-05-29
SYNTH COMPANY 056 SRL,SYNTH PACKAGING 00309,synth packaging 00309,411,CLIENTI,Activ,3,2024-06-23,2026-05-29
SYNTH COMPANY 056 SRL,SYNTH UTILITY 00669,synth utility 00669,707,VEN. DIN VANZAREA MARFURILOR,Pasiv,7,2024-06-23,2026-05-29
SYNTH COMPANY 056 SRL,SYNTH MAINTENANCE 01163,synth maintenance 01163,622,CHELT. CU COMISIOANELE SI ONORARIILE,Cheltuieli,3,2025-04-15,2026-01-09
SYNTH COMPANY 056 SRL,SYNTH TRANSPORT 00485,synth transport 00485,609,REDUCERI COMERCIALE PRIMITE,Cheltuieli,1,2026-01-09,2026-01-09
SYNTH COMPANY 056 SRL,SYNTH RAW MATERIAL 00910,synth raw material 00910,605,CHELT. CU ENERGIA SI APA,Cheltuieli,2,2024-09-17,2025-07-22
SYNTH COMPANY 056 SRL,SYNTH SERVICE 00312,synth service 00312,635,"CHELT. CU ALTE IMPOZITE, TAXE",Cheltuieli,2,2025-04-15,2025-07-22
SYNTH COMPANY 056 SRL,SYNTH MAINTENANCE 01159,synth maintenance 01159,612,"CHELT. CU REDEVENTELE, LOCATIILE DE GESTIUNE",Cheltuieli,1,2025-04-15,2025-04-15
SYNTH COMPANY 056 SRL,SYNTH MISC 00765,synth misc 00765,401,FURNIZORI,Pasiv,1,2024-09-14,2024-09-14
SYNTH COMPANY 056 SRL,SYNTH MISC 00993,synth misc 00993,4427,TVA COLECTATA,Pasiv,3,2025-04-11,2026-05-29
SYNTH COMPANY 057 SRL,SYNTH FUEL 00716,synth fuel 00716,601,CHELT. CU MATERIILE PRIME,Cheltuieli,19,2024-06-30,2025-11-23
SYNTH COMPANY 057 SRL,SYNTH OFFICE 01029,synth office 01029,601,CHELT. CU MATERIILE PRIME,Cheltuieli,1,2025-05-02,2025-05-02
SYNTH COMPANY 057 SRL,SYNTH RETAIL 00744,synth retail 00744,609,REDUCERI COMERCIALE PRIMITE,Cheltuieli,6,2024-10-19,2026-06-17
SYNTH COMPANY 057 SRL,SYNTH OFFICE 00127,synth office 00127,612,"CHELT. CU REDEVENTELE, LOCATIILE DE GESTIUNE",Cheltuieli,5,2024-07-05,2025-12-24
SYNTH COMPANY 057 SRL,SYNTH MISC 00264,synth misc 00264,4426,TVA DEDUCTIBILA,Activ,5,2024-10-19,2025-12-09
SYNTH COMPANY 057 SRL,SYNTH RETAIL 00331,synth retail 00331,613,CHELT. CU PRIMELE DE ASIGURARE,Cheltuieli,3,2024-07-05,2026-02-19
SYNTH COMPANY 057 SRL,SYNTH PACKAGING 00468,synth packaging 00468,613,CHELT. CU PRIMELE DE ASIGURARE,Cheltuieli,5,2024-07-28,2026-03-06
SYNTH COMPANY 057 SRL,SYNTH RETAIL 00021,synth retail 00021,602,CHELT. CU MATERIALELE CONSUMABILE,Cheltuieli,1,2025-06-02,2025-06-02
SYNTH COMPANY 057 SRL,SYNTH UTILITY 00914,synth utility 00914,635,"CHELT. CU ALTE IMPOZITE, TAXE",Cheltuieli,2,2024-08-17,2025-06-02
SYNTH COMPANY 057 SRL,SYNTH RETAIL 00070,synth retail 00070,401,FURNIZORI,Pasiv,6,2024-07-28,2025-10-05
SYNTH COMPANY 057 SRL,SYNTH OFFICE 00894,synth office 00894,4427,TVA COLECTATA,Pasiv,5,2024-06-01,2025-11-17
SYNTH COMPANY 057 SRL,SYNTH TRANSPORT 00297,synth transport 00297,707,VEN. DIN VANZAREA MARFURILOR,Pasiv,2,2024-11-30,2025-12-24
SYNTH COMPANY 057 SRL,SYNTH MISC 00953,synth misc 00953,707,VEN. DIN VANZAREA MARFURILOR,Pasiv,1,2025-12-24,2025-12-24
SYNTH COMPANY 057 SRL,SYNTH OFFICE 00320,synth office 00320,601,CHELT. CU MATERIILE PRIME,Cheltuieli,8,2024-07-05,2025-09-18
SYNTH COMPANY 057 SRL,SYNTH UTILITY 00469,synth utility 00469,622,CHELT. CU COMISIOANELE SI ONORARIILE,Cheltuieli,1,2025-10-05,2025-10-05
SYNTH COMPANY 057 SRL,SYNTH RAW MATERIAL 01089,synth raw material 01089,613,CHELT. CU PRIMELE DE ASIGURARE,Cheltuieli,2,2024-11-22,2025-02-20
SYNTH COMPANY 057 SRL,SYNTH FUEL 00566,synth fuel 00566,707,VEN. DIN VANZAREA MARFURILOR,Pasiv,3,2024-11-30,2025-11-17
SYNTH COMPANY 057 SRL,SYNTH RAW MATERIAL 01007,synth raw material 01007,628,ALTE CHELT. CU SERVICIILE EXECUTATE DE TERTI,Cheltuieli,2,2025-04-10,2025-09-18
SYNTH COMPANY 057 SRL,SYNTH MAINTENANCE 01110,synth maintenance 01110,612,"CHELT. CU REDEVENTELE, LOCATIILE DE GESTIUNE",Cheltuieli,2,2025-04-10,2025-12-24
SYNTH COMPANY 057 SRL,SYNTH UTILITY 00580,synth utility 00580,613,CHELT. CU PRIMELE DE ASIGURARE,Cheltuieli,1,2026-02-15,2026-02-15
SYNTH COMPANY 057 SRL,SYNTH OFFICE 00996,synth office 00996,628,ALTE CHELT. CU SERVICIILE EXECUTATE DE TERTI,Cheltuieli,2,2025-06-15,2025-09-18
SYNTH COMPANY 057 SRL,SYNTH PACKAGING 01145,synth packaging 01145,704,VEN. DIN SERVICII PRESTATE,Pasiv,1,2024-11-30,2024-11-30
SYNTH COMPANY 058 SRL,SYNTH MAINTENANCE 00257,synth maintenance 00257,701,VEN. DIN VANZAREA PROD. FINITE,Pasiv,40,2024-06-02,2026-04-03
SYNTH COMPANY 058 SRL,SYNTH RETAIL 00874,synth retail 00874,704,VEN. DIN SERVICII PRESTATE,Pasiv,5,2024-10-04,2026-03-23
SYNTH COMPANY 058 SRL,SYNTH PACKAGING 00858,synth packaging 00858,4427,TVA COLECTATA,Pasiv,12,2024-06-02,2026-01-25
SYNTH COMPANY 058 SRL,SYNTH FUEL 00382,synth fuel 00382,701,VEN. DIN VANZAREA PROD. FINITE,Pasiv,3,2024-12-23,2025-09-29
SYNTH COMPANY 058 SRL,SYNTH OFFICE 00050,synth office 00050,704,VEN. DIN SERVICII PRESTATE,Pasiv,3,2025-05-05,2026-04-03
SYNTH COMPANY 058 SRL,SYNTH OFFICE 01091,synth office 01091,605,CHELT. CU ENERGIA SI APA,Cheltuieli,40,2024-06-11,2026-06-11
SYNTH COMPANY 058 SRL,SYNTH RAW MATERIAL 00351,synth raw material 00351,602,CHELT. CU MATERIALELE CONSUMABILE,Cheltuieli,6,2024-08-20,2026-05-02
SYNTH COMPANY 058 SRL,SYNTH PACKAGING 00421,synth packaging 00421,401,FURNIZORI,Pasiv,9,2024-08-20,2026-03-23
SYNTH COMPANY 058 SRL,SYNTH MISC 00876,synth misc 00876,607,CHELT. PRIVIND MARFURILE,Cheltuieli,9,2024-08-02,2026-03-15
SYNTH COMPANY 058 SRL,SYNTH RETAIL 00630,synth retail 00630,608,CHELT. PRIVIND AMBALAJELE,Cheltuieli,10,2024-06-11,2026-05-11
SYNTH COMPANY 058 SRL,SYNTH MISC 00311,synth misc 00311,625,"CHELT. CU DEPLASARI, DETASARI",Cheltuieli,9,2024-10-27,2026-04-21
SYNTH COMPANY 058 SRL,SYNTH MISC 00700,synth misc 00700,613,CHELT. CU PRIMELE DE ASIGURARE,Cheltuieli,7,2024-06-28,2026-03-18
SYNTH COMPANY 058 SRL,SYNTH SERVICE 00768,synth service 00768,401,FURNIZORI,Pasiv,8,2024-11-01,2026-05-11
SYNTH COMPANY 058 SRL,SYNTH PACKAGING 00335,synth packaging 00335,609,REDUCERI COMERCIALE PRIMITE,Cheltuieli,4,2024-08-20,2025-11-09
SYNTH COMPANY 058 SRL,SYNTH MISC 00208,synth misc 00208,609,REDUCERI COMERCIALE PRIMITE,Cheltuieli,10,2024-07-02,2026-06-11
SYNTH COMPANY 058 SRL,SYNTH RETAIL 00735,synth retail 00735,602,CHELT. CU MATERIALELE CONSUMABILE,Cheltuieli,5,2025-07-25,2026-05-11
SYNTH COMPANY 058 SRL,SYNTH UTILITY 00036,synth utility 00036,601,CHELT. CU MATERIILE PRIME,Cheltuieli,2,2025-06-13,2026-03-15
SYNTH COMPANY 058 SRL,SYNTH SERVICE 00239,synth service 00239,707,VEN. DIN VANZAREA MARFURILOR,Pasiv,3,2025-01-14,2026-03-23
SYNTH COMPANY 058 SRL,SYNTH MAINTENANCE 00115,synth maintenance 00115,625,"CHELT. CU DEPLASARI, DETASARI",Cheltuieli,2,2025-06-13,2026-05-11
SYNTH COMPANY 058 SRL,SYNTH UTILITY 00846,synth utility 00846,371,MARFURI,Activ,1,2024-11-09,2024-11-09
SYNTH COMPANY 058 SRL,SYNTH FUEL 00273,synth fuel 00273,4427,TVA COLECTATA,Pasiv,2,2024-06-02,2026-01-25
SYNTH COMPANY 058 SRL,SYNTH PACKAGING 00243,synth packaging 00243,601,CHELT. CU MATERIILE PRIME,Cheltuieli,4,2024-08-20,2025-05-14
SYNTH COMPANY 058 SRL,SYNTH SERVICE 00987,synth service 00987,371,MARFURI,Activ,1,2024-08-02,2024-08-02
SYNTH COMPANY 058 SRL,SYNTH UTILITY 00340,synth utility 00340,635,"CHELT. CU ALTE IMPOZITE, TAXE",Cheltuieli,2,2024-12-15,2025-08-12
SYNTH COMPANY 058 SRL,SYNTH PACKAGING 00196,synth packaging 00196,401,FURNIZORI,Pasiv,2,2025-12-13,2026-03-23
SYNTH COMPANY 058 SRL,SYNTH UTILITY 00801,synth utility 00801,601,CHELT. CU MATERIILE PRIME,Cheltuieli,1,2025-05-14,2025-05-14
SYNTH COMPANY 059 SRL,SYNTH TRANSPORT 00627,synth transport 00627,704,VEN. DIN SERVICII PRESTATE,Pasiv,1,2025-12-24,2025-12-24
SYNTH COMPANY 059 SRL,SYNTH PACKAGING 00636,synth packaging 00636,701,VEN. DIN VANZAREA PROD. FINITE,Pasiv,3,2025-09-17,2026-06-01
SYNTH COMPANY 059 SRL,SYNTH UTILITY 00275,synth utility 00275,411,CLIENTI,Activ,1,2025-12-24,2025-12-24
SYNTH COMPANY 059 SRL,SYNTH RAW MATERIAL 00216,synth raw material 00216,628,ALTE CHELT. CU SERVICIILE EXECUTATE DE TERTI,Cheltuieli,1,2025-07-09,2025-07-09
SYNTH COMPANY 059 SRL,SYNTH RETAIL 00647,synth retail 00647,4426,TVA DEDUCTIBILA,Activ,2,2025-07-09,2026-06-21
SYNTH COMPANY 059 SRL,SYNTH RAW MATERIAL 01039,synth raw material 01039,701,VEN. DIN VANZAREA PROD. FINITE,Pasiv,1,2026-06-01,2026-06-01
SYNTH COMPANY 060 SRL,SYNTH MAINTENANCE 00205,synth maintenance 00205,628,ALTE CHELT. CU SERVICIILE EXECUTATE DE TERTI,Cheltuieli,2,2024-09-29,2026-05-17
SYNTH COMPANY 060 SRL,SYNTH FUEL 00667,synth fuel 00667,371,MARFURI,Activ,1,2024-09-29,2024-09-29
SYNTH COMPANY 060 SRL,SYNTH RAW MATERIAL 00984,synth raw material 00984,605,CHELT. CU ENERGIA SI APA,Cheltuieli,1,2026-05-17,2026-05-17
SYNTH COMPANY 060 SRL,SYNTH MISC 00393,synth misc 00393,625,"CHELT. CU DEPLASARI, DETASARI",Cheltuieli,2,2026-05-17,2026-05-17
SYNTH COMPANY 060 SRL,SYNTH UTILITY 00943,synth utility 00943,4426,TVA DEDUCTIBILA,Activ,2,2026-05-17,2026-05-17
