cui,company_name,product,direction,account_id,account_description,tax_code,ads,evidence_count
9900001,SYNTH COMPANY 001 SRL,synth maintenance 00545,PURCHASE,609,REDUCERI COMERCIALE PRIMITE,319545,1.0000,1
9900001,SYNTH COMPANY 001 SRL,synth office 01085,PURCHASE,4426,TVA DEDUCTIBILA,311085,1.0000,3
9900001,SYNTH COMPANY 001 SRL,synth raw material 01041,PURCHASE,609,REDUCERI COMERCIALE PRIMITE,305041,1.0000,5
9900001,SYNTH COMPANY 001 SRL,synth utility 01016,PURCHASE,605,CHELT. CU ENERGIA SI APA,319016,1.0000,7
9900001,SYNTH COMPANY 001 SRL,synth raw material 00027,PURCHASE,612,"CHELT. CU REDEVENTELE, LOCATIILE DE GESTIUNE",311027,1.0000,8
9900001,SYNTH COMPANY 001 SRL,synth utility 00135,PURCHASE,6022,CHELT. PRIVIND COMBUSTIBILUL,309135,1.0000,3
9900001,SYNTH COMPANY 001 SRL,synth misc 00054,PURCHASE,612,"CHELT. CU REDEVENTELE, LOCATIILE DE GESTIUNE",300054,1.0000,5
9900001,SYNTH COMPANY 001 SRL,synth office 00581,PURCHASE,608,CHELT. PRIVIND AMBALAJELE,311581,1.0000,1
9900001,SYNTH COMPANY 001 SRL,synth raw material 01045,SALE,701,VEN. DIN VANZAREA PROD. FINITE,319045,1.0000,7
9900001,SYNTH COMPANY 001 SRL,synth service 00239,SALE,701,VEN. DIN VANZAREA PROD. FINITE,319239,1.0000,5
9900001,SYNTH COMPANY 001 SRL,synth service 00787,SALE,707,VEN. DIN VANZAREA MARFURILOR,311787,1.0000,1
9900001,SYNTH COMPANY 001 SRL,synth packaging 00995,SALE,704,VEN. DIN SERVICII PRESTATE,321995,1.0000,2
9900001,SYNTH COMPANY 001 SRL,synth maintenance 01069,SALE,4427,TVA COLECTATA,311069,1.0000,2
9900001,SYNTH COMPANY 001 SRL,synth utility 00587,PURCHASE,628,ALTE CHELT. CU SERVICIILE EXECUTATE DE TERTI,311587,0.8571,7
9900001,SYNTH COMPANY 001 SRL,synth office 00284,PURCHASE,625,"CHELT. CU DEPLASARI, DETASARI",319284,1.0000,2
9900001,SYNTH COMPANY 001 SRL,synth packaging 01194,PURCHASE,4426,TVA DEDUCTIBILA,319194,1.0000,1
9900001,SYNTH COMPANY 001 SRL,synth retail 01130,SALE,707,VEN. DIN VANZAREA MARFURILOR,305130,1.0000,3
9900001,SYNTH COMPANY 001 SRL,synth packaging 00004,PURCHASE,6022,CHELT. PRIVIND COMBUSTIBILUL,300004,1.0000,1
9900001,SYNTH COMPANY 001 SRL,synth transport 00009,PURCHASE,625,"CHELT. CU DEPLASARI, DETASARI",305009,1.0000,1
9900001,SYNTH COMPANY 001 SRL,synth retail 00911,PURCHASE,371,MARFURI,300911,1.0000,1
9900001,SYNTH COMPANY 001 SRL,synth service 00389,PURCHASE,605,CHELT. CU ENERGIA SI APA,300389,1.0000,1
9900002,SYNTH COMPANY 002 SRL,synth service 00101,PURCHASE,607,CHELT. PRIVIND MARFURILE,309101,0.6207,29
9900002,SYNTH COMPANY 002 SRL,synth fuel 00441,PURCHASE,605,CHELT. CU ENERGIA SI APA,300441,1.0000,6
9900002,SYNTH COMPANY 002 SRL,synth fuel 00792,PURCHASE,6022,CHELT. PRIVIND COMBUSTIBILUL,321792,1.0000,6
9900002,SYNTH COMPANY 002 SRL,synth office 00959,SALE,411,CLIENTI,305959,1.0000,4
9900002,SYNTH COMPANY 002 SRL,synth utility 00946,SALE,4427,TVA COLECTATA,309946,1.0000,3
9900002,SYNTH COMPANY 002 SRL,synth misc 01118,SALE,701,VEN. DIN VANZAREA PROD. FINITE,305118,1.0000,2
9900002,SYNTH COMPANY 002 SRL,synth service 00381,PURCHASE,601,CHELT. CU MATERIILE PRIME,319381,1.0000,3
9900002,SYNTH COMPANY 002 SRL,synth retail 00484,PURCHASE,401,FURNIZORI,305484,1.0000,4
9900002,SYNTH COMPANY 002 SRL,synth retail 00136,PURCHASE,608,CHELT. PRIVIND AMBALAJELE,311136,1.0000,4
9900002,SYNTH COMPANY 002 SRL,synth fuel 00750,PURCHASE,628,ALTE CHELT. CU SERVICIILE EXECUTATE DE TERTI,319750,1.0000,2
9900002,SYNTH COMPANY 002 SRL,synth service 00201,PURCHASE,609,REDUCERI COMERCIALE PRIMITE,321201,1.0000,2
9900002,SYNTH COMPANY 002 SRL,synth misc 01042,PURCHASE,6022,CHELT. PRIVIND COMBUSTIBILUL,309042,1.0000,1
9900002,SYNTH COMPANY 002 SRL,synth service 00480,SALE,701,VEN. DIN VANZAREA PROD. FINITE,309480,1.0000,2
9900002,SYNTH COMPANY 002 SRL,synth maintenance 01121,PURCHASE,601,CHELT. CU MATERIILE PRIME,319121,1.0000,2
9900002,SYNTH COMPANY 002 SRL,synth office 00977,PURCHASE,622,CHELT. CU COMISIOANELE SI ONORARIILE,300977,1.0000,3
9900002,SYNTH COMPANY 002 SRL,synth packaging 00196,PURCHASE,401,FURNIZORI,311196,1.0000,2
9900002,SYNTH COMPANY 002 SRL,synth office 00499,SALE,4427,TVA COLECTATA,311499,1.0000,1
9900002,SYNTH COMPANY 002 SRL,synth retail 00629,PURCHASE,622,CHELT. CU COMISIOANELE SI ONORARIILE,319629,1.0000,2
9900003,SYNTH COMPANY 003 SRL,synth office 00927,PURCHASE,612,"CHELT. CU REDEVENTELE, LOCATIILE DE GESTIUNE",305927,1.0000,11
9900003,SYNTH COMPANY 003 SRL,synth office 00282,PURCHASE,612,"CHELT. CU REDEVENTELE, LOCATIILE DE GESTIUNE",305282,1.0000,21
9900003,SYNTH COMPANY 003 SRL,synth retail 00493,PURCHASE,628,ALTE CHELT. CU SERVICIILE EXECUTATE DE TERTI,311493,1.0000,300
9900003,SYNTH COMPANY 003 SRL,synth retail 00070,PURCHASE,608,CHELT. PRIVIND AMBALAJELE,321070,1.0000,45
9900003,SYNTH COMPANY 003 SRL,synth packaging 00094,PURCHASE,602,CHELT. CU MATERIALELE CONSUMABILE,309094,1.0000,43
9900003,SYNTH COMPANY 003 SRL,synth utility 01083,SALE,704,VEN. DIN SERVICII PRESTATE,309083,1.0000,192
9900003,SYNTH COMPANY 003 SRL,synth office 00841,SALE,411,CLIENTI,319841,1.0000,32
9900003,SYNTH COMPANY 003 SRL,synth retail 00932,PURCHASE,607,CHELT. PRIVIND MARFURILE,305932,1.0000,63
9900003,SYNTH COMPANY 003 SRL,synth service 00253,PURCHASE,602,CHELT. CU MATERIALELE CONSUMABILE,305253,1.0000,69
9900003,SYNTH COMPANY 003 SRL,synth packaging 00299,PURCHASE,608,CHELT. PRIVIND AMBALAJELE,311299,1.0000,12
9900003,SYNTH COMPANY 003 SRL,synth utility 00833,SALE,4427,TVA COLECTATA,300833,0.8000,10
9900003,SYNTH COMPANY 003 SRL,synth raw material 00601,SALE,4427,TVA COLECTATA,305601,1.0000,19
9900003,SYNTH COMPANY 003 SRL,synth misc 01191,PURCHASE,607,CHELT. PRIVIND MARFURILE,309191,1.0000,17
9900003,SYNTH COMPANY 003 SRL,synth utility 00914,PURCHASE,635,"CHELT. CU ALTE IMPOZITE, TAXE",311914,1.0000,28
9900003,SYNTH COMPANY 003 SRL,synth transport 00872,PURCHASE,607,CHELT. PRIVIND MARFURILE,311872,1.0000,25
9900003,SYNTH COMPANY 003 SRL,synth office 00928,PURCHASE,601,CHELT. CU MATERIILE PRIME,311928,1.0000,45
9900003,SYNTH COMPANY 003 SRL,synth office 00581,PURCHASE,605,CHELT. CU ENERGIA SI APA,311581,1.0000,18
9900003,SYNTH COMPANY 003 SRL,synth retail 01128,PURCHASE,628,ALTE CHELT. CU SERVICIILE EXECUTATE DE TERTI,311128,1.0000,5
9900003,SYNTH COMPANY 003 SRL,synth raw material 01015,SALE,704,VEN. DIN SERVICII PRESTATE,321015,1.0000,16
9900003,SYNTH COMPANY 003 SRL,synth packaging 00546,SALE,707,VEN. DIN VANZAREA MARFURILOR,300546,0.5000,12
9900003,SYNTH COMPANY 003 SRL,synth misc 00131,PURCHASE,613,CHELT. CU PRIMELE DE ASIGURARE,321131,1.0000,7
9900003,SYNTH COMPANY 003 SRL,synth maintenance 00664,PURCHASE,605,CHELT. CU ENERGIA SI APA,321664,1.0000,5
9900003,SYNTH COMPANY 003 SRL,synth office 00226,PURCHASE,628,ALTE CHELT. CU SERVICIILE EXECUTATE DE TERTI,300226,1.0000,2
9900003,SYNTH COMPANY 003 SRL,synth retail 01178,PURCHASE,609,REDUCERI COMERCIALE PRIMITE,309178,1.0000,5
9900003,SYNTH COMPANY 003 SRL,synth misc 00822,PURCHASE,635,"CHELT. CU ALTE IMPOZITE, TAXE",311822,1.0000,7
9900003,SYNTH COMPANY 003 SRL,synth retail 00971,SALE,701,VEN. DIN VANZAREA PROD. FINITE,321971,1.0000,4
9900003,SYNTH COMPANY 003 SRL,synth office 00499,SALE,707,VEN. DIN VANZAREA MARFURILOR,311499,1.0000,4
9900003,SYNTH COMPANY 003 SRL,synth service 00389,PURCHASE,613,CHELT. CU PRIMELE DE ASIGURARE,300389,1.0000,9
9900004,SYNTH COMPANY 004 SRL,synth transport 00232,PURCHASE,625,"CHELT. CU DEPLASARI, DETASARI",300232,1.0000,6
9900004,SYNTH COMPANY 004 SRL,synth raw material 00027,PURCHASE,612,"CHELT. CU REDEVENTELE, LOCATIILE DE GESTIUNE",311027,1.0000,12
9900004,SYNTH COMPANY 004 SRL,synth maintenance 00939,PURCHASE,605,CHELT. CU ENERGIA SI APA,311939,1.0000,1
9900004,SYNTH COMPANY 004 SRL,synth maintenance 01121,PURCHASE,601,CHELT. CU MATERIILE PRIME,319121,1.0000,4
9900004,SYNTH COMPANY 004 SRL,synth retail 00615,PURCHASE,401,FURNIZORI,309615,1.0000,1
9900004,SYNTH COMPANY 004 SRL,synth fuel 00907,SALE,411,CLIENTI,309907,1.0000,1
9900004,SYNTH COMPANY 004 SRL,synth utility 00473,SALE,707,VEN. DIN VANZAREA MARFURILOR,319473,1.0000,6
9900004,SYNTH COMPANY 004 SRL,synth utility 00159,PURCHASE,4426,TVA DEDUCTIBILA,321159,1.0000,3
9900004,SYNTH COMPANY 004 SRL,synth packaging 00421,PURCHASE,609,REDUCERI COMERCIALE PRIMITE,309421,1.0000,4
9900004,SYNTH COMPANY 004 SRL,synth raw material 00854,PURCHASE,628,ALTE CHELT. CU SERVICIILE EXECUTATE DE TERTI,309854,1.0000,8
9900004,SYNTH COMPANY 004 SRL,synth service 00192,PURCHASE,622,CHELT. CU COMISIOANELE SI ONORARIILE,300192,1.0000,2
9900004,SYNTH COMPANY 004 SRL,synth transport 00193,PURCHASE,601,CHELT. CU MATERIILE PRIME,300193,1.0000,2
9900004,SYNTH COMPANY 004 SRL,synth service 00497,PURCHASE,628,ALTE CHELT. CU SERVICIILE EXECUTATE DE TERTI,309497,1.0000,2
9900004,SYNTH COMPANY 004 SRL,synth service 00818,PURCHASE,602,CHELT. CU MATERIALELE CONSUMABILE,300818,1.0000,1
9900004,SYNTH COMPANY 004 SRL,synth fuel 00333,PURCHASE,628,ALTE CHELT. CU SERVICIILE EXECUTATE DE TERTI,319333,1.0000,3
9900004,SYNTH COMPANY 004 SRL,synth packaging 00173,PURCHASE,625,"CHELT. CU DEPLASARI, DETASARI",300173,1.0000,2
9900004,SYNTH COMPANY 004 SRL,synth maintenance 00806,PURCHASE,6022,CHELT. PRIVIND COMBUSTIBILUL,309806,1.0000,2
9900004,SYNTH COMPANY 004 SRL,synth misc 00778,PURCHASE,613,CHELT. CU PRIMELE DE ASIGURARE,321778,1.0000,1
9900004,SYNTH COMPANY 004 SRL,synth raw material 00405,SALE,707,VEN. DIN VANZAREA MARFURILOR,321405,1.0000,1
9900004,SYNTH COMPANY 004 SRL,synth transport 00231,SALE,707,VEN. DIN VANZAREA MARFURILOR,305231,1.0000,1
9900004,SYNTH COMPANY 004 SRL,synth service 00055,SALE,707,VEN. DIN VANZAREA MARFURILOR,300055,1.0000,1
9900004,SYNTH COMPANY 004 SRL,synth service 00736,PURCHASE,605,CHELT. CU ENERGIA SI APA,319736,1.0000,1
9900004,SYNTH COMPANY 004 SRL,synth misc 01081,PURCHASE,635,"CHELT. CU ALTE IMPOZITE, TAXE",300081,1.0000,1
9900004,SYNTH COMPANY 004 SRL,synth office 00225,PURCHASE,622,CHELT. CU COMISIOANELE SI ONORARIILE,300225,1.0000,1
9900005,SYNTH COMPANY 005 SRL,synth office 00654,PURCHASE,401,FURNIZORI,309654,1.0000,5
9900005,SYNTH COMPANY 005 SRL,synth utility 00749,PURCHASE,608,CHELT. PRIVIND AMBALAJELE,300749,1.0000,10
9900005,SYNTH COMPANY 005 SRL,synth retail 00164,SALE,411,CLIENTI,321164,1.0000,25
9900005,SYNTH COMPANY 005 SRL,synth service 00055,SALE,707,VEN. DIN VANZAREA MARFURILOR,300055,1.0000,4
9900005,SYNTH COMPANY 005 SRL,synth service 00332,PURCHASE,602,CHELT. CU MATERIALELE CONSUMABILE,300332,0.6000,10
9900005,SYNTH COMPANY 005 SRL,synth office 00635,PURCHASE,601,CHELT. CU MATERIILE PRIME,321635,1.0000,27
9900005,SYNTH COMPANY 005 SRL,synth utility 00657,SALE,4427,TVA COLECTATA,305657,1.0000,1
9900005,SYNTH COMPANY 005 SRL,synth packaging 00658,SALE,704,VEN. DIN SERVICII PRESTATE,309658,1.0000,7
9900005,SYNTH COMPANY 005 SRL,synth utility 00878,PURCHASE,4426,TVA DEDUCTIBILA,321878,0.5556,9
9900005,SYNTH COMPANY 005 SRL,synth raw material 00761,PURCHASE,625,"CHELT. CU DEPLASARI, DETASARI",300761,1.0000,2
9900005,SYNTH COMPANY 005 SRL,synth service 00211,PURCHASE,613,CHELT. CU PRIMELE DE ASIGURARE,309211,1.0000,4
9900005,SYNTH COMPANY 005 SRL,synth office 01155,PURCHASE,612,"CHELT. CU REDEVENTELE, LOCATIILE DE GESTIUNE",305155,1.0000,7
9900005,SYNTH COMPANY 005 SRL,synth raw material 00935,SALE,707,VEN. DIN VANZAREA MARFURILOR,311935,1.0000,14
9900005,SYNTH COMPANY 005 SRL,synth maintenance 01110,PURCHASE,612,"CHELT. CU REDEVENTELE, LOCATIILE DE GESTIUNE",309110,1.0000,5
9900005,SYNTH COMPANY 005 SRL,synth office 01087,PURCHASE,625,"CHELT. CU DEPLASARI, DETASARI",311087,0.8000,5
9900005,SYNTH COMPANY 005 SRL,synth fuel 00950,PURCHASE,602,CHELT. CU MATERIALELE CONSUMABILE,321950,1.0000,1
9900005,SYNTH COMPANY 005 SRL,synth transport 00366,PURCHASE,608,CHELT. PRIVIND AMBALAJELE,309366,1.0000,6
9900005,SYNTH COMPANY 005 SRL,synth misc 00425,PURCHASE,608,CHELT. PRIVIND AMBALAJELE,309425,1.0000,2
9900005,SYNTH COMPANY 005 SRL,synth misc 00042,PURCHASE,607,CHELT. PRIVIND MARFURILE,305042,0.5000,2
9900005,SYNTH COMPANY 005 SRL,synth misc 01191,PURCHASE,401,FURNIZORI,309191,1.0000,4
9900005,SYNTH COMPANY 005 SRL,synth raw material 00338,PURCHASE,613,CHELT. CU PRIMELE DE ASIGURARE,300338,1.0000,2
9900005,SYNTH COMPANY 005 SRL,synth misc 00840,PURCHASE,622,CHELT. CU COMISIOANELE SI ONORARIILE,300840,1.0000,1
9900005,SYNTH COMPANY 005 SRL,synth transport 00590,PURCHASE,625,"CHELT. CU DEPLASARI, DETASARI",319590,1.0000,1
9900006,SYNTH COMPANY 006 SRL,synth transport 00565,SALE,411,CLIENTI,319565,1.0000,10
9900006,SYNTH COMPANY 006 SRL,synth fuel 00402,PURCHASE,601,CHELT. CU MATERIILE PRIME,305402,1.0000,3
9900006,SYNTH COMPANY 006 SRL,synth office 00271,PURCHASE,625,"CHELT. CU DEPLASARI, DETASARI",321271,1.0000,6
9900006,SYNTH COMPANY 006 SRL,synth misc 00579,PURCHASE,613,CHELT. CU PRIMELE DE ASIGURARE,311579,1.0000,9
9900006,SYNTH COMPANY 006 SRL,synth transport 00334,PURCHASE,635,"CHELT. CU ALTE IMPOZITE, TAXE",319334,1.0000,2
9900006,SYNTH COMPANY 006 SRL,synth retail 00944,PURCHASE,609,REDUCERI COMERCIALE PRIMITE,311944,1.0000,11
9900006,SYNTH COMPANY 006 SRL,synth maintenance 00867,SALE,701,VEN. DIN VANZAREA PROD. FINITE,319867,1.0000,1
9900006,SYNTH COMPANY 006 SRL,synth packaging 00858,SALE,701,VEN. DIN VANZAREA PROD. FINITE,319858,1.0000,10
9900006,SYNTH COMPANY 006 SRL,synth transport 01062,SALE,411,CLIENTI,305062,1.0000,3
9900006,SYNTH COMPANY 006 SRL,synth misc 00393,PURCHASE,601,CHELT. CU MATERIILE PRIME,305393,1.0000,11
9900006,SYNTH COMPANY 006 SRL,synth office 00374,PURCHASE,6022,CHELT. PRIVIND COMBUSTIBILUL,305374,1.0000,2
9900006,SYNTH COMPANY 006 SRL,synth transport 00495,PURCHASE,371,MARFURI,300495,1.0000,2
9900006,SYNTH COMPANY 006 SRL,synth misc 01191,PURCHASE,607,CHELT. PRIVIND MARFURILE,309191,1.0000,4
9900006,SYNTH COMPANY 006 SRL,synth fuel 00756,PURCHASE,401,FURNIZORI,305756,1.0000,3
9900006,SYNTH COMPANY 006 SRL,synth fuel 00047,PURCHASE,612,"CHELT. CU REDEVENTELE, LOCATIILE DE GESTIUNE",305047,1.0000,5
9900006,SYNTH COMPANY 006 SRL,synth fuel 00762,PURCHASE,622,CHELT. CU COMISIOANELE SI ONORARIILE,300762,1.0000,2
9900006,SYNTH COMPANY 006 SRL,synth raw material 00365,PURCHASE,605,CHELT. CU ENERGIA SI APA,321365,1.0000,3
9900006,SYNTH COMPANY 006 SRL,synth maintenance 00605,PURCHASE,608,CHELT. PRIVIND AMBALAJELE,309605,1.0000,6
9900006,SYNTH COMPANY 006 SRL,synth utility 00227,PURCHASE,628,ALTE CHELT. CU SERVICIILE EXECUTATE DE TERTI,300227,1.0000,4
9900006,SYNTH COMPANY 006 SRL,synth fuel 00985,PURCHASE,6022,CHELT. PRIVIND COMBUSTIBILUL,309985,1.0000,1
9900006,SYNTH COMPANY 006 SRL,synth raw material 00265,PURCHASE,607,CHELT. PRIVIND MARFURILE,300265,1.0000,3
9900006,SYNTH COMPANY 006 SRL,synth packaging 00129,PURCHASE,6022,CHELT. PRIVIND COMBUSTIBILUL,319129,1.0000,3
9900006,SYNTH COMPANY 006 SRL,synth fuel 00968,PURCHASE,613,CHELT. CU PRIMELE DE ASIGURARE,300968,1.0000,1
9900006,SYNTH COMPANY 006 SRL,synth fuel 00481,SALE,707,VEN. DIN VANZAREA MARFURILOR,305481,1.0000,2
9900006,SYNTH COMPANY 006 SRL,synth maintenance 00545,PURCHASE,609,REDUCERI COMERCIALE PRIMITE,319545,1.0000,1
9900006,SYNTH COMPANY 006 SRL,synth raw material 01103,PURCHASE,602,CHELT. CU MATERIALELE CONSUMABILE,305103,1.0000,1
9900007,SYNTH COMPANY 007 SRL,synth maintenance 00594,PURCHASE,601,CHELT. CU MATERIILE PRIME,321594,1.0000,3
9900007,SYNTH COMPANY 007 SRL,synth packaging 01049,SALE,701,VEN. DIN VANZAREA PROD. FINITE,319049,1.0000,1
9900007,SYNTH COMPANY 007 SRL,synth fuel 00732,PURCHASE,605,CHELT. CU ENERGIA SI APA,319732,1.0000,2
9900007,SYNTH COMPANY 007 SRL,synth service 00980,PURCHASE,605,CHELT. CU ENERGIA SI APA,309980,1.0000,7
9900007,SYNTH COMPANY 007 SRL,synth utility 00398,PURCHASE,605,CHELT. CU ENERGIA SI APA,309398,1.0000,10
9900007,SYNTH COMPANY 007 SRL,synth raw material 00494,PURCHASE,601,CHELT. CU MATERIILE PRIME,300494,1.0000,8
9900007,SYNTH COMPANY 007 SRL,synth office 00604,PURCHASE,6022,CHELT. PRIVIND COMBUSTIBILUL,321604,1.0000,1
9900007,SYNTH COMPANY 007 SRL,synth office 00581,PURCHASE,608,CHELT. PRIVIND AMBALAJELE,311581,1.0000,3
9900007,SYNTH COMPANY 007 SRL,synth raw material 00216,PURCHASE,628,ALTE CHELT. CU SERVICIILE EXECUTATE DE TERTI,300216,1.0000,12
9900007,SYNTH COMPANY 007 SRL,synth transport 01057,PURCHASE,601,CHELT. CU MATERIILE PRIME,305057,1.0000,5
9900007,SYNTH COMPANY 007 SRL,synth fuel 01033,PURCHASE,371,MARFURI,309033,1.0000,1
9900007,SYNTH COMPANY 007 SRL,synth office 00014,PURCHASE,635,"CHELT. CU ALTE IMPOZITE, TAXE",319014,1.0000,7
9900007,SYNTH COMPANY 007 SRL,synth transport 00343,PURCHASE,635,"CHELT. CU ALTE IMPOZITE, TAXE",305343,1.0000,1
9900007,SYNTH COMPANY 007 SRL,synth transport 00064,PURCHASE,612,"CHELT. CU REDEVENTELE, LOCATIILE DE GESTIUNE",305064,1.0000,1
9900007,SYNTH COMPANY 007 SRL,synth maintenance 00049,PURCHASE,628,ALTE CHELT. CU SERVICIILE EXECUTATE DE TERTI,300049,1.0000,3
9900007,SYNTH COMPANY 007 SRL,synth misc 00154,PURCHASE,6022,CHELT. PRIVIND COMBUSTIBILUL,305154,1.0000,3
9900007,SYNTH COMPANY 007 SRL,synth utility 00080,SALE,701,VEN. DIN VANZAREA PROD. FINITE,311080,1.0000,4
9900007,SYNTH COMPANY 007 SRL,synth service 00651,SALE,411,CLIENTI,319651,1.0000,2
9900007,SYNTH COMPANY 007 SRL,synth misc 00125,SALE,704,VEN. DIN SERVICII PRESTATE,321125,1.0000,3
9900007,SYNTH COMPANY 007 SRL,synth packaging 00194,SALE,4427,TVA COLECTATA,305194,1.0000,1
9900007,SYNTH COMPANY 007 SRL,synth retail 00021,PURCHASE,613,CHELT. CU PRIMELE DE ASIGURARE,311021,1.0000,1
9900007,SYNTH COMPANY 007 SRL,synth utility 00190,PURCHASE,625,"CHELT. CU DEPLASARI, DETASARI",300190,1.0000,1
9900008,SYNTH COMPANY 008 SRL,synth misc 00643,SALE,704,VEN. DIN SERVICII PRESTATE,300643,1.0000,31
9900008,SYNTH COMPANY 008 SRL,synth maintenance 00597,SALE,4427,TVA COLECTATA,309597,1.0000,3
9900008,SYNTH COMPANY 008 SRL,synth service 00239,SALE,707,VEN. DIN VANZAREA MARFURILOR,319239,1.0000,10
9900008,SYNTH COMPANY 008 SRL,synth misc 00346,PURCHASE,609,REDUCERI COMERCIALE PRIMITE,319346,1.0000,3
9900008,SYNTH COMPANY 008 SRL,synth misc 00269,SALE,704,VEN. DIN SERVICII PRESTATE,311269,1.0000,7
9900008,SYNTH COMPANY 008 SRL,synth transport 00457,PURCHASE,608,CHELT. PRIVIND AMBALAJELE,319457,1.0000,31
9900008,SYNTH COMPANY 008 SRL,synth misc 00393,PURCHASE,625,"CHELT. CU DEPLASARI, DETASARI",305393,1.0000,15
9900008,SYNTH COMPANY 008 SRL,synth packaging 00369,PURCHASE,628,ALTE CHELT. CU SERVICIILE EXECUTATE DE TERTI,309369,1.0000,16
9900008,SYNTH COMPANY 008 SRL,synth transport 00740,PURCHASE,608,CHELT. PRIVIND AMBALAJELE,309740,1.0000,4
9900008,SYNTH COMPANY 008 SRL,synth packaging 00970,SALE,704,VEN. DIN SERVICII PRESTATE,305970,1.0000,13
9900008,SYNTH COMPANY 008 SRL,synth raw material 00286,SALE,411,CLIENTI,311286,1.0000,3
9900008,SYNTH COMPANY 008 SRL,synth misc 00953,SALE,707,VEN. DIN VANZAREA MARFURILOR,319953,1.0000,3
9900008,SYNTH COMPANY 008 SRL,synth office 00616,PURCHASE,605,CHELT. CU ENERGIA SI APA,319616,1.0000,14
9900008,SYNTH COMPANY 008 SRL,synth maintenance 00472,PURCHASE,401,FURNIZORI,309472,1.0000,1
9900008,SYNTH COMPANY 008 SRL,synth raw material 01010,PURCHASE,6022,CHELT. PRIVIND COMBUSTIBILUL,309010,1.0000,13
9900008,SYNTH COMPANY 008 SRL,synth raw material 00596,PURCHASE,609,REDUCERI COMERCIALE PRIMITE,311596,0.5000,2
9900008,SYNTH COMPANY 008 SRL,synth utility 01016,PURCHASE,605,CHELT. CU ENERGIA SI APA,319016,1.0000,9
9900008,SYNTH COMPANY 008 SRL,synth maintenance 01184,SALE,4427,TVA COLECTATA,305184,1.0000,5
9900008,SYNTH COMPANY 008 SRL,synth retail 00715,PURCHASE,608,CHELT. PRIVIND AMBALAJELE,321715,1.0000,4
9900008,SYNTH COMPANY 008 SRL,synth fuel 00033,SALE,4427,TVA COLECTATA,311033,1.0000,1
9900008,SYNTH COMPANY 008 SRL,synth transport 01132,PURCHASE,612,"CHELT. CU REDEVENTELE, LOCATIILE DE GESTIUNE",311132,1.0000,2
9900008,SYNTH COMPANY 008 SRL,synth utility 00352,PURCHASE,601,CHELT. CU MATERIILE PRIME,311352,1.0000,2
9900008,SYNTH COMPANY 008 SRL,synth packaging 00784,PURCHASE,608,CHELT. PRIVIND AMBALAJELE,309784,1.0000,4
9900008,SYNTH COMPANY 008 SRL,synth maintenance 00545,PURCHASE,609,REDUCERI COMERCIALE PRIMITE,319545,1.0000,1
9900008,SYNTH COMPANY 008 SRL,synth misc 00542,PURCHASE,635,"CHELT. CU ALTE IMPOZITE, TAXE",311542,0.5000,6
9900009,SYNTH COMPANY 009 SRL,synth office 00023,PURCHASE,401,FURNIZORI,305023,1.0000,5
9900009,SYNTH COMPANY 009 SRL,synth service 00389,PURCHASE,613,CHELT. CU PRIMELE DE ASIGURARE,300389,1.0000,2
9900009,SYNTH COMPANY 009 SRL,synth misc 01175,PURCHASE,635,"CHELT. CU ALTE IMPOZITE, TAXE",311175,1.0000,2
9900009,SYNTH COMPANY 009 SRL,synth transport 00872,PURCHASE,602,CHELT. CU MATERIALELE CONSUMABILE,311872,1.0000,1
9900009,SYNTH COMPANY 009 SRL,synth utility 01016,PURCHASE,605,CHELT. CU ENERGIA SI APA,319016,1.0000,6
9900009,SYNTH COMPANY 009 SRL,synth fuel 00047,PURCHASE,635,"CHELT. CU ALTE IMPOZITE, TAXE",305047,1.0000,5
9900009,SYNTH COMPANY 009 SRL,synth utility 00655,SALE,411,CLIENTI,321655,1.0000,4
9900009,SYNTH COMPANY 009 SRL,synth utility 00914,PURCHASE,635,"CHELT. CU ALTE IMPOZITE, TAXE",311914,1.0000,3
9900009,SYNTH COMPANY 009 SRL,synth maintenance 01159,PURCHASE,612,"CHELT. CU REDEVENTELE, LOCATIILE DE GESTIUNE",321159,1.0000,2
9900009,SYNTH COMPANY 009 SRL,synth transport 01080,PURCHASE,625,"CHELT. CU DEPLASARI, DETASARI",319080,1.0000,3
9900009,SYNTH COMPANY 009 SRL,synth retail 00642,PURCHASE,4426,TVA DEDUCTIBILA,300642,1.0000,2
9900009,SYNTH COMPANY 009 SRL,synth retail 00327,PURCHASE,605,CHELT. CU ENERGIA SI APA,321327,1.0000,2
9900009,SYNTH COMPANY 009 SRL,synth packaging 00355,SALE,411,CLIENTI,321355,1.0000,3
9900009,SYNTH COMPANY 009 SRL,synth raw material 01015,SALE,704,VEN. DIN SERVICII PRESTATE,321015,1.0000,2
9900010,SYNTH COMPANY 010 SRL,synth office 00407,PURCHASE,601,CHELT. CU MATERIILE PRIME,311407,1.0000,216
9900010,SYNTH COMPANY 010 SRL,synth fuel 00895,SALE,411,CLIENTI,305895,1.0000,23
9900010,SYNTH COMPANY 010 SRL,synth retail 00757,SALE,4427,TVA COLECTATA,319757,0.9688,32
9900010,SYNTH COMPANY 010 SRL,synth raw material 00353,SALE,4427,TVA COLECTATA,300353,0.9655,29
9900010,SYNTH COMPANY 010 SRL,synth service 00122,SALE,704,VEN. DIN SERVICII PRESTATE,311122,1.0000,58
9900010,SYNTH COMPANY 010 SRL,synth raw material 00069,SALE,411,CLIENTI,305069,1.0000,50
9900010,SYNTH COMPANY 010 SRL,synth utility 00504,PURCHASE,625,"CHELT. CU DEPLASARI, DETASARI",300504,1.0000,18
9900010,SYNTH COMPANY 010 SRL,synth misc 00163,PURCHASE,613,CHELT. CU PRIMELE DE ASIGURARE,300163,1.0000,16
9900010,SYNTH COMPANY 010 SRL,synth fuel 00481,SALE,704,VEN. DIN SERVICII PRESTATE,305481,1.0000,16
9900010,SYNTH COMPANY 010 SRL,synth retail 00132,SALE,411,CLIENTI,319132,1.0000,20
9900010,SYNTH COMPANY 010 SRL,synth utility 00812,PURCHASE,605,CHELT. CU ENERGIA SI APA,311812,1.0000,24
9900010,SYNTH COMPANY 010 SRL,synth service 00804,PURCHASE,401,FURNIZORI,321804,1.0000,15
9900010,SYNTH COMPANY 010 SRL,synth office 01087,PURCHASE,4426,TVA DEDUCTIBILA,311087,1.0000,28
9900010,SYNTH COMPANY 010 SRL,synth office 01032,PURCHASE,607,CHELT. PRIVIND MARFURILE,309032,1.0000,69
9900010,SYNTH COMPANY 010 SRL,synth utility 00800,PURCHASE,6022,CHELT. PRIVIND COMBUSTIBILUL,319800,1.0000,14
9900010,SYNTH COMPANY 010 SRL,synth retail 00620,PURCHASE,635,"CHELT. CU ALTE IMPOZITE, TAXE",321620,1.0000,5
9900010,SYNTH COMPANY 010 SRL,synth maintenance 01121,PURCHASE,601,CHELT. CU MATERIILE PRIME,319121,1.0000,34
9900010,SYNTH COMPANY 010 SRL,synth retail 00744,PURCHASE,601,CHELT. CU MATERIILE PRIME,319744,1.0000,10
9900010,SYNTH COMPANY 010 SRL,synth fuel 00273,SALE,4427,TVA COLECTATA,305273,1.0000,11
9900010,SYNTH COMPANY 010 SRL,synth utility 00469,PURCHASE,625,"CHELT. CU DEPLASARI, DETASARI",321469,0.7500,12
9900010,SYNTH COMPANY 010 SRL,synth utility 00450,PURCHASE,613,CHELT. CU PRIMELE DE ASIGURARE,309450,1.0000,20
9900010,SYNTH COMPANY 010 SRL,synth retail 00447,PURCHASE,609,REDUCERI COMERCIALE PRIMITE,321447,1.0000,91
9900010,SYNTH COMPANY 010 SRL,synth service 00454,SALE,701,VEN. DIN VANZAREA PROD. FINITE,309454,1.0000,21
9900010,SYNTH COMPANY 010 SRL,synth office 01155,PURCHASE,601,CHELT. CU MATERIILE PRIME,305155,1.0000,17
9900010,SYNTH COMPANY 010 SRL,synth utility 00914,PURCHASE,635,"CHELT. CU ALTE IMPOZITE, TAXE",311914,1.0000,14
9900010,SYNTH COMPANY 010 SRL,synth retail 00642,PURCHASE,608,CHELT. PRIVIND AMBALAJELE,300642,1.0000,6
9900010,SYNTH COMPANY 010 SRL,synth packaging 00299,PURCHASE,612,"CHELT. CU REDEVENTELE, LOCATIILE DE GESTIUNE",311299,1.0000,6
9900010,SYNTH COMPANY 010 SRL,synth packaging 00825,SALE,704,VEN. DIN SERVICII PRESTATE,311825,1.0000,14
9900010,SYNTH COMPANY 010 SRL,synth fuel 00539,PURCHASE,612,"CHELT. CU REDEVENTELE, LOCATIILE DE GESTIUNE",305539,1.0000,4
9900010,SYNTH COMPANY 010 SRL,synth raw material 00837,PURCHASE,612,"CHELT. CU REDEVENTELE, LOCATIILE DE GESTIUNE",300837,1.0000,11
9900010,SYNTH COMPANY 010 SRL,synth office 00439,PURCHASE,625,"CHELT. CU DEPLASARI, DETASARI",300439,1.0000,13
9900010,SYNTH COMPANY 010 SRL,synth office 00561,PURCHASE,6022,CHELT. PRIVIND COMBUSTIBILUL,311561,1.0000,4
9900010,SYNTH COMPANY 010 SRL,synth fuel 00470,PURCHASE,613,CHELT. CU PRIMELE DE ASIGURARE,321470,1.0000,6
9900010,SYNTH COMPANY 010 SRL,synth office 01124,PURCHASE,625,"CHELT. CU DEPLASARI, DETASARI",321124,1.0000,4
9900010,SYNTH COMPANY 010 SRL,synth raw material 00573,PURCHASE,628,ALTE CHELT. CU SERVICIILE EXECUTATE DE TERTI,321573,1.0000,12
9900010,SYNTH COMPANY 010 SRL,synth raw material 00893,PURCHASE,635,"CHELT. CU ALTE IMPOZITE, TAXE",321893,1.0000,7
9900010,SYNTH COMPANY 010 SRL,synth misc 00315,PURCHASE,628,ALTE CHELT. CU SERVICIILE EXECUTATE DE TERTI,305315,1.0000,9
9900010,SYNTH COMPANY 010 SRL,synth office 00209,PURCHASE,612,"CHELT. CU REDEVENTELE, LOCATIILE DE GESTIUNE",321209,1.0000,3
9900010,SYNTH COMPANY 010 SRL,synth maintenance 00656,PURCHASE,609,REDUCERI COMERCIALE PRIMITE,300656,1.0000,5
9900010,SYNTH COMPANY 010 SRL,synth raw material 00829,PURCHASE,371,MARFURI,309829,1.0000,5
9900010,SYNTH COMPANY 010 SRL,synth transport 01132,PURCHASE,612,"CHELT. CU REDEVENTELE, LOCATIILE DE GESTIUNE",300132,1.0000,2
9900010,SYNTH COMPANY 010 SRL,synth maintenance 00345,PURCHASE,609,REDUCERI COMERCIALE PRIMITE,321345,1.0000,4
9900010,SYNTH COMPANY 010 SRL,synth service 00278,SALE,704,VEN. DIN SERVICII PRESTATE,309278,1.0000,7
9900011,SYNTH COMPANY 011 SRL,synth packaging 00619,SALE,707,VEN. DIN VANZAREA MARFURILOR,321619,1.0000,25
9900011,SYNTH COMPANY 011 SRL,synth misc 00912,SALE,701,VEN. DIN VANZAREA PROD. FINITE,319912,1.0000,8
9900011,SYNTH COMPANY 011 SRL,synth fuel 00738,PURCHASE,612,"CHELT. CU REDEVENTELE, LOCATIILE DE GESTIUNE",305738,1.0000,6
9900011,SYNTH COMPANY 011 SRL,synth utility 00537,PURCHASE,612,"CHELT. CU REDEVENTELE, LOCATIILE DE GESTIUNE",321537,1.0000,11
9900011,SYNTH COMPANY 011 SRL,synth maintenance 00049,PURCHASE,612,"CHELT. CU REDEVENTELE, LOCATIILE DE GESTIUNE",300049,1.0000,3
9900011,SYNTH COMPANY 011 SRL,synth fuel 01158,PURCHASE,612,"CHELT. CU REDEVENTELE, LOCATIILE DE GESTIUNE",305158,1.0000,8
9900011,SYNTH COMPANY 011 SRL,synth fuel 00844,PURCHASE,608,CHELT. PRIVIND AMBALAJELE,319844,1.0000,3
9900011,SYNTH COMPANY 011 SRL,synth office 00811,PURCHASE,401,FURNIZORI,311811,1.0000,14
9900011,SYNTH COMPANY 011 SRL,synth service 00452,PURCHASE,601,CHELT. CU MATERIILE PRIME,311452,1.0000,3
9900011,SYNTH COMPANY 011 SRL,synth transport 00955,PURCHASE,4426,TVA DEDUCTIBILA,321955,1.0000,2
9900011,SYNTH COMPANY 011 SRL,synth utility 00962,PURCHASE,608,CHELT. PRIVIND AMBALAJELE,309962,1.0000,5
9900011,SYNTH COMPANY 011 SRL,synth office 00177,PURCHASE,371,MARFURI,305177,1.0000,1
9900011,SYNTH COMPANY 011 SRL,synth raw material 00503,PURCHASE,609,REDUCERI COMERCIALE PRIMITE,321503,1.0000,3
9900011,SYNTH COMPANY 011 SRL,synth raw material 00494,PURCHASE,602,CHELT. CU MATERIALELE CONSUMABILE,300494,1.0000,4
9900011,SYNTH COMPANY 011 SRL,synth misc 00344,PURCHASE,401,FURNIZORI,300344,1.0000,6
9900011,SYNTH COMPANY 011 SRL,synth utility 00785,PURCHASE,612,"CHELT. CU REDEVENTELE, LOCATIILE DE GESTIUNE",319785,1.0000,3
9900011,SYNTH COMPANY 011 SRL,synth misc 00116,PURCHASE,605,CHELT. CU ENERGIA SI APA,300116,1.0000,6
9900011,SYNTH COMPANY 011 SRL,synth fuel 00570,PURCHASE,371,MARFURI,319570,0.6667,3
9900011,SYNTH COMPANY 011 SRL,synth raw material 00357,PURCHASE,371,MARFURI,319357,1.0000,2
9900011,SYNTH COMPANY 011 SRL,synth office 00581,PURCHASE,608,CHELT. PRIVIND AMBALAJELE,311581,1.0000,4
9900011,SYNTH COMPANY 011 SRL,synth office 01029,PURCHASE,601,CHELT. CU MATERIILE PRIME,300029,1.0000,1
9900012,SYNTH COMPANY 012 SRL,synth fuel 00952,PURCHASE,605,CHELT. CU ENERGIA SI APA,305952,1.0000,1
9900012,SYNTH COMPANY 012 SRL,synth office 00140,PURCHASE,6022,CHELT. PRIVIND COMBUSTIBILUL,321140,0.6667,3
9900012,SYNTH COMPANY 012 SRL,synth raw material 00027,PURCHASE,612,"CHELT. CU REDEVENTELE, LOCATIILE DE GESTIUNE",311027,1.0000,5
9900012,SYNTH COMPANY 012 SRL,synth raw material 00186,PURCHASE,401,FURNIZORI,311186,1.0000,3
9900012,SYNTH COMPANY 012 SRL,synth office 01013,PURCHASE,608,CHELT. PRIVIND AMBALAJELE,305013,1.0000,1
9900012,SYNTH COMPANY 012 SRL,synth misc 00759,SALE,704,VEN. DIN SERVICII PRESTATE,321759,1.0000,1
9900012,SYNTH COMPANY 012 SRL,synth misc 00448,PURCHASE,6022,CHELT. PRIVIND COMBUSTIBILUL,311448,1.0000,1
9900013,SYNTH COMPANY 013 SRL,synth packaging 00379,SALE,411,CLIENTI,321379,1.0000,5
9900013,SYNTH COMPANY 013 SRL,synth fuel 00187,SALE,411,CLIENTI,309187,0.5000,2
9900013,SYNTH COMPANY 013 SRL,synth office 00407,PURCHASE,613,CHELT. CU PRIMELE DE ASIGURARE,311407,1.0000,5
9900013,SYNTH COMPANY 013 SRL,synth misc 00404,PURCHASE,608,CHELT. PRIVIND AMBALAJELE,311404,1.0000,2
9900013,SYNTH COMPANY 013 SRL,synth utility 00962,PURCHASE,628,ALTE CHELT. CU SERVICIILE EXECUTATE DE TERTI,309962,1.0000,1
9900013,SYNTH COMPANY 013 SRL,synth raw material 00707,PURCHASE,613,CHELT. CU PRIMELE DE ASIGURARE,300707,1.0000,1
9900013,SYNTH COMPANY 013 SRL,synth office 01168,PURCHASE,4426,TVA DEDUCTIBILA,311168,1.0000,1
9900013,SYNTH COMPANY 013 SRL,synth raw material 00027,PURCHASE,612,"CHELT. CU REDEVENTELE, LOCATIILE DE GESTIUNE",311027,1.0000,2
9900013,SYNTH COMPANY 013 SRL,synth service 00595,SALE,411,CLIENTI,311595,1.0000,4
9900013,SYNTH COMPANY 013 SRL,synth misc 00509,PURCHASE,612,"CHELT. CU REDEVENTELE, LOCATIILE DE GESTIUNE",319509,1.0000,1
9900013,SYNTH COMPANY 013 SRL,synth retail 00391,PURCHASE,628,ALTE CHELT. CU SERVICIILE EXECUTATE DE TERTI,309391,1.0000,1
9900013,SYNTH COMPANY 013 SRL,synth maintenance 00770,PURCHASE,6022,CHELT. PRIVIND COMBUSTIBILUL,311770,1.0000,1
9900013,SYNTH COMPANY 013 SRL,synth office 00028,PURCHASE,612,"CHELT. CU REDEVENTELE, LOCATIILE DE GESTIUNE",305028,1.0000,1
9900013,SYNTH COMPANY 013 SRL,synth transport 00918,PURCHASE,601,CHELT. CU MATERIILE PRIME,311918,1.0000,1
9900014,SYNTH COMPANY 014 SRL,synth service 00742,PURCHASE,6022,CHELT. PRIVIND COMBUSTIBILUL,311742,1.0000,9
9900014,SYNTH COMPANY 014 SRL,synth office 00479,PURCHASE,608,CHELT. PRIVIND AMBALAJELE,309479,1.0000,5
9900014,SYNTH COMPANY 014 SRL,synth office 01087,PURCHASE,625,"CHELT. CU DEPLASARI, DETASARI",311087,1.0000,3
9900014,SYNTH COMPANY 014 SRL,synth utility 00962,PURCHASE,628,ALTE CHELT. CU SERVICIILE EXECUTATE DE TERTI,309962,1.0000,8
9900014,SYNTH COMPANY 014 SRL,synth transport 00031,PURCHASE,401,FURNIZORI,305031,1.0000,7
9900014,SYNTH COMPANY 014 SRL,synth utility 00794,PURCHASE,371,MARFURI,300794,1.0000,11
9900014,SYNTH COMPANY 014 SRL,synth retail 00525,PURCHASE,605,CHELT. CU ENERGIA SI APA,300525,1.0000,5
9900014,SYNTH COMPANY 014 SRL,synth maintenance 00414,PURCHASE,608,CHELT. PRIVIND AMBALAJELE,321414,1.0000,5
9900014,SYNTH COMPANY 014 SRL,synth service 00237,SALE,411,CLIENTI,319237,0.6667,3
9900014,SYNTH COMPANY 014 SRL,synth raw material 00463,PURCHASE,602,CHELT. CU MATERIALELE CONSUMABILE,300463,1.0000,1
9900014,SYNTH COMPANY 014 SRL,synth retail 00538,PURCHASE,401,FURNIZORI,300538,1.0000,1
9900014,SYNTH COMPANY 014 SRL,synth utility 01016,PURCHASE,6022,CHELT. PRIVIND COMBUSTIBILUL,319016,1.0000,3
9900014,SYNTH COMPANY 014 SRL,synth service 01071,SALE,704,VEN. DIN SERVICII PRESTATE,309071,1.0000,1
9900014,SYNTH COMPANY 014 SRL,synth packaging 00500,SALE,707,VEN. DIN VANZAREA MARFURILOR,321500,1.0000,1
9900014,SYNTH COMPANY 014 SRL,synth utility 00748,PURCHASE,609,REDUCERI COMERCIALE PRIMITE,319748,1.0000,1
9900014,SYNTH COMPANY 014 SRL,synth utility 01023,SALE,701,VEN. DIN VANZAREA PROD. FINITE,319023,1.0000,5
9900014,SYNTH COMPANY 014 SRL,synth utility 01195,SALE,701,VEN. DIN VANZAREA PROD. FINITE,305195,1.0000,2
9900014,SYNTH COMPANY 014 SRL,synth service 00713,PURCHASE,625,"CHELT. CU DEPLASARI, DETASARI",309713,1.0000,1
9900014,SYNTH COMPANY 014 SRL,synth retail 00337,PURCHASE,625,"CHELT. CU DEPLASARI, DETASARI",300337,1.0000,1
9900014,SYNTH COMPANY 014 SRL,synth packaging 00746,PURCHASE,371,MARFURI,319746,1.0000,1
9900014,SYNTH COMPANY 014 SRL,synth maintenance 00098,PURCHASE,4426,TVA DEDUCTIBILA,321098,1.0000,1
9900014,SYNTH COMPANY 014 SRL,synth service 00239,SALE,704,VEN. DIN SERVICII PRESTATE,319239,1.0000,3
9900014,SYNTH COMPANY 014 SRL,synth raw material 00307,SALE,704,VEN. DIN SERVICII PRESTATE,311307,1.0000,1
9900015,SYNTH COMPANY 015 SRL,synth utility 00843,PURCHASE,6022,CHELT. PRIVIND COMBUSTIBILUL,309843,1.0000,7
9900015,SYNTH COMPANY 015 SRL,synth fuel 00738,PURCHASE,612,"CHELT. CU REDEVENTELE, LOCATIILE DE GESTIUNE",305738,1.0000,8
9900015,SYNTH COMPANY 015 SRL,synth maintenance 01181,PURCHASE,622,CHELT. CU COMISIOANELE SI ONORARIILE,309181,1.0000,6
9900015,SYNTH COMPANY 015 SRL,synth service 00005,PURCHASE,4426,TVA DEDUCTIBILA,309005,1.0000,10
9900015,SYNTH COMPANY 015 SRL,synth utility 01074,SALE,4427,TVA COLECTATA,305074,1.0000,2
9900015,SYNTH COMPANY 015 SRL,synth fuel 01077,SALE,704,VEN. DIN SERVICII PRESTATE,300077,1.0000,2
9900015,SYNTH COMPANY 015 SRL,synth maintenance 00699,PURCHASE,622,CHELT. CU COMISIOANELE SI ONORARIILE,321699,1.0000,6
9900015,SYNTH COMPANY 015 SRL,synth packaging 00554,PURCHASE,609,REDUCERI COMERCIALE PRIMITE,321554,1.0000,6
9900015,SYNTH COMPANY 015 SRL,synth packaging 00134,PURCHASE,601,CHELT. CU MATERIILE PRIME,321134,1.0000,2
9900015,SYNTH COMPANY 015 SRL,synth utility 00982,PURCHASE,635,"CHELT. CU ALTE IMPOZITE, TAXE",309982,1.0000,6
9900015,SYNTH COMPANY 015 SRL,synth service 00753,PURCHASE,628,ALTE CHELT. CU SERVICIILE EXECUTATE DE TERTI,319753,1.0000,9
9900015,SYNTH COMPANY 015 SRL,synth transport 00130,SALE,411,CLIENTI,300130,1.0000,1
9900015,SYNTH COMPANY 015 SRL,synth misc 01190,SALE,707,VEN. DIN VANZAREA MARFURILOR,311190,1.0000,2
9900015,SYNTH COMPANY 015 SRL,synth raw material 01055,SALE,707,VEN. DIN VANZAREA MARFURILOR,300055,1.0000,2
9900015,SYNTH COMPANY 015 SRL,synth maintenance 00049,PURCHASE,628,ALTE CHELT. CU SERVICIILE EXECUTATE DE TERTI,300049,1.0000,2
9900015,SYNTH COMPANY 015 SRL,synth maintenance 00741,PURCHASE,605,CHELT. CU ENERGIA SI APA,321741,1.0000,2
9900015,SYNTH COMPANY 015 SRL,synth retail 01030,PURCHASE,6022,CHELT. PRIVIND COMBUSTIBILUL,309030,1.0000,2
9900015,SYNTH COMPANY 015 SRL,synth fuel 00756,PURCHASE,401,FURNIZORI,305756,1.0000,3
9900015,SYNTH COMPANY 015 SRL,synth packaging 00625,PURCHASE,622,CHELT. CU COMISIOANELE SI ONORARIILE,321625,1.0000,2
9900015,SYNTH COMPANY 015 SRL,synth raw material 00019,SALE,704,VEN. DIN SERVICII PRESTATE,309019,1.0000,1
9900015,SYNTH COMPANY 015 SRL,synth service 00017,PURCHASE,635,"CHELT. CU ALTE IMPOZITE, TAXE",311017,1.0000,5
9900015,SYNTH COMPANY 015 SRL,synth fuel 00849,PURCHASE,605,CHELT. CU ENERGIA SI APA,305849,1.0000,1
9900015,SYNTH COMPANY 015 SRL,synth packaging 01165,PURCHASE,6022,CHELT. PRIVIND COMBUSTIBILUL,305165,1.0000,1
9900016,SYNTH COMPANY 016 SRL,synth service 01133,PURCHASE,625,"CHELT. CU DEPLASARI, DETASARI",300133,1.0000,2
9900016,SYNTH COMPANY 016 SRL,synth office 00073,PURCHASE,608,CHELT. PRIVIND AMBALAJELE,305073,1.0000,12
9900016,SYNTH COMPANY 016 SRL,synth transport 00659,PURCHASE,602,CHELT. CU MATERIALELE CONSUMABILE,311659,1.0000,7
9900016,SYNTH COMPANY 016 SRL,synth maintenance 01180,PURCHASE,601,CHELT. CU MATERIILE PRIME,305180,1.0000,1
9900016,SYNTH COMPANY 016 SRL,synth misc 00533,PURCHASE,4426,TVA DEDUCTIBILA,311533,1.0000,2
9900016,SYNTH COMPANY 016 SRL,synth office 00177,PURCHASE,401,FURNIZORI,305177,1.0000,3
9900016,SYNTH COMPANY 016 SRL,synth service 00945,SALE,704,VEN. DIN SERVICII PRESTATE,319945,1.0000,14
9900016,SYNTH COMPANY 016 SRL,synth transport 00498,PURCHASE,635,"CHELT. CU ALTE IMPOZITE, TAXE",311498,1.0000,4
9900016,SYNTH COMPANY 016 SRL,synth misc 00889,SALE,411,CLIENTI,309889,1.0000,4
9900016,SYNTH COMPANY 016 SRL,synth office 01155,PURCHASE,601,CHELT. CU MATERIILE PRIME,305155,1.0000,4
9900016,SYNTH COMPANY 016 SRL,synth misc 01186,PURCHASE,371,MARFURI,309186,1.0000,1
9900016,SYNTH COMPANY 016 SRL,synth packaging 00636,SALE,701,VEN. DIN VANZAREA PROD. FINITE,309636,1.0000,10
9900016,SYNTH COMPANY 016 SRL,synth service 00288,SALE,4427,TVA COLECTATA,309288,1.0000,3
9900016,SYNTH COMPANY 016 SRL,synth maintenance 00545,PURCHASE,609,REDUCERI COMERCIALE PRIMITE,319545,1.0000,1
9900017,SYNTH COMPANY 017 SRL,synth service 00101,PURCHASE,607,CHELT. PRIVIND MARFURILE,309101,0.6585,41
9900017,SYNTH COMPANY 017 SRL,synth office 00407,PURCHASE,625,"CHELT. CU DEPLASARI, DETASARI",311407,1.0000,27
9900017,SYNTH COMPANY 017 SRL,synth office 00251,SALE,704,VEN. DIN SERVICII PRESTATE,321251,1.0000,7
9900017,SYNTH COMPANY 017 SRL,synth maintenance 00185,PURCHASE,628,ALTE CHELT. CU SERVICIILE EXECUTATE DE TERTI,311185,1.0000,1
9900017,SYNTH COMPANY 017 SRL,synth maintenance 00074,SALE,4427,TVA COLECTATA,319074,1.0000,15
9900017,SYNTH COMPANY 017 SRL,synth utility 00930,SALE,707,VEN. DIN VANZAREA MARFURILOR,309930,1.0000,2
9900017,SYNTH COMPANY 017 SRL,synth raw material 00638,PURCHASE,635,"CHELT. CU ALTE IMPOZITE, TAXE",309638,1.0000,3
9900017,SYNTH COMPANY 017 SRL,synth raw material 00032,PURCHASE,608,CHELT. PRIVIND AMBALAJELE,305032,1.0000,4
9900017,SYNTH COMPANY 017 SRL,synth misc 00725,PURCHASE,635,"CHELT. CU ALTE IMPOZITE, TAXE",309725,1.0000,4
9900017,SYNTH COMPANY 017 SRL,synth retail 00164,SALE,4427,TVA COLECTATA,321164,1.0000,2
9900017,SYNTH COMPANY 017 SRL,synth packaging 00146,PURCHASE,602,CHELT. CU MATERIALELE CONSUMABILE,309146,1.0000,2
9900017,SYNTH COMPANY 017 SRL,synth packaging 01047,PURCHASE,601,CHELT. CU MATERIILE PRIME,300047,1.0000,3
9900017,SYNTH COMPANY 017 SRL,synth service 00980,PURCHASE,4426,TVA DEDUCTIBILA,309980,1.0000,1
9900017,SYNTH COMPANY 017 SRL,synth retail 01147,PURCHASE,605,CHELT. CU ENERGIA SI APA,300147,1.0000,3
9900018,SYNTH COMPANY 018 SRL,synth retail 00022,PURCHASE,607,CHELT. PRIVIND MARFURILE,305022,1.0000,9
9900018,SYNTH COMPANY 018 SRL,synth transport 00386,PURCHASE,612,"CHELT. CU REDEVENTELE, LOCATIILE DE GESTIUNE",300386,1.0000,3
9900018,SYNTH COMPANY 018 SRL,synth retail 01030,PURCHASE,6022,CHELT. PRIVIND COMBUSTIBILUL,309030,1.0000,9
9900018,SYNTH COMPANY 018 SRL,synth retail 00070,PURCHASE,608,CHELT. PRIVIND AMBALAJELE,321070,1.0000,7
9900018,SYNTH COMPANY 018 SRL,synth service 00452,PURCHASE,371,MARFURI,311452,0.9286,14
9900018,SYNTH COMPANY 018 SRL,synth fuel 00985,PURCHASE,6022,CHELT. PRIVIND COMBUSTIBILUL,309985,1.0000,5
9900018,SYNTH COMPANY 018 SRL,synth service 00753,PURCHASE,628,ALTE CHELT. CU SERVICIILE EXECUTATE DE TERTI,319753,1.0000,18
9900018,SYNTH COMPANY 018 SRL,synth office 00612,PURCHASE,635,"CHELT. CU ALTE IMPOZITE, TAXE",321612,1.0000,6
9900018,SYNTH COMPANY 018 SRL,synth retail 00392,PURCHASE,4426,TVA DEDUCTIBILA,305392,1.0000,11
9900018,SYNTH COMPANY 018 SRL,synth retail 00164,SALE,707,VEN. DIN VANZAREA MARFURILOR,321164,1.0000,13
9900018,SYNTH COMPANY 018 SRL,synth utility 00739,PURCHASE,609,REDUCERI COMERCIALE PRIMITE,300739,1.0000,2
9900018,SYNTH COMPANY 018 SRL,synth maintenance 01171,PURCHASE,628,ALTE CHELT. CU SERVICIILE EXECUTATE DE TERTI,300171,1.0000,4
9900018,SYNTH COMPANY 018 SRL,synth utility 00758,PURCHASE,401,FURNIZORI,309758,1.0000,2
9900018,SYNTH COMPANY 018 SRL,synth fuel 00705,SALE,411,CLIENTI,311705,1.0000,8
9900018,SYNTH COMPANY 018 SRL,synth office 00847,SALE,4427,TVA COLECTATA,305847,1.0000,8
9900018,SYNTH COMPANY 018 SRL,synth misc 00246,PURCHASE,602,CHELT. CU MATERIALELE CONSUMABILE,311246,1.0000,4
9900018,SYNTH COMPANY 018 SRL,synth fuel 01033,PURCHASE,4426,TVA DEDUCTIBILA,309033,1.0000,4
9900018,SYNTH COMPANY 018 SRL,synth maintenance 01075,PURCHASE,625,"CHELT. CU DEPLASARI, DETASARI",319075,1.0000,1
9900018,SYNTH COMPANY 018 SRL,synth transport 00644,PURCHASE,607,CHELT. PRIVIND MARFURILE,311644,1.0000,4
9900018,SYNTH COMPANY 018 SRL,synth maintenance 00737,SALE,704,VEN. DIN SERVICII PRESTATE,309737,0.5000,2
9900018,SYNTH COMPANY 018 SRL,synth fuel 00133,SALE,704,VEN. DIN SERVICII PRESTATE,309133,1.0000,1
9900018,SYNTH COMPANY 018 SRL,synth misc 00633,PURCHASE,625,"CHELT. CU DEPLASARI, DETASARI",311633,1.0000,2
9900018,SYNTH COMPANY 018 SRL,synth retail 00731,PURCHASE,625,"CHELT. CU DEPLASARI, DETASARI",300731,1.0000,1
9900018,SYNTH COMPANY 018 SRL,synth transport 00056,PURCHASE,401,FURNIZORI,319056,1.0000,2
9900018,SYNTH COMPANY 018 SRL,synth utility 01016,PURCHASE,608,CHELT. PRIVIND AMBALAJELE,319016,1.0000,4
9900018,SYNTH COMPANY 018 SRL,synth retail 00350,PURCHASE,612,"CHELT. CU REDEVENTELE, LOCATIILE DE GESTIUNE",311350,1.0000,1
9900018,SYNTH COMPANY 018 SRL,synth utility 00777,PURCHASE,628,ALTE CHELT. CU SERVICIILE EXECUTATE DE TERTI,321777,1.0000,2
9900018,SYNTH COMPANY 018 SRL,synth office 00772,PURCHASE,612,"CHELT. CU REDEVENTELE, LOCATIILE DE GESTIUNE",309772,1.0000,1
9900019,SYNTH COMPANY 019 SRL,synth raw material 01103,PURCHASE,401,FURNIZORI,305103,1.0000,1
9900019,SYNTH COMPANY 019 SRL,synth transport 00710,PURCHASE,4426,TVA DEDUCTIBILA,311710,1.0000,6
9900019,SYNTH COMPANY 019 SRL,synth raw material 00596,PURCHASE,622,CHELT. CU COMISIOANELE SI ONORARIILE,311596,1.0000,1
9900019,SYNTH COMPANY 019 SRL,synth utility 00551,PURCHASE,628,ALTE CHELT. CU SERVICIILE EXECUTATE DE TERTI,305551,1.0000,3
9900019,SYNTH COMPANY 019 SRL,synth misc 00412,PURCHASE,622,CHELT. CU COMISIOANELE SI ONORARIILE,309412,1.0000,2
9900019,SYNTH COMPANY 019 SRL,synth office 00896,PURCHASE,613,CHELT. CU PRIMELE DE ASIGURARE,305896,1.0000,3
9900019,SYNTH COMPANY 019 SRL,synth fuel 00047,PURCHASE,628,ALTE CHELT. CU SERVICIILE EXECUTATE DE TERTI,305047,1.0000,4
9900019,SYNTH COMPANY 019 SRL,synth maintenance 01171,PURCHASE,612,"CHELT. CU REDEVENTELE, LOCATIILE DE GESTIUNE",300171,1.0000,1
9900019,SYNTH COMPANY 019 SRL,synth service 00278,SALE,704,VEN. DIN SERVICII PRESTATE,305278,1.0000,1
9900019,SYNTH COMPANY 019 SRL,synth transport 01122,SALE,704,VEN. DIN SERVICII PRESTATE,305122,1.0000,1
9900019,SYNTH COMPANY 019 SRL,synth maintenance 00737,SALE,704,VEN. DIN SERVICII PRESTATE,309737,0.6667,3
9900019,SYNTH COMPANY 019 SRL,synth service 00787,SALE,707,VEN. DIN VANZAREA MARFURILOR,311787,1.0000,1
9900019,SYNTH COMPANY 019 SRL,synth transport 00872,PURCHASE,625,"CHELT. CU DEPLASARI, DETASARI",311872,1.0000,1
9900019,SYNTH COMPANY 019 SRL,synth service 00239,SALE,701,VEN. DIN VANZAREA PROD. FINITE,319239,1.0000,1
9900019,SYNTH COMPANY 019 SRL,synth retail 00021,PURCHASE,625,"CHELT. CU DEPLASARI, DETASARI",311021,1.0000,1
9900019,SYNTH COMPANY 019 SRL,synth service 00454,SALE,701,VEN. DIN VANZAREA PROD. FINITE,309454,1.0000,2
9900020,SYNTH COMPANY 020 SRL,synth transport 00799,SALE,4427,TVA COLECTATA,305799,1.0000,20
9900020,SYNTH COMPANY 020 SRL,synth office 00622,SALE,4427,TVA COLECTATA,311622,1.0000,14
9900020,SYNTH COMPANY 020 SRL,synth packaging 00858,SALE,411,CLIENTI,319858,1.0000,7
9900020,SYNTH COMPANY 020 SRL,synth service 00055,SALE,707,VEN. DIN VANZAREA MARFURILOR,300055,1.0000,5
9900020,SYNTH COMPANY 020 SRL,synth retail 00314,SALE,704,VEN. DIN SERVICII PRESTATE,305314,1.0000,13
9900020,SYNTH COMPANY 020 SRL,synth raw material 00165,SALE,411,CLIENTI,311165,1.0000,5
9900020,SYNTH COMPANY 020 SRL,synth maintenance 01157,PURCHASE,613,CHELT. CU PRIMELE DE ASIGURARE,309157,1.0000,31
9900020,SYNTH COMPANY 020 SRL,synth fuel 00047,PURCHASE,628,ALTE CHELT. CU SERVICIILE EXECUTATE DE TERTI,305047,0.9412,17
9900020,SYNTH COMPANY 020 SRL,synth maintenance 01171,PURCHASE,612,"CHELT. CU REDEVENTELE, LOCATIILE DE GESTIUNE",300171,1.0000,5
9900020,SYNTH COMPANY 020 SRL,synth packaging 00196,PURCHASE,401,FURNIZORI,311196,1.0000,6
9900020,SYNTH COMPANY 020 SRL,synth utility 00852,PURCHASE,609,REDUCERI COMERCIALE PRIMITE,321852,1.0000,27
9900020,SYNTH COMPANY 020 SRL,synth maintenance 00810,PURCHASE,622,CHELT. CU COMISIOANELE SI ONORARIILE,311810,1.0000,19
9900020,SYNTH COMPANY 020 SRL,synth office 00977,PURCHASE,622,CHELT. CU COMISIOANELE SI ONORARIILE,300977,1.0000,13
9900020,SYNTH COMPANY 020 SRL,synth retail 00874,SALE,411,CLIENTI,309874,1.0000,2
9900020,SYNTH COMPANY 020 SRL,synth packaging 00973,PURCHASE,6022,CHELT. PRIVIND COMBUSTIBILUL,300973,1.0000,11
9900020,SYNTH COMPANY 020 SRL,synth transport 00598,PURCHASE,628,ALTE CHELT. CU SERVICIILE EXECUTATE DE TERTI,311598,1.0000,10
9900020,SYNTH COMPANY 020 SRL,synth packaging 00517,PURCHASE,6022,CHELT. PRIVIND COMBUSTIBILUL,309517,1.0000,7
9900020,SYNTH COMPANY 020 SRL,synth packaging 00948,PURCHASE,371,MARFURI,300948,0.9231,13
9900020,SYNTH COMPANY 020 SRL,synth packaging 00886,PURCHASE,625,"CHELT. CU DEPLASARI, DETASARI",311886,1.0000,1
9900020,SYNTH COMPANY 020 SRL,synth office 00535,PURCHASE,625,"CHELT. CU DEPLASARI, DETASARI",319535,1.0000,12
9900020,SYNTH COMPANY 020 SRL,synth fuel 00591,PURCHASE,613,CHELT. CU PRIMELE DE ASIGURARE,319591,1.0000,4
9900020,SYNTH COMPANY 020 SRL,synth service 00389,PURCHASE,613,CHELT. CU PRIMELE DE ASIGURARE,300389,1.0000,3
9900020,SYNTH COMPANY 020 SRL,synth packaging 00855,PURCHASE,601,CHELT. CU MATERIILE PRIME,311855,1.0000,4
9900020,SYNTH COMPANY 020 SRL,synth raw material 00183,PURCHASE,609,REDUCERI COMERCIALE PRIMITE,300183,1.0000,6
9900020,SYNTH COMPANY 020 SRL,synth retail 01030,PURCHASE,6022,CHELT. PRIVIND COMBUSTIBILUL,309030,1.0000,6
9900020,SYNTH COMPANY 020 SRL,synth fuel 00118,PURCHASE,401,FURNIZORI,305118,1.0000,3
9900020,SYNTH COMPANY 020 SRL,synth retail 00642,PURCHASE,4426,TVA DEDUCTIBILA,300642,1.0000,2
9900020,SYNTH COMPANY 020 SRL,synth service 00452,PURCHASE,601,CHELT. CU MATERIILE PRIME,311452,1.0000,7
9900020,SYNTH COMPANY 020 SRL,synth office 00317,PURCHASE,602,CHELT. CU MATERIALELE CONSUMABILE,311317,1.0000,1
9900020,SYNTH COMPANY 020 SRL,synth packaging 00384,PURCHASE,622,CHELT. CU COMISIOANELE SI ONORARIILE,300384,1.0000,1
9900021,SYNTH COMPANY 021 SRL,synth retail 00493,PURCHASE,371,MARFURI,311493,1.0000,6
9900021,SYNTH COMPANY 021 SRL,synth raw material 00157,SALE,411,CLIENTI,321157,1.0000,8
9900021,SYNTH COMPANY 021 SRL,synth fuel 01127,SALE,704,VEN. DIN SERVICII PRESTATE,305127,1.0000,2
9900021,SYNTH COMPANY 021 SRL,synth misc 00891,SALE,701,VEN. DIN VANZAREA PROD. FINITE,319891,1.0000,1
9900021,SYNTH COMPANY 021 SRL,synth retail 00490,SALE,704,VEN. DIN SERVICII PRESTATE,319490,1.0000,1
9900021,SYNTH COMPANY 021 SRL,synth misc 00393,PURCHASE,625,"CHELT. CU DEPLASARI, DETASARI",305393,1.0000,1
9900021,SYNTH COMPANY 021 SRL,synth raw material 00607,PURCHASE,625,"CHELT. CU DEPLASARI, DETASARI",321607,1.0000,1
9900022,SYNTH COMPANY 022 SRL,synth maintenance 01200,SALE,411,CLIENTI,300200,1.0000,2
9900022,SYNTH COMPANY 022 SRL,synth packaging 00858,SALE,704,VEN. DIN SERVICII PRESTATE,319858,1.0000,3
9900022,SYNTH COMPANY 022 SRL,synth office 00037,SALE,701,VEN. DIN VANZAREA PROD. FINITE,321037,1.0000,6
9900022,SYNTH COMPANY 022 SRL,synth utility 00815,PURCHASE,628,ALTE CHELT. CU SERVICIILE EXECUTATE DE TERTI,309815,0.5000,6
9900022,SYNTH COMPANY 022 SRL,synth fuel 00623,PURCHASE,601,CHELT. CU MATERIILE PRIME,321623,1.0000,3
9900022,SYNTH COMPANY 022 SRL,synth raw material 00851,PURCHASE,607,CHELT. PRIVIND MARFURILE,319851,1.0000,4
9900022,SYNTH COMPANY 022 SRL,synth fuel 00397,PURCHASE,635,"CHELT. CU ALTE IMPOZITE, TAXE",300397,1.0000,7
9900022,SYNTH COMPANY 022 SRL,synth utility 01197,PURCHASE,4426,TVA DEDUCTIBILA,311197,1.0000,2
9900022,SYNTH COMPANY 022 SRL,synth utility 01116,PURCHASE,628,ALTE CHELT. CU SERVICIILE EXECUTATE DE TERTI,311116,1.0000,7
9900022,SYNTH COMPANY 022 SRL,synth utility 00846,PURCHASE,625,"CHELT. CU DEPLASARI, DETASARI",319846,1.0000,4
9900022,SYNTH COMPANY 022 SRL,synth maintenance 01110,PURCHASE,612,"CHELT. CU REDEVENTELE, LOCATIILE DE GESTIUNE",309110,1.0000,1
9900022,SYNTH COMPANY 022 SRL,synth retail 00182,PURCHASE,401,FURNIZORI,321182,1.0000,7
9900022,SYNTH COMPANY 022 SRL,synth office 00320,PURCHASE,601,CHELT. CU MATERIILE PRIME,309320,1.0000,5
9900022,SYNTH COMPANY 022 SRL,synth office 00927,PURCHASE,625,"CHELT. CU DEPLASARI, DETASARI",305927,1.0000,1
9900022,SYNTH COMPANY 022 SRL,synth maintenance 00966,PURCHASE,612,"CHELT. CU REDEVENTELE, LOCATIILE DE GESTIUNE",319966,1.0000,1
9900022,SYNTH COMPANY 022 SRL,synth raw material 00864,SALE,707,VEN. DIN VANZAREA MARFURILOR,311864,1.0000,2
9900022,SYNTH COMPANY 022 SRL,synth fuel 00985,PURCHASE,371,MARFURI,309985,1.0000,1
9900022,SYNTH COMPANY 022 SRL,synth maintenance 00075,PURCHASE,4426,TVA DEDUCTIBILA,309075,1.0000,1
9900022,SYNTH COMPANY 022 SRL,synth retail 00694,SALE,704,VEN. DIN SERVICII PRESTATE,300694,1.0000,1
9900022,SYNTH COMPANY 022 SRL,synth raw material 00114,PURCHASE,371,MARFURI,305114,1.0000,1
9900023,SYNTH COMPANY 023 SRL,synth service 00753,PURCHASE,602,CHELT. CU MATERIALELE CONSUMABILE,319753,1.0000,11
9900023,SYNTH COMPANY 023 SRL,synth office 00560,PURCHASE,605,CHELT. CU ENERGIA SI APA,309560,1.0000,7
9900023,SYNTH COMPANY 023 SRL,synth transport 00603,PURCHASE,6022,CHELT. PRIVIND COMBUSTIBILUL,305603,1.0000,5
9900023,SYNTH COMPANY 023 SRL,synth office 00702,PURCHASE,635,"CHELT. CU ALTE IMPOZITE, TAXE",311702,1.0000,9
9900023,SYNTH COMPANY 023 SRL,synth raw material 00198,PURCHASE,401,FURNIZORI,305198,1.0000,3
9900023,SYNTH COMPANY 023 SRL,synth maintenance 00107,PURCHASE,601,CHELT. CU MATERIILE PRIME,300107,1.0000,12
9900023,SYNTH COMPANY 023 SRL,synth fuel 00047,PURCHASE,628,ALTE CHELT. CU SERVICIILE EXECUTATE DE TERTI,305047,1.0000,8
9900023,SYNTH COMPANY 023 SRL,synth fuel 00091,PURCHASE,612,"CHELT. CU REDEVENTELE, LOCATIILE DE GESTIUNE",321091,1.0000,2
9900023,SYNTH COMPANY 023 SRL,synth raw material 00174,PURCHASE,613,CHELT. CU PRIMELE DE ASIGURARE,311174,1.0000,2
9900023,SYNTH COMPANY 023 SRL,synth retail 01030,PURCHASE,607,CHELT. PRIVIND MARFURILE,309030,1.0000,9
9900023,SYNTH COMPANY 023 SRL,synth service 01003,PURCHASE,608,CHELT. PRIVIND AMBALAJELE,300003,1.0000,3
9900023,SYNTH COMPANY 023 SRL,synth packaging 00809,PURCHASE,625,"CHELT. CU DEPLASARI, DETASARI",319809,1.0000,4
9900023,SYNTH COMPANY 023 SRL,synth service 00206,PURCHASE,635,"CHELT. CU ALTE IMPOZITE, TAXE",305206,1.0000,2
9900023,SYNTH COMPANY 023 SRL,synth maintenance 00215,SALE,707,VEN. DIN VANZAREA MARFURILOR,309215,1.0000,3
9900023,SYNTH COMPANY 023 SRL,synth transport 01161,PURCHASE,635,"CHELT. CU ALTE IMPOZITE, TAXE",321161,1.0000,3
9900023,SYNTH COMPANY 023 SRL,synth retail 00885,SALE,4427,TVA COLECTATA,300885,1.0000,5
9900023,SYNTH COMPANY 023 SRL,synth maintenance 00597,SALE,4427,TVA COLECTATA,300597,1.0000,1
9900023,SYNTH COMPANY 023 SRL,synth maintenance 00158,PURCHASE,601,CHELT. CU MATERIILE PRIME,300158,1.0000,1
9900024,SYNTH COMPANY 024 SRL,synth utility 00846,PURCHASE,371,MARFURI,319846,1.0000,4
9900024,SYNTH COMPANY 024 SRL,synth packaging 00790,PURCHASE,6022,CHELT. PRIVIND COMBUSTIBILUL,321790,1.0000,4
9900024,SYNTH COMPANY 024 SRL,synth utility 00145,PURCHASE,635,"CHELT. CU ALTE IMPOZITE, TAXE",319145,0.5000,4
9900024,SYNTH COMPANY 024 SRL,synth utility 00293,PURCHASE,635,"CHELT. CU ALTE IMPOZITE, TAXE",319293,1.0000,2
9900024,SYNTH COMPANY 024 SRL,synth maintenance 01121,PURCHASE,601,CHELT. CU MATERIILE PRIME,319121,1.0000,6
9900024,SYNTH COMPANY 024 SRL,synth packaging 00905,PURCHASE,635,"CHELT. CU ALTE IMPOZITE, TAXE",319905,1.0000,5
9900024,SYNTH COMPANY 024 SRL,synth utility 00423,SALE,701,VEN. DIN VANZAREA PROD. FINITE,321423,1.0000,2
9900024,SYNTH COMPANY 024 SRL,synth fuel 00481,SALE,707,VEN. DIN VANZAREA MARFURILOR,305481,1.0000,1
9900024,SYNTH COMPANY 024 SRL,synth service 00520,PURCHASE,612,"CHELT. CU REDEVENTELE, LOCATIILE DE GESTIUNE",319520,1.0000,2
9900024,SYNTH COMPANY 024 SRL,synth service 00753,PURCHASE,613,CHELT. CU PRIMELE DE ASIGURARE,319753,1.0000,4
9900024,SYNTH COMPANY 024 SRL,synth office 00147,SALE,4427,TVA COLECTATA,321147,1.0000,1
9900024,SYNTH COMPANY 024 SRL,synth packaging 00858,SALE,701,VEN. DIN VANZAREA PROD. FINITE,319858,1.0000,1
9900024,SYNTH COMPANY 024 SRL,synth maintenance 01159,PURCHASE,401,FURNIZORI,321159,1.0000,2
9900024,SYNTH COMPANY 024 SRL,synth fuel 00564,PURCHASE,608,CHELT. PRIVIND AMBALAJELE,311564,1.0000,1
9900024,SYNTH COMPANY 024 SRL,synth maintenance 01018,SALE,4427,TVA COLECTATA,319018,1.0000,1
9900024,SYNTH COMPANY 024 SRL,synth fuel 00461,PURCHASE,605,CHELT. CU ENERGIA SI APA,319461,1.0000,1
9900024,SYNTH COMPANY 024 SRL,synth maintenance 01084,PURCHASE,602,CHELT. CU MATERIALELE CONSUMABILE,319084,1.0000,1
9900024,SYNTH COMPANY 024 SRL,synth packaging 00781,PURCHASE,622,CHELT. CU COMISIOANELE SI ONORARIILE,300781,1.0000,1
9900024,SYNTH COMPANY 024 SRL,synth raw material 00721,PURCHASE,602,CHELT. CU MATERIALELE CONSUMABILE,311721,1.0000,1
9900024,SYNTH COMPANY 024 SRL,synth maintenance 00049,PURCHASE,628,ALTE CHELT. CU SERVICIILE EXECUTATE DE TERTI,300049,1.0000,1
9900025,SYNTH COMPANY 025 SRL,synth transport 00960,PURCHASE,602,CHELT. CU MATERIALELE CONSUMABILE,300960,1.0000,6
9900025,SYNTH COMPANY 025 SRL,synth office 00604,PURCHASE,6022,CHELT. PRIVIND COMBUSTIBILUL,321604,1.0000,3
9900025,SYNTH COMPANY 025 SRL,synth retail 00744,PURCHASE,601,CHELT. CU MATERIILE PRIME,319744,1.0000,5
9900025,SYNTH COMPANY 025 SRL,synth utility 00943,PURCHASE,6022,CHELT. PRIVIND COMBUSTIBILUL,321943,1.0000,12
9900025,SYNTH COMPANY 025 SRL,synth transport 01132,PURCHASE,612,"CHELT. CU REDEVENTELE, LOCATIILE DE GESTIUNE",311132,1.0000,3
9900025,SYNTH COMPANY 025 SRL,synth utility 00303,SALE,4427,TVA COLECTATA,309303,1.0000,1
9900025,SYNTH COMPANY 025 SRL,synth service 00233,SALE,704,VEN. DIN SERVICII PRESTATE,311233,1.0000,2
9900025,SYNTH COMPANY 025 SRL,synth retail 00070,PURCHASE,608,CHELT. PRIVIND AMBALAJELE,321070,1.0000,6
9900025,SYNTH COMPANY 025 SRL,synth office 00606,PURCHASE,6022,CHELT. PRIVIND COMBUSTIBILUL,319606,1.0000,1
9900025,SYNTH COMPANY 025 SRL,synth office 01085,PURCHASE,4426,TVA DEDUCTIBILA,311085,1.0000,3
9900025,SYNTH COMPANY 025 SRL,synth office 00296,PURCHASE,605,CHELT. CU ENERGIA SI APA,305296,1.0000,5
9900025,SYNTH COMPANY 025 SRL,synth raw material 01103,PURCHASE,4426,TVA DEDUCTIBILA,311103,1.0000,1
9900025,SYNTH COMPANY 025 SRL,synth misc 00826,SALE,4427,TVA COLECTATA,300826,1.0000,8
9900025,SYNTH COMPANY 025 SRL,synth retail 00322,PURCHASE,635,"CHELT. CU ALTE IMPOZITE, TAXE",309322,1.0000,2
9900025,SYNTH COMPANY 025 SRL,synth service 00389,PURCHASE,613,CHELT. CU PRIMELE DE ASIGURARE,300389,1.0000,1
9900025,SYNTH COMPANY 025 SRL,synth transport 00727,PURCHASE,625,"CHELT. CU DEPLASARI, DETASARI",311727,1.0000,1
9900025,SYNTH COMPANY 025 SRL,synth transport 00508,PURCHASE,401,FURNIZORI,300508,1.0000,2
9900025,SYNTH COMPANY 025 SRL,synth fuel 00908,SALE,4427,TVA COLECTATA,321908,1.0000,3
9900025,SYNTH COMPANY 025 SRL,synth maintenance 00613,PURCHASE,609,REDUCERI COMERCIALE PRIMITE,300613,1.0000,1
9900025,SYNTH COMPANY 025 SRL,synth utility 00469,PURCHASE,371,MARFURI,311469,1.0000,1
9900025,SYNTH COMPANY 025 SRL,synth misc 00143,PURCHASE,371,MARFURI,305143,1.0000,3
9900026,SYNTH COMPANY 026 SRL,synth office 00922,PURCHASE,635,"CHELT. CU ALTE IMPOZITE, TAXE",300922,1.0000,9
9900026,SYNTH COMPANY 026 SRL,synth retail 00861,PURCHASE,608,CHELT. PRIVIND AMBALAJELE,321861,1.0000,1
9900026,SYNTH COMPANY 026 SRL,synth transport 00832,PURCHASE,601,CHELT. CU MATERIILE PRIME,305832,1.0000,1
9900026,SYNTH COMPANY 026 SRL,synth retail 00528,PURCHASE,622,CHELT. CU COMISIOANELE SI ONORARIILE,309528,1.0000,4
9900026,SYNTH COMPANY 026 SRL,synth packaging 00512,SALE,704,VEN. DIN SERVICII PRESTATE,309512,1.0000,1
9900026,SYNTH COMPANY 026 SRL,synth packaging 00636,SALE,701,VEN. DIN VANZAREA PROD. FINITE,309636,1.0000,1
9900026,SYNTH COMPANY 026 SRL,synth maintenance 00323,PURCHASE,612,"CHELT. CU REDEVENTELE, LOCATIILE DE GESTIUNE",309323,1.0000,1
9900026,SYNTH COMPANY 026 SRL,synth maintenance 00559,PURCHASE,609,REDUCERI COMERCIALE PRIMITE,321559,1.0000,1
9900026,SYNTH COMPANY 026 SRL,synth packaging 00368,PURCHASE,605,CHELT. CU ENERGIA SI APA,319368,1.0000,1
9900026,SYNTH COMPANY 026 SRL,synth utility 00962,PURCHASE,628,ALTE CHELT. CU SERVICIILE EXECUTATE DE TERTI,300962,1.0000,1
9900027,SYNTH COMPANY 027 SRL,synth retail 00138,PURCHASE,601,CHELT. CU MATERIILE PRIME,300138,1.0000,6
9900027,SYNTH COMPANY 027 SRL,synth utility 00051,PURCHASE,613,CHELT. CU PRIMELE DE ASIGURARE,309051,1.0000,33
9900027,SYNTH COMPANY 027 SRL,synth fuel 01008,PURCHASE,6022,CHELT. PRIVIND COMBUSTIBILUL,309008,1.0000,10
9900027,SYNTH COMPANY 027 SRL,synth retail 01044,PURCHASE,4426,TVA DEDUCTIBILA,305044,1.0000,8
9900027,SYNTH COMPANY 027 SRL,synth office 00927,PURCHASE,625,"CHELT. CU DEPLASARI, DETASARI",305927,1.0000,2
9900027,SYNTH COMPANY 027 SRL,synth office 01086,SALE,704,VEN. DIN SERVICII PRESTATE,300086,1.0000,4
9900027,SYNTH COMPANY 027 SRL,synth service 00248,PURCHASE,602,CHELT. CU MATERIALELE CONSUMABILE,311248,1.0000,8
9900027,SYNTH COMPANY 027 SRL,synth service 00180,PURCHASE,612,"CHELT. CU REDEVENTELE, LOCATIILE DE GESTIUNE",321180,1.0000,7
9900027,SYNTH COMPANY 027 SRL,synth office 00977,PURCHASE,622,CHELT. CU COMISIOANELE SI ONORARIILE,300977,1.0000,7
9900027,SYNTH COMPANY 027 SRL,synth maintenance 00678,SALE,411,CLIENTI,305678,1.0000,1
9900027,SYNTH COMPANY 027 SRL,synth raw material 00558,SALE,707,VEN. DIN VANZAREA MARFURILOR,311558,1.0000,19
9900027,SYNTH COMPANY 027 SRL,synth office 00377,PURCHASE,625,"CHELT. CU DEPLASARI, DETASARI",309377,1.0000,1
9900027,SYNTH COMPANY 027 SRL,synth raw material 00463,PURCHASE,609,REDUCERI COMERCIALE PRIMITE,300463,1.0000,4
9900027,SYNTH COMPANY 027 SRL,synth misc 00319,PURCHASE,371,MARFURI,319319,1.0000,3
9900027,SYNTH COMPANY 027 SRL,synth office 00313,SALE,701,VEN. DIN VANZAREA PROD. FINITE,321313,1.0000,1
9900027,SYNTH COMPANY 027 SRL,synth retail 00280,SALE,4427,TVA COLECTATA,319280,1.0000,8
9900027,SYNTH COMPANY 027 SRL,synth misc 00301,PURCHASE,625,"CHELT. CU DEPLASARI, DETASARI",300301,1.0000,1
9900027,SYNTH COMPANY 027 SRL,synth maintenance 01171,PURCHASE,609,REDUCERI COMERCIALE PRIMITE,300171,1.0000,1
9900027,SYNTH COMPANY 027 SRL,synth office 01058,PURCHASE,601,CHELT. CU MATERIILE PRIME,309058,1.0000,1
9900027,SYNTH COMPANY 027 SRL,synth packaging 00660,PURCHASE,608,CHELT. PRIVIND AMBALAJELE,311660,1.0000,2
9900027,SYNTH COMPANY 027 SRL,synth service 00913,SALE,4427,TVA COLECTATA,311913,1.0000,1
9900027,SYNTH COMPANY 027 SRL,synth service 00055,SALE,707,VEN. DIN VANZAREA MARFURILOR,300055,1.0000,1
9900027,SYNTH COMPANY 027 SRL,synth packaging 00858,SALE,411,CLIENTI,319858,1.0000,2
9900027,SYNTH COMPANY 027 SRL,synth fuel 00888,SALE,4427,TVA COLECTATA,319888,1.0000,4
9900027,SYNTH COMPANY 027 SRL,synth office 01019,PURCHASE,625,"CHELT. CU DEPLASARI, DETASARI",319019,1.0000,1
9900027,SYNTH COMPANY 027 SRL,synth service 00497,PURCHASE,628,ALTE CHELT. CU SERVICIILE EXECUTATE DE TERTI,321497,1.0000,1
9900027,SYNTH COMPANY 027 SRL,synth service 00632,PURCHASE,4426,TVA DEDUCTIBILA,309632,1.0000,2
9900027,SYNTH COMPANY 027 SRL,synth retail 00610,SALE,411,CLIENTI,311610,1.0000,1
9900027,SYNTH COMPANY 027 SRL,synth office 00169,PURCHASE,371,MARFURI,300169,1.0000,1
9900028,SYNTH COMPANY 028 SRL,synth packaging 00734,PURCHASE,401,FURNIZORI,311734,1.0000,8
9900028,SYNTH COMPANY 028 SRL,synth utility 00445,PURCHASE,371,MARFURI,309445,1.0000,1
9900028,SYNTH COMPANY 028 SRL,synth maintenance 00385,PURCHASE,371,MARFURI,305385,1.0000,1
9900028,SYNTH COMPANY 028 SRL,synth transport 00220,PURCHASE,605,CHELT. CU ENERGIA SI APA,311220,1.0000,1
9900028,SYNTH COMPANY 028 SRL,synth raw material 00677,PURCHASE,635,"CHELT. CU ALTE IMPOZITE, TAXE",319677,1.0000,1
9900028,SYNTH COMPANY 028 SRL,synth retail 01000,PURCHASE,601,CHELT. CU MATERIILE PRIME,319000,1.0000,1
9900029,SYNTH COMPANY 029 SRL,synth retail 00744,PURCHASE,601,CHELT. CU MATERIILE PRIME,319744,1.0000,4
9900029,SYNTH COMPANY 029 SRL,synth raw material 00321,PURCHASE,625,"CHELT. CU DEPLASARI, DETASARI",319321,1.0000,8
9900029,SYNTH COMPANY 029 SRL,synth misc 00609,SALE,707,VEN. DIN VANZAREA MARFURILOR,300609,1.0000,1
9900029,SYNTH COMPANY 029 SRL,synth transport 00302,SALE,704,VEN. DIN SERVICII PRESTATE,305302,1.0000,2
9900029,SYNTH COMPANY 029 SRL,synth raw material 01059,SALE,4427,TVA COLECTATA,300059,1.0000,3
9900029,SYNTH COMPANY 029 SRL,synth transport 00092,SALE,701,VEN. DIN VANZAREA PROD. FINITE,305092,1.0000,3
9900029,SYNTH COMPANY 029 SRL,synth maintenance 00820,PURCHASE,608,CHELT. PRIVIND AMBALAJELE,311820,1.0000,5
9900029,SYNTH COMPANY 029 SRL,synth retail 01030,PURCHASE,6022,CHELT. PRIVIND COMBUSTIBILUL,309030,1.0000,4
9900029,SYNTH COMPANY 029 SRL,synth office 00796,PURCHASE,628,ALTE CHELT. CU SERVICIILE EXECUTATE DE TERTI,305796,1.0000,1
9900029,SYNTH COMPANY 029 SRL,synth raw material 00618,PURCHASE,613,CHELT. CU PRIMELE DE ASIGURARE,311618,1.0000,2
9900029,SYNTH COMPANY 029 SRL,synth misc 00668,SALE,411,CLIENTI,311668,0.5000,2
9900029,SYNTH COMPANY 029 SRL,synth utility 01076,PURCHASE,601,CHELT. CU MATERIILE PRIME,321076,1.0000,1
9900029,SYNTH COMPANY 029 SRL,synth office 00552,PURCHASE,609,REDUCERI COMERCIALE PRIMITE,300552,1.0000,2
9900029,SYNTH COMPANY 029 SRL,synth packaging 00160,SALE,704,VEN. DIN SERVICII PRESTATE,309160,1.0000,1
9900029,SYNTH COMPANY 029 SRL,synth fuel 00047,PURCHASE,601,CHELT. CU MATERIILE PRIME,305047,1.0000,6
9900029,SYNTH COMPANY 029 SRL,synth maintenance 00360,PURCHASE,607,CHELT. PRIVIND MARFURILE,309360,1.0000,1
9900029,SYNTH COMPANY 029 SRL,synth office 01058,PURCHASE,605,CHELT. CU ENERGIA SI APA,309058,1.0000,1
9900029,SYNTH COMPANY 029 SRL,synth service 00060,PURCHASE,607,CHELT. PRIVIND MARFURILE,321060,1.0000,2
9900029,SYNTH COMPANY 029 SRL,synth utility 00801,PURCHASE,612,"CHELT. CU REDEVENTELE, LOCATIILE DE GESTIUNE",305801,1.0000,1
9900029,SYNTH COMPANY 029 SRL,synth raw material 00513,PURCHASE,635,"CHELT. CU ALTE IMPOZITE, TAXE",319513,1.0000,1
9900029,SYNTH COMPANY 029 SRL,synth fuel 00481,SALE,707,VEN. DIN VANZAREA MARFURILOR,305481,1.0000,1
9900029,SYNTH COMPANY 029 SRL,synth packaging 00254,PURCHASE,612,"CHELT. CU REDEVENTELE, LOCATIILE DE GESTIUNE",321254,1.0000,1
9900029,SYNTH COMPANY 029 SRL,synth fuel 00007,PURCHASE,613,CHELT. CU PRIMELE DE ASIGURARE,305007,1.0000,1
9900030,SYNTH COMPANY 030 SRL,synth service 00802,PURCHASE,401,FURNIZORI,321802,1.0000,28
9900030,SYNTH COMPANY 030 SRL,synth service 00101,PURCHASE,602,CHELT. CU MATERIALELE CONSUMABILE,309101,0.5938,32
9900030,SYNTH COMPANY 030 SRL,synth misc 00816,PURCHASE,601,CHELT. CU MATERIILE PRIME,309816,1.0000,1
9900030,SYNTH COMPANY 030 SRL,synth utility 01135,PURCHASE,601,CHELT. CU MATERIILE PRIME,319135,1.0000,1
9900030,SYNTH COMPANY 030 SRL,synth packaging 00783,PURCHASE,607,CHELT. PRIVIND MARFURILE,321783,1.0000,1
9900030,SYNTH COMPANY 030 SRL,synth raw material 00482,SALE,707,VEN. DIN VANZAREA MARFURILOR,309482,1.0000,3
9900030,SYNTH COMPANY 030 SRL,synth fuel 00481,SALE,707,VEN. DIN VANZAREA MARFURILOR,305481,1.0000,3
9900030,SYNTH COMPANY 030 SRL,synth office 00606,PURCHASE,601,CHELT. CU MATERIILE PRIME,319606,1.0000,1
9900030,SYNTH COMPANY 030 SRL,synth maintenance 00276,SALE,411,CLIENTI,319276,1.0000,4
9900030,SYNTH COMPANY 030 SRL,synth service 00787,SALE,704,VEN. DIN SERVICII PRESTATE,311787,1.0000,2
9900030,SYNTH COMPANY 030 SRL,synth misc 00953,SALE,411,CLIENTI,319953,1.0000,1
9900031,SYNTH COMPANY 031 SRL,synth misc 00404,PURCHASE,6022,CHELT. PRIVIND COMBUSTIBILUL,311404,1.0000,19
9900031,SYNTH COMPANY 031 SRL,synth raw material 00767,PURCHASE,635,"CHELT. CU ALTE IMPOZITE, TAXE",309767,1.0000,16
9900031,SYNTH COMPANY 031 SRL,synth raw material 00349,PURCHASE,635,"CHELT. CU ALTE IMPOZITE, TAXE",300349,1.0000,13
9900031,SYNTH COMPANY 031 SRL,synth office 00010,SALE,707,VEN. DIN VANZAREA MARFURILOR,311010,1.0000,32
9900031,SYNTH COMPANY 031 SRL,synth fuel 00732,PURCHASE,371,MARFURI,319732,1.0000,10
9900031,SYNTH COMPANY 031 SRL,synth utility 00962,PURCHASE,628,ALTE CHELT. CU SERVICIILE EXECUTATE DE TERTI,309962,1.0000,17
9900031,SYNTH COMPANY 031 SRL,synth utility 00846,PURCHASE,371,MARFURI,319846,1.0000,7
9900031,SYNTH COMPANY 031 SRL,synth service 00341,PURCHASE,608,CHELT. PRIVIND AMBALAJELE,321341,1.0000,18
9900031,SYNTH COMPANY 031 SRL,synth misc 00181,PURCHASE,601,CHELT. CU MATERIILE PRIME,321181,1.0000,7
9900031,SYNTH COMPANY 031 SRL,synth maintenance 01150,PURCHASE,607,CHELT. PRIVIND MARFURILE,309150,1.0000,11
9900031,SYNTH COMPANY 031 SRL,synth office 01085,PURCHASE,4426,TVA DEDUCTIBILA,311085,1.0000,9
9900031,SYNTH COMPANY 031 SRL,synth utility 00551,PURCHASE,601,CHELT. CU MATERIILE PRIME,305551,1.0000,12
9900031,SYNTH COMPANY 031 SRL,synth service 00268,PURCHASE,601,CHELT. CU MATERIILE PRIME,311268,1.0000,6
9900031,SYNTH COMPANY 031 SRL,synth packaging 00648,PURCHASE,6022,CHELT. PRIVIND COMBUSTIBILUL,305648,1.0000,48
9900031,SYNTH COMPANY 031 SRL,synth packaging 00462,PURCHASE,635,"CHELT. CU ALTE IMPOZITE, TAXE",305462,1.0000,5
9900031,SYNTH COMPANY 031 SRL,synth office 00006,PURCHASE,609,REDUCERI COMERCIALE PRIMITE,319006,1.0000,11
9900031,SYNTH COMPANY 031 SRL,synth service 00137,PURCHASE,628,ALTE CHELT. CU SERVICIILE EXECUTATE DE TERTI,319137,1.0000,3
9900031,SYNTH COMPANY 031 SRL,synth transport 01066,PURCHASE,608,CHELT. PRIVIND AMBALAJELE,311066,1.0000,18
9900031,SYNTH COMPANY 031 SRL,synth transport 00957,PURCHASE,609,REDUCERI COMERCIALE PRIMITE,319957,1.0000,2
9900031,SYNTH COMPANY 031 SRL,synth retail 00692,SALE,707,VEN. DIN VANZAREA MARFURILOR,321692,1.0000,1
9900031,SYNTH COMPANY 031 SRL,synth packaging 00636,SALE,4427,TVA COLECTATA,309636,1.0000,19
9900031,SYNTH COMPANY 031 SRL,synth maintenance 00990,PURCHASE,612,"CHELT. CU REDEVENTELE, LOCATIILE DE GESTIUNE",321990,1.0000,1
9900031,SYNTH COMPANY 031 SRL,synth office 00884,PURCHASE,622,CHELT. CU COMISIOANELE SI ONORARIILE,311884,1.0000,1
9900031,SYNTH COMPANY 031 SRL,synth utility 00842,SALE,4427,TVA COLECTATA,311842,1.0000,1
9900031,SYNTH COMPANY 031 SRL,synth office 00356,SALE,707,VEN. DIN VANZAREA MARFURILOR,311356,1.0000,10
9900031,SYNTH COMPANY 031 SRL,synth service 00650,SALE,707,VEN. DIN VANZAREA MARFURILOR,309650,1.0000,6
9900031,SYNTH COMPANY 031 SRL,synth utility 01053,SALE,411,CLIENTI,300053,1.0000,3
9900031,SYNTH COMPANY 031 SRL,synth fuel 00470,PURCHASE,6022,CHELT. PRIVIND COMBUSTIBILUL,321470,1.0000,1
9900031,SYNTH COMPANY 031 SRL,synth service 00454,SALE,4427,TVA COLECTATA,309454,1.0000,1
9900031,SYNTH COMPANY 031 SRL,synth office 00499,SALE,704,VEN. DIN SERVICII PRESTATE,311499,1.0000,2
9900031,SYNTH COMPANY 031 SRL,synth fuel 00722,PURCHASE,635,"CHELT. CU ALTE IMPOZITE, TAXE",321722,1.0000,1
9900031,SYNTH COMPANY 031 SRL,synth transport 00530,PURCHASE,609,REDUCERI COMERCIALE PRIMITE,311530,1.0000,1
9900031,SYNTH COMPANY 031 SRL,synth packaging 00486,PURCHASE,635,"CHELT. CU ALTE IMPOZITE, TAXE",300486,1.0000,1
9900032,SYNTH COMPANY 032 SRL,synth office 00073,PURCHASE,625,"CHELT. CU DEPLASARI, DETASARI",305073,1.0000,21
9900032,SYNTH COMPANY 032 SRL,synth packaging 00554,PURCHASE,613,CHELT. CU PRIMELE DE ASIGURARE,321554,1.0000,4
9900032,SYNTH COMPANY 032 SRL,synth transport 00038,PURCHASE,628,ALTE CHELT. CU SERVICIILE EXECUTATE DE TERTI,311038,1.0000,3
9900032,SYNTH COMPANY 032 SRL,synth maintenance 00257,SALE,701,VEN. DIN VANZAREA PROD. FINITE,311257,1.0000,8
9900032,SYNTH COMPANY 032 SRL,synth fuel 00908,SALE,707,VEN. DIN VANZAREA MARFURILOR,321908,1.0000,1
9900032,SYNTH COMPANY 032 SRL,synth fuel 00732,PURCHASE,605,CHELT. CU ENERGIA SI APA,319732,1.0000,3
9900032,SYNTH COMPANY 032 SRL,synth utility 00845,PURCHASE,635,"CHELT. CU ALTE IMPOZITE, TAXE",309845,1.0000,1
9900032,SYNTH COMPANY 032 SRL,synth maintenance 00328,PURCHASE,371,MARFURI,305328,1.0000,5
9900032,SYNTH COMPANY 032 SRL,synth office 00467,PURCHASE,628,ALTE CHELT. CU SERVICIILE EXECUTATE DE TERTI,321467,1.0000,2
9900032,SYNTH COMPANY 032 SRL,synth office 00880,PURCHASE,612,"CHELT. CU REDEVENTELE, LOCATIILE DE GESTIUNE",300880,1.0000,3
9900032,SYNTH COMPANY 032 SRL,synth office 00877,PURCHASE,371,MARFURI,300877,1.0000,1
9900032,SYNTH COMPANY 032 SRL,synth utility 00469,PURCHASE,628,ALTE CHELT. CU SERVICIILE EXECUTATE DE TERTI,321469,1.0000,2
9900032,SYNTH COMPANY 032 SRL,synth packaging 00221,PURCHASE,625,"CHELT. CU DEPLASARI, DETASARI",305221,1.0000,2
9900032,SYNTH COMPANY 032 SRL,synth office 00617,SALE,701,VEN. DIN VANZAREA PROD. FINITE,319617,1.0000,2
9900032,SYNTH COMPANY 032 SRL,synth maintenance 00676,PURCHASE,602,CHELT. CU MATERIALELE CONSUMABILE,309676,1.0000,2
9900032,SYNTH COMPANY 032 SRL,synth service 00266,SALE,411,CLIENTI,319266,1.0000,2
9900032,SYNTH COMPANY 032 SRL,synth transport 01070,PURCHASE,401,FURNIZORI,309070,1.0000,1
9900033,SYNTH COMPANY 033 SRL,synth misc 00393,PURCHASE,628,ALTE CHELT. CU SERVICIILE EXECUTATE DE TERTI,305393,1.0000,7
9900033,SYNTH COMPANY 033 SRL,synth raw material 00672,PURCHASE,635,"CHELT. CU ALTE IMPOZITE, TAXE",309672,1.0000,3
9900033,SYNTH COMPANY 033 SRL,synth office 00475,PURCHASE,628,ALTE CHELT. CU SERVICIILE EXECUTATE DE TERTI,305475,1.0000,4
9900033,SYNTH COMPANY 033 SRL,synth maintenance 00686,PURCHASE,625,"CHELT. CU DEPLASARI, DETASARI",309686,1.0000,2
9900033,SYNTH COMPANY 033 SRL,synth packaging 00636,SALE,701,VEN. DIN VANZAREA PROD. FINITE,309636,1.0000,2
9900033,SYNTH COMPANY 033 SRL,synth packaging 00858,SALE,701,VEN. DIN VANZAREA PROD. FINITE,319858,1.0000,2
9900033,SYNTH COMPANY 033 SRL,synth utility 00921,SALE,707,VEN. DIN VANZAREA MARFURILOR,300921,1.0000,1
9900033,SYNTH COMPANY 033 SRL,synth fuel 01031,PURCHASE,601,CHELT. CU MATERIILE PRIME,309031,1.0000,1
9900033,SYNTH COMPANY 033 SRL,synth retail 00588,PURCHASE,607,CHELT. PRIVIND MARFURILE,305588,1.0000,1
9900033,SYNTH COMPANY 033 SRL,synth packaging 00235,PURCHASE,635,"CHELT. CU ALTE IMPOZITE, TAXE",319235,1.0000,3
9900034,SYNTH COMPANY 034 SRL,synth utility 01193,SALE,4427,TVA COLECTATA,309193,1.0000,1
9900034,SYNTH COMPANY 034 SRL,synth retail 00280,SALE,4427,TVA COLECTATA,319280,1.0000,6
9900034,SYNTH COMPANY 034 SRL,synth raw material 00458,SALE,701,VEN. DIN VANZAREA PROD. FINITE,309458,1.0000,3
9900034,SYNTH COMPANY 034 SRL,synth raw material 00195,SALE,707,VEN. DIN VANZAREA MARFURILOR,309195,1.0000,2
9900034,SYNTH COMPANY 034 SRL,synth packaging 00235,PURCHASE,401,FURNIZORI,319235,1.0000,1
9900034,SYNTH COMPANY 034 SRL,synth transport 00754,PURCHASE,601,CHELT. CU MATERIILE PRIME,321754,1.0000,1
9900034,SYNTH COMPANY 034 SRL,synth service 00497,PURCHASE,6022,CHELT. PRIVIND COMBUSTIBILUL,321497,1.0000,2
9900034,SYNTH COMPANY 034 SRL,synth misc 00404,PURCHASE,612,"CHELT. CU REDEVENTELE, LOCATIILE DE GESTIUNE",311404,1.0000,2
9900034,SYNTH COMPANY 034 SRL,synth utility 00878,PURCHASE,635,"CHELT. CU ALTE IMPOZITE, TAXE",321878,1.0000,1
9900034,SYNTH COMPANY 034 SRL,synth maintenance 00049,PURCHASE,609,REDUCERI COMERCIALE PRIMITE,309049,1.0000,1
9900034,SYNTH COMPANY 034 SRL,synth utility 00469,PURCHASE,628,ALTE CHELT. CU SERVICIILE EXECUTATE DE TERTI,321469,1.0000,1
9900034,SYNTH COMPANY 034 SRL,synth fuel 00330,PURCHASE,601,CHELT. CU MATERIILE PRIME,319330,1.0000,1
9900034,SYNTH COMPANY 034 SRL,synth fuel 01033,PURCHASE,612,"CHELT. CU REDEVENTELE, LOCATIILE DE GESTIUNE",309033,1.0000,1
9900034,SYNTH COMPANY 034 SRL,synth packaging 01146,SALE,701,VEN. DIN VANZAREA PROD. FINITE,319146,1.0000,1
9900034,SYNTH COMPANY 034 SRL,synth service 00787,SALE,707,VEN. DIN VANZAREA MARFURILOR,311787,1.0000,1
9900034,SYNTH COMPANY 034 SRL,synth retail 01020,PURCHASE,612,"CHELT. CU REDEVENTELE, LOCATIILE DE GESTIUNE",311020,1.0000,1
9900034,SYNTH COMPANY 034 SRL,synth transport 00704,PURCHASE,613,CHELT. CU PRIMELE DE ASIGURARE,300704,1.0000,1
9900034,SYNTH COMPANY 034 SRL,synth packaging 00978,PURCHASE,635,"CHELT. CU ALTE IMPOZITE, TAXE",311978,1.0000,1
9900034,SYNTH COMPANY 034 SRL,synth service 00306,PURCHASE,6022,CHELT. PRIVIND COMBUSTIBILUL,305306,1.0000,1
9900034,SYNTH COMPANY 034 SRL,synth raw material 00494,PURCHASE,602,CHELT. CU MATERIALELE CONSUMABILE,300494,1.0000,1
9900035,SYNTH COMPANY 035 SRL,synth utility 00712,PURCHASE,602,CHELT. CU MATERIALELE CONSUMABILE,311712,1.0000,13
9900035,SYNTH COMPANY 035 SRL,synth packaging 00001,PURCHASE,601,CHELT. CU MATERIILE PRIME,300001,1.0000,5
9900035,SYNTH COMPANY 035 SRL,synth office 01054,PURCHASE,601,CHELT. CU MATERIILE PRIME,321054,1.0000,11
9900035,SYNTH COMPANY 035 SRL,synth packaging 00044,PURCHASE,6022,CHELT. PRIVIND COMBUSTIBILUL,311044,1.0000,3
9900035,SYNTH COMPANY 035 SRL,synth raw material 00110,PURCHASE,401,FURNIZORI,321110,1.0000,4
9900035,SYNTH COMPANY 035 SRL,synth service 01095,PURCHASE,635,"CHELT. CU ALTE IMPOZITE, TAXE",305095,1.0000,4
9900035,SYNTH COMPANY 035 SRL,synth service 00653,PURCHASE,401,FURNIZORI,305653,1.0000,2
9900035,SYNTH COMPANY 035 SRL,synth packaging 00986,PURCHASE,601,CHELT. CU MATERIILE PRIME,321986,1.0000,2
9900035,SYNTH COMPANY 035 SRL,synth maintenance 01110,PURCHASE,612,"CHELT. CU REDEVENTELE, LOCATIILE DE GESTIUNE",309110,1.0000,2
9900035,SYNTH COMPANY 035 SRL,synth maintenance 01107,SALE,701,VEN. DIN VANZAREA PROD. FINITE,319107,1.0000,12
9900035,SYNTH COMPANY 035 SRL,synth transport 00149,PURCHASE,609,REDUCERI COMERCIALE PRIMITE,311149,1.0000,2
9900035,SYNTH COMPANY 035 SRL,synth office 00574,PURCHASE,605,CHELT. CU ENERGIA SI APA,300574,1.0000,6
9900035,SYNTH COMPANY 035 SRL,synth office 01058,PURCHASE,601,CHELT. CU MATERIILE PRIME,309058,1.0000,1
9900035,SYNTH COMPANY 035 SRL,synth service 00153,SALE,4427,TVA COLECTATA,321153,1.0000,2
9900035,SYNTH COMPANY 035 SRL,synth utility 01067,SALE,704,VEN. DIN SERVICII PRESTATE,319067,1.0000,1
9900035,SYNTH COMPANY 035 SRL,synth office 00581,PURCHASE,622,CHELT. CU COMISIOANELE SI ONORARIILE,311581,1.0000,1
9900035,SYNTH COMPANY 035 SRL,synth transport 00637,PURCHASE,625,"CHELT. CU DEPLASARI, DETASARI",311637,1.0000,1
9900035,SYNTH COMPANY 035 SRL,synth office 00927,PURCHASE,608,CHELT. PRIVIND AMBALAJELE,305927,1.0000,1
9900035,SYNTH COMPANY 035 SRL,synth misc 00953,SALE,701,VEN. DIN VANZAREA PROD. FINITE,319953,1.0000,1
9900035,SYNTH COMPANY 035 SRL,synth maintenance 00983,SALE,411,CLIENTI,305983,1.0000,1
9900035,SYNTH COMPANY 035 SRL,synth retail 00170,PURCHASE,635,"CHELT. CU ALTE IMPOZITE, TAXE",319170,1.0000,1
9900035,SYNTH COMPANY 035 SRL,synth maintenance 00049,PURCHASE,628,ALTE CHELT. CU SERVICIILE EXECUTATE DE TERTI,300049,1.0000,1
9900035,SYNTH COMPANY 035 SRL,synth packaging 00556,PURCHASE,607,CHELT. PRIVIND MARFURILE,309556,1.0000,1
9900036,SYNTH COMPANY 036 SRL,synth packaging 00689,PURCHASE,612,"CHELT. CU REDEVENTELE, LOCATIILE DE GESTIUNE",300689,1.0000,31
9900036,SYNTH COMPANY 036 SRL,synth raw material 00105,PURCHASE,613,CHELT. CU PRIMELE DE ASIGURARE,309105,1.0000,4
9900036,SYNTH COMPANY 036 SRL,synth office 00320,PURCHASE,601,CHELT. CU MATERIILE PRIME,309320,1.0000,12
9900036,SYNTH COMPANY 036 SRL,synth utility 00943,PURCHASE,6022,CHELT. PRIVIND COMBUSTIBILUL,321943,1.0000,18
9900036,SYNTH COMPANY 036 SRL,synth office 00581,PURCHASE,608,CHELT. PRIVIND AMBALAJELE,311581,1.0000,6
9900036,SYNTH COMPANY 036 SRL,synth utility 00641,PURCHASE,613,CHELT. CU PRIMELE DE ASIGURARE,300641,1.0000,6
9900036,SYNTH COMPANY 036 SRL,synth service 00987,PURCHASE,371,MARFURI,319987,1.0000,1
9900036,SYNTH COMPANY 036 SRL,synth service 00452,PURCHASE,609,REDUCERI COMERCIALE PRIMITE,311452,1.0000,17
9900036,SYNTH COMPANY 036 SRL,synth utility 00823,PURCHASE,625,"CHELT. CU DEPLASARI, DETASARI",319823,1.0000,2
9900036,SYNTH COMPANY 036 SRL,synth fuel 00999,PURCHASE,602,CHELT. CU MATERIALELE CONSUMABILE,311999,1.0000,3
9900036,SYNTH COMPANY 036 SRL,synth utility 01076,PURCHASE,601,CHELT. CU MATERIILE PRIME,321076,1.0000,1
9900036,SYNTH COMPANY 036 SRL,synth office 01056,PURCHASE,609,REDUCERI COMERCIALE PRIMITE,305056,1.0000,2
9900036,SYNTH COMPANY 036 SRL,synth misc 00857,SALE,4427,TVA COLECTATA,309857,1.0000,13
9900036,SYNTH COMPANY 036 SRL,synth raw material 00104,SALE,4427,TVA COLECTATA,319104,1.0000,8
9900036,SYNTH COMPANY 036 SRL,synth maintenance 00983,SALE,704,VEN. DIN SERVICII PRESTATE,305983,1.0000,4
9900036,SYNTH COMPANY 036 SRL,synth maintenance 00507,SALE,704,VEN. DIN SERVICII PRESTATE,300507,1.0000,24
9900036,SYNTH COMPANY 036 SRL,synth office 01058,PURCHASE,605,CHELT. CU ENERGIA SI APA,309058,1.0000,2
9900036,SYNTH COMPANY 036 SRL,synth fuel 00047,PURCHASE,628,ALTE CHELT. CU SERVICIILE EXECUTATE DE TERTI,305047,1.0000,8
9900036,SYNTH COMPANY 036 SRL,synth fuel 00470,PURCHASE,601,CHELT. CU MATERIILE PRIME,321470,1.0000,1
9900036,SYNTH COMPANY 036 SRL,synth service 00222,SALE,411,CLIENTI,300222,1.0000,4
9900036,SYNTH COMPANY 036 SRL,synth fuel 00733,PURCHASE,601,CHELT. CU MATERIILE PRIME,305733,1.0000,1
9900036,SYNTH COMPANY 036 SRL,synth packaging 00348,SALE,701,VEN. DIN VANZAREA PROD. FINITE,311348,0.7143,7
9900036,SYNTH COMPANY 036 SRL,synth packaging 00554,PURCHASE,371,MARFURI,321554,1.0000,2
9900036,SYNTH COMPANY 036 SRL,synth maintenance 00082,PURCHASE,609,REDUCERI COMERCIALE PRIMITE,309082,1.0000,2
9900037,SYNTH COMPANY 037 SRL,synth retail 00493,PURCHASE,622,CHELT. CU COMISIOANELE SI ONORARIILE,311493,1.0000,29
9900037,SYNTH COMPANY 037 SRL,synth retail 00838,PURCHASE,4426,TVA DEDUCTIBILA,309838,1.0000,3
9900037,SYNTH COMPANY 037 SRL,synth office 00581,PURCHASE,605,CHELT. CU ENERGIA SI APA,311581,1.0000,4
9900037,SYNTH COMPANY 037 SRL,synth packaging 00858,SALE,701,VEN. DIN VANZAREA PROD. FINITE,319858,1.0000,7
9900037,SYNTH COMPANY 037 SRL,synth raw material 00286,SALE,411,CLIENTI,311286,1.0000,3
9900037,SYNTH COMPANY 037 SRL,synth transport 00285,SALE,704,VEN. DIN SERVICII PRESTATE,309285,1.0000,2
9900037,SYNTH COMPANY 037 SRL,synth service 00142,PURCHASE,601,CHELT. CU MATERIILE PRIME,309142,1.0000,2
9900037,SYNTH COMPANY 037 SRL,synth retail 00322,PURCHASE,613,CHELT. CU PRIMELE DE ASIGURARE,309322,1.0000,2
9900037,SYNTH COMPANY 037 SRL,synth transport 01057,PURCHASE,612,"CHELT. CU REDEVENTELE, LOCATIILE DE GESTIUNE",305057,1.0000,5
9900037,SYNTH COMPANY 037 SRL,synth packaging 00522,PURCHASE,601,CHELT. CU MATERIILE PRIME,321522,1.0000,1
9900037,SYNTH COMPANY 037 SRL,synth transport 00516,PURCHASE,605,CHELT. CU ENERGIA SI APA,309516,1.0000,6
9900037,SYNTH COMPANY 037 SRL,synth office 00308,PURCHASE,605,CHELT. CU ENERGIA SI APA,300308,1.0000,3
9900037,SYNTH COMPANY 037 SRL,synth transport 00199,SALE,701,VEN. DIN VANZAREA PROD. FINITE,300199,1.0000,1
9900037,SYNTH COMPANY 037 SRL,synth utility 01016,PURCHASE,605,CHELT. CU ENERGIA SI APA,319016,1.0000,4
9900037,SYNTH COMPANY 037 SRL,synth maintenance 00093,PURCHASE,401,FURNIZORI,300093,1.0000,1
9900037,SYNTH COMPANY 037 SRL,synth transport 01132,PURCHASE,628,ALTE CHELT. CU SERVICIILE EXECUTATE DE TERTI,311132,1.0000,1
9900037,SYNTH COMPANY 037 SRL,synth misc 00242,PURCHASE,371,MARFURI,305242,1.0000,1
9900037,SYNTH COMPANY 037 SRL,synth retail 00164,SALE,4427,TVA COLECTATA,321164,1.0000,4
9900037,SYNTH COMPANY 037 SRL,synth misc 00730,SALE,704,VEN. DIN SERVICII PRESTATE,300730,1.0000,1
9900037,SYNTH COMPANY 037 SRL,synth raw material 00873,SALE,411,CLIENTI,305873,1.0000,1
9900037,SYNTH COMPANY 037 SRL,synth fuel 00139,SALE,704,VEN. DIN SERVICII PRESTATE,311139,1.0000,2
9900037,SYNTH COMPANY 037 SRL,synth packaging 00178,PURCHASE,401,FURNIZORI,305178,1.0000,2
9900037,SYNTH COMPANY 037 SRL,synth utility 00083,PURCHASE,625,"CHELT. CU DEPLASARI, DETASARI",300083,1.0000,1
9900038,SYNTH COMPANY 038 SRL,synth office 01014,SALE,411,CLIENTI,311014,1.0000,2
9900038,SYNTH COMPANY 038 SRL,synth raw material 00025,SALE,704,VEN. DIN SERVICII PRESTATE,321025,1.0000,3
9900038,SYNTH COMPANY 038 SRL,synth retail 00940,PURCHASE,628,ALTE CHELT. CU SERVICIILE EXECUTATE DE TERTI,321940,1.0000,10
9900038,SYNTH COMPANY 038 SRL,synth packaging 00501,SALE,411,CLIENTI,305501,1.0000,2
9900038,SYNTH COMPANY 038 SRL,synth service 00358,SALE,704,VEN. DIN SERVICII PRESTATE,300358,1.0000,1
9900038,SYNTH COMPANY 038 SRL,synth office 00894,SALE,4427,TVA COLECTATA,311894,1.0000,2
9900038,SYNTH COMPANY 038 SRL,synth retail 00519,PURCHASE,601,CHELT. CU MATERIILE PRIME,321519,1.0000,5
9900038,SYNTH COMPANY 038 SRL,synth packaging 00483,PURCHASE,609,REDUCERI COMERCIALE PRIMITE,311483,1.0000,1
9900038,SYNTH COMPANY 038 SRL,synth office 00624,PURCHASE,601,CHELT. CU MATERIILE PRIME,319624,1.0000,1
9900038,SYNTH COMPANY 038 SRL,synth raw material 01005,PURCHASE,371,MARFURI,319005,1.0000,2
9900038,SYNTH COMPANY 038 SRL,synth raw material 00216,PURCHASE,628,ALTE CHELT. CU SERVICIILE EXECUTATE DE TERTI,300216,1.0000,2
9900038,SYNTH COMPANY 038 SRL,synth fuel 00465,PURCHASE,6022,CHELT. PRIVIND COMBUSTIBILUL,309465,1.0000,5
9900038,SYNTH COMPANY 038 SRL,synth raw material 00923,SALE,701,VEN. DIN VANZAREA PROD. FINITE,300923,1.0000,1
9900038,SYNTH COMPANY 038 SRL,synth maintenance 00141,PURCHASE,602,CHELT. CU MATERIALELE CONSUMABILE,311141,1.0000,2
9900038,SYNTH COMPANY 038 SRL,synth service 00714,PURCHASE,612,"CHELT. CU REDEVENTELE, LOCATIILE DE GESTIUNE",300714,1.0000,1
9900039,SYNTH COMPANY 039 SRL,synth packaging 00628,SALE,4427,TVA COLECTATA,305628,1.0000,3
9900039,SYNTH COMPANY 039 SRL,synth maintenance 00086,PURCHASE,613,CHELT. CU PRIMELE DE ASIGURARE,319086,1.0000,48
9900039,SYNTH COMPANY 039 SRL,synth utility 01185,PURCHASE,602,CHELT. CU MATERIALELE CONSUMABILE,311185,1.0000,1
9900039,SYNTH COMPANY 039 SRL,synth transport 01009,PURCHASE,607,CHELT. PRIVIND MARFURILE,321009,1.0000,7
9900039,SYNTH COMPANY 039 SRL,synth maintenance 01121,PURCHASE,601,CHELT. CU MATERIILE PRIME,319121,1.0000,10
9900039,SYNTH COMPANY 039 SRL,synth service 00055,SALE,707,VEN. DIN VANZAREA MARFURILOR,300055,1.0000,12
9900039,SYNTH COMPANY 039 SRL,synth utility 00008,SALE,704,VEN. DIN SERVICII PRESTATE,321008,1.0000,5
9900039,SYNTH COMPANY 039 SRL,synth maintenance 00065,PURCHASE,602,CHELT. CU MATERIALELE CONSUMABILE,300065,1.0000,10
9900039,SYNTH COMPANY 039 SRL,synth service 00002,PURCHASE,628,ALTE CHELT. CU SERVICIILE EXECUTATE DE TERTI,311002,1.0000,5
9900039,SYNTH COMPANY 039 SRL,synth office 00209,PURCHASE,609,REDUCERI COMERCIALE PRIMITE,321209,1.0000,3
9900039,SYNTH COMPANY 039 SRL,synth fuel 01183,PURCHASE,612,"CHELT. CU REDEVENTELE, LOCATIILE DE GESTIUNE",305183,1.0000,2
9900039,SYNTH COMPANY 039 SRL,synth raw material 00424,PURCHASE,609,REDUCERI COMERCIALE PRIMITE,321424,1.0000,2
9900039,SYNTH COMPANY 039 SRL,synth raw material 01100,PURCHASE,622,CHELT. CU COMISIOANELE SI ONORARIILE,321100,1.0000,3
9900039,SYNTH COMPANY 039 SRL,synth packaging 00790,PURCHASE,401,FURNIZORI,321790,1.0000,8
9900039,SYNTH COMPANY 039 SRL,synth transport 00199,SALE,411,CLIENTI,300199,1.0000,2
9900039,SYNTH COMPANY 039 SRL,synth service 00454,SALE,701,VEN. DIN VANZAREA PROD. FINITE,309454,1.0000,2
9900039,SYNTH COMPANY 039 SRL,synth office 00690,PURCHASE,622,CHELT. CU COMISIOANELE SI ONORARIILE,319690,1.0000,1
9900039,SYNTH COMPANY 039 SRL,synth fuel 00732,PURCHASE,605,CHELT. CU ENERGIA SI APA,319732,1.0000,1
9900040,SYNTH COMPANY 040 SRL,synth packaging 00376,SALE,707,VEN. DIN VANZAREA MARFURILOR,309376,1.0000,4
9900040,SYNTH COMPANY 040 SRL,synth maintenance 00737,SALE,411,CLIENTI,309737,0.8000,5
9900040,SYNTH COMPANY 040 SRL,synth retail 00744,PURCHASE,601,CHELT. CU MATERIILE PRIME,319744,1.0000,2
9900040,SYNTH COMPANY 040 SRL,synth utility 00846,PURCHASE,371,MARFURI,319846,1.0000,1
9900040,SYNTH COMPANY 040 SRL,synth utility 00469,PURCHASE,622,CHELT. CU COMISIOANELE SI ONORARIILE,321469,1.0000,2
9900040,SYNTH COMPANY 040 SRL,synth packaging 00831,PURCHASE,625,"CHELT. CU DEPLASARI, DETASARI",311831,1.0000,5
9900040,SYNTH COMPANY 040 SRL,synth service 00389,PURCHASE,602,CHELT. CU MATERIALELE CONSUMABILE,300389,1.0000,3
9900040,SYNTH COMPANY 040 SRL,synth raw material 00110,PURCHASE,605,CHELT. CU ENERGIA SI APA,321110,1.0000,8
9900040,SYNTH COMPANY 040 SRL,synth maintenance 00506,PURCHASE,6022,CHELT. PRIVIND COMBUSTIBILUL,311506,1.0000,3
9900040,SYNTH COMPANY 040 SRL,synth misc 00456,PURCHASE,4426,TVA DEDUCTIBILA,309456,1.0000,4
9900040,SYNTH COMPANY 040 SRL,synth misc 00863,PURCHASE,371,MARFURI,305863,1.0000,13
9900040,SYNTH COMPANY 040 SRL,synth fuel 00013,PURCHASE,613,CHELT. CU PRIMELE DE ASIGURARE,300013,1.0000,6
9900040,SYNTH COMPANY 040 SRL,synth packaging 00421,PURCHASE,601,CHELT. CU MATERIILE PRIME,309421,1.0000,7
9900040,SYNTH COMPANY 040 SRL,synth packaging 01050,PURCHASE,602,CHELT. CU MATERIALELE CONSUMABILE,305050,1.0000,10
9900040,SYNTH COMPANY 040 SRL,synth utility 00878,PURCHASE,602,CHELT. CU MATERIALELE CONSUMABILE,321878,1.0000,1
9900040,SYNTH COMPANY 040 SRL,synth utility 00962,PURCHASE,628,ALTE CHELT. CU SERVICIILE EXECUTATE DE TERTI,309962,1.0000,6
9900040,SYNTH COMPANY 040 SRL,synth packaging 00367,PURCHASE,613,CHELT. CU PRIMELE DE ASIGURARE,321367,1.0000,2
9900040,SYNTH COMPANY 040 SRL,synth retail 00021,PURCHASE,625,"CHELT. CU DEPLASARI, DETASARI",311021,1.0000,1
9900040,SYNTH COMPANY 040 SRL,synth maintenance 00695,PURCHASE,4426,TVA DEDUCTIBILA,305695,1.0000,4
9900040,SYNTH COMPANY 040 SRL,synth maintenance 00347,SALE,411,CLIENTI,305347,1.0000,2
9900040,SYNTH COMPANY 040 SRL,synth service 00055,SALE,707,VEN. DIN VANZAREA MARFURILOR,300055,1.0000,3
9900040,SYNTH COMPANY 040 SRL,synth utility 00671,PURCHASE,605,CHELT. CU ENERGIA SI APA,305671,1.0000,4
9900040,SYNTH COMPANY 040 SRL,synth fuel 00176,PURCHASE,608,CHELT. PRIVIND AMBALAJELE,319176,1.0000,2
9900040,SYNTH COMPANY 040 SRL,synth transport 00238,PURCHASE,602,CHELT. CU MATERIALELE CONSUMABILE,300238,1.0000,2
9900040,SYNTH COMPANY 040 SRL,synth maintenance 00741,PURCHASE,371,MARFURI,321741,1.0000,2
9900040,SYNTH COMPANY 040 SRL,synth retail 00924,PURCHASE,635,"CHELT. CU ALTE IMPOZITE, TAXE",311924,1.0000,3
9900040,SYNTH COMPANY 040 SRL,synth office 00289,PURCHASE,608,CHELT. PRIVIND AMBALAJELE,305289,1.0000,1
9900041,SYNTH COMPANY 041 SRL,synth office 00290,PURCHASE,609,REDUCERI COMERCIALE PRIMITE,300290,1.0000,20
9900041,SYNTH COMPANY 041 SRL,synth packaging 00674,PURCHASE,371,MARFURI,319674,1.0000,6
9900041,SYNTH COMPANY 041 SRL,synth maintenance 01121,PURCHASE,601,CHELT. CU MATERIILE PRIME,319121,1.0000,7
9900041,SYNTH COMPANY 041 SRL,synth raw material 00027,PURCHASE,612,"CHELT. CU REDEVENTELE, LOCATIILE DE GESTIUNE",311027,0.9500,20
9900041,SYNTH COMPANY 041 SRL,synth utility 00455,PURCHASE,601,CHELT. CU MATERIILE PRIME,305455,1.0000,12
9900041,SYNTH COMPANY 041 SRL,synth fuel 00219,PURCHASE,601,CHELT. CU MATERIILE PRIME,305219,1.0000,7
9900041,SYNTH COMPANY 041 SRL,synth utility 00631,PURCHASE,601,CHELT. CU MATERIILE PRIME,311631,1.0000,3
9900041,SYNTH COMPANY 041 SRL,synth misc 00404,PURCHASE,6022,CHELT. PRIVIND COMBUSTIBILUL,311404,1.0000,5
9900041,SYNTH COMPANY 041 SRL,synth raw material 00915,PURCHASE,628,ALTE CHELT. CU SERVICIILE EXECUTATE DE TERTI,319915,1.0000,1
9900041,SYNTH COMPANY 041 SRL,synth service 01138,PURCHASE,609,REDUCERI COMERCIALE PRIMITE,300138,0.9286,14
9900041,SYNTH COMPANY 041 SRL,synth utility 00962,PURCHASE,628,ALTE CHELT. CU SERVICIILE EXECUTATE DE TERTI,309962,1.0000,7
9900041,SYNTH COMPANY 041 SRL,synth retail 00813,PURCHASE,602,CHELT. CU MATERIALELE CONSUMABILE,319813,1.0000,2
9900041,SYNTH COMPANY 041 SRL,synth misc 00395,PURCHASE,608,CHELT. PRIVIND AMBALAJELE,321395,1.0000,1
9900041,SYNTH COMPANY 041 SRL,synth retail 01160,SALE,704,VEN. DIN SERVICII PRESTATE,321160,1.0000,4
9900041,SYNTH COMPANY 041 SRL,synth service 01112,SALE,701,VEN. DIN VANZAREA PROD. FINITE,309112,1.0000,9
9900041,SYNTH COMPANY 041 SRL,synth fuel 00989,PURCHASE,607,CHELT. PRIVIND MARFURILE,319989,1.0000,1
9900041,SYNTH COMPANY 041 SRL,synth misc 00600,PURCHASE,605,CHELT. CU ENERGIA SI APA,305600,1.0000,5
9900041,SYNTH COMPANY 041 SRL,synth utility 00256,PURCHASE,609,REDUCERI COMERCIALE PRIMITE,311256,1.0000,2
9900041,SYNTH COMPANY 041 SRL,synth office 00102,PURCHASE,6022,CHELT. PRIVIND COMBUSTIBILUL,321102,1.0000,1
9900041,SYNTH COMPANY 041 SRL,synth fuel 00732,PURCHASE,605,CHELT. CU ENERGIA SI APA,319732,1.0000,2
9900041,SYNTH COMPANY 041 SRL,synth utility 00489,SALE,4427,TVA COLECTATA,321489,1.0000,4
9900041,SYNTH COMPANY 041 SRL,synth transport 00411,SALE,4427,TVA COLECTATA,311411,1.0000,1
9900041,SYNTH COMPANY 041 SRL,synth office 00972,SALE,411,CLIENTI,311972,1.0000,1
9900041,SYNTH COMPANY 041 SRL,synth office 00252,PURCHASE,4426,TVA DEDUCTIBILA,300252,1.0000,1
9900041,SYNTH COMPANY 041 SRL,synth misc 01187,PURCHASE,4426,TVA DEDUCTIBILA,300187,1.0000,1
9900042,SYNTH COMPANY 042 SRL,synth office 00499,SALE,707,VEN. DIN VANZAREA MARFURILOR,311499,1.0000,15
9900042,SYNTH COMPANY 042 SRL,synth utility 00383,SALE,704,VEN. DIN SERVICII PRESTATE,309383,1.0000,22
9900042,SYNTH COMPANY 042 SRL,synth service 00497,PURCHASE,628,ALTE CHELT. CU SERVICIILE EXECUTATE DE TERTI,321497,1.0000,11
9900042,SYNTH COMPANY 042 SRL,synth raw material 00188,SALE,704,VEN. DIN SERVICII PRESTATE,319188,1.0000,25
9900042,SYNTH COMPANY 042 SRL,synth maintenance 00870,PURCHASE,6022,CHELT. PRIVIND COMBUSTIBILUL,305870,1.0000,15
9900042,SYNTH COMPANY 042 SRL,synth misc 01104,PURCHASE,607,CHELT. PRIVIND MARFURILE,321104,1.0000,15
9900042,SYNTH COMPANY 042 SRL,synth maintenance 00521,SALE,411,CLIENTI,319521,1.0000,4
9900042,SYNTH COMPANY 042 SRL,synth retail 00720,PURCHASE,625,"CHELT. CU DEPLASARI, DETASARI",319720,1.0000,4
9900042,SYNTH COMPANY 042 SRL,synth retail 00538,PURCHASE,602,CHELT. CU MATERIALELE CONSUMABILE,300538,1.0000,6
9900042,SYNTH COMPANY 042 SRL,synth transport 00230,PURCHASE,625,"CHELT. CU DEPLASARI, DETASARI",311230,1.0000,2
9900042,SYNTH COMPANY 042 SRL,synth maintenance 01121,PURCHASE,607,CHELT. PRIVIND MARFURILE,319121,0.9474,19
9900042,SYNTH COMPANY 042 SRL,synth fuel 00277,SALE,707,VEN. DIN VANZAREA MARFURILOR,300277,1.0000,4
9900042,SYNTH COMPANY 042 SRL,synth utility 00749,PURCHASE,608,CHELT. PRIVIND AMBALAJELE,300749,1.0000,12
9900042,SYNTH COMPANY 042 SRL,synth transport 01149,PURCHASE,371,MARFURI,319149,1.0000,4
9900042,SYNTH COMPANY 042 SRL,synth raw material 00513,PURCHASE,635,"CHELT. CU ALTE IMPOZITE, TAXE",319513,1.0000,4
9900042,SYNTH COMPANY 042 SRL,synth retail 01030,PURCHASE,6022,CHELT. PRIVIND COMBUSTIBILUL,309030,1.0000,12
9900042,SYNTH COMPANY 042 SRL,synth maintenance 01154,PURCHASE,371,MARFURI,311154,1.0000,10
9900042,SYNTH COMPANY 042 SRL,synth misc 00681,PURCHASE,625,"CHELT. CU DEPLASARI, DETASARI",300681,1.0000,7
9900042,SYNTH COMPANY 042 SRL,synth raw material 00245,PURCHASE,4426,TVA DEDUCTIBILA,309245,1.0000,4
9900042,SYNTH COMPANY 042 SRL,synth misc 00584,PURCHASE,605,CHELT. CU ENERGIA SI APA,305584,1.0000,8
9900042,SYNTH COMPANY 042 SRL,synth utility 00553,PURCHASE,625,"CHELT. CU DEPLASARI, DETASARI",311553,1.0000,2
9900042,SYNTH COMPANY 042 SRL,synth service 00034,PURCHASE,371,MARFURI,311034,1.0000,1
9900042,SYNTH COMPANY 042 SRL,synth office 00673,PURCHASE,4426,TVA DEDUCTIBILA,319673,1.0000,1
9900043,SYNTH COMPANY 043 SRL,synth misc 00393,PURCHASE,625,"CHELT. CU DEPLASARI, DETASARI",305393,0.8571,7
9900043,SYNTH COMPANY 043 SRL,synth office 00073,PURCHASE,605,CHELT. CU ENERGIA SI APA,305073,1.0000,25
9900043,SYNTH COMPANY 043 SRL,synth raw material 00446,PURCHASE,608,CHELT. PRIVIND AMBALAJELE,321446,1.0000,7
9900043,SYNTH COMPANY 043 SRL,synth retail 00012,PURCHASE,601,CHELT. CU MATERIILE PRIME,321012,1.0000,2
9900043,SYNTH COMPANY 043 SRL,synth raw material 00216,PURCHASE,628,ALTE CHELT. CU SERVICIILE EXECUTATE DE TERTI,300216,1.0000,7
9900043,SYNTH COMPANY 043 SRL,synth office 00532,PURCHASE,613,CHELT. CU PRIMELE DE ASIGURARE,309532,1.0000,2
9900043,SYNTH COMPANY 043 SRL,synth fuel 00240,PURCHASE,601,CHELT. CU MATERIILE PRIME,309240,1.0000,2
9900043,SYNTH COMPANY 043 SRL,synth transport 00901,PURCHASE,601,CHELT. CU MATERIILE PRIME,309901,1.0000,14
9900043,SYNTH COMPANY 043 SRL,synth packaging 00976,PURCHASE,601,CHELT. CU MATERIILE PRIME,300976,1.0000,1
9900043,SYNTH COMPANY 043 SRL,synth office 00066,PURCHASE,635,"CHELT. CU ALTE IMPOZITE, TAXE",300066,1.0000,2
9900043,SYNTH COMPANY 043 SRL,synth misc 00941,SALE,411,CLIENTI,311941,1.0000,8
9900043,SYNTH COMPANY 043 SRL,synth retail 01130,SALE,707,VEN. DIN VANZAREA MARFURILOR,305130,1.0000,12
9900043,SYNTH COMPANY 043 SRL,synth packaging 00040,SALE,4427,TVA COLECTATA,311040,1.0000,17
9900043,SYNTH COMPANY 043 SRL,synth service 00055,SALE,707,VEN. DIN VANZAREA MARFURILOR,300055,1.0000,7
9900043,SYNTH COMPANY 043 SRL,synth transport 00097,PURCHASE,625,"CHELT. CU DEPLASARI, DETASARI",300097,1.0000,3
9900043,SYNTH COMPANY 043 SRL,synth office 00581,PURCHASE,608,CHELT. PRIVIND AMBALAJELE,311581,1.0000,3
9900043,SYNTH COMPANY 043 SRL,synth raw material 01001,PURCHASE,607,CHELT. PRIVIND MARFURILE,319001,1.0000,2
9900043,SYNTH COMPANY 043 SRL,synth utility 01036,PURCHASE,628,ALTE CHELT. CU SERVICIILE EXECUTATE DE TERTI,321036,1.0000,5
9900043,SYNTH COMPANY 043 SRL,synth maintenance 00550,PURCHASE,608,CHELT. PRIVIND AMBALAJELE,305550,1.0000,2
9900043,SYNTH COMPANY 043 SRL,synth fuel 00985,PURCHASE,6022,CHELT. PRIVIND COMBUSTIBILUL,309985,1.0000,1
9900043,SYNTH COMPANY 043 SRL,synth office 00929,PURCHASE,635,"CHELT. CU ALTE IMPOZITE, TAXE",300929,1.0000,1
9900043,SYNTH COMPANY 043 SRL,synth retail 00322,PURCHASE,635,"CHELT. CU ALTE IMPOZITE, TAXE",309322,1.0000,1
9900043,SYNTH COMPANY 043 SRL,synth service 00388,PURCHASE,609,REDUCERI COMERCIALE PRIMITE,300388,1.0000,2
9900043,SYNTH COMPANY 043 SRL,synth transport 01170,PURCHASE,605,CHELT. CU ENERGIA SI APA,319170,1.0000,1
9900044,SYNTH COMPANY 044 SRL,synth packaging 00258,PURCHASE,4426,TVA DEDUCTIBILA,311258,1.0000,5
9900044,SYNTH COMPANY 044 SRL,synth office 01155,PURCHASE,601,CHELT. CU MATERIILE PRIME,305155,1.0000,19
9900044,SYNTH COMPANY 044 SRL,synth packaging 00711,SALE,704,VEN. DIN SERVICII PRESTATE,309711,1.0000,23
9900044,SYNTH COMPANY 044 SRL,synth transport 00059,SALE,701,VEN. DIN VANZAREA PROD. FINITE,305059,0.7143,7
9900044,SYNTH COMPANY 044 SRL,synth office 01058,PURCHASE,605,CHELT. CU ENERGIA SI APA,309058,1.0000,5
9900044,SYNTH COMPANY 044 SRL,synth utility 00563,PURCHASE,613,CHELT. CU PRIMELE DE ASIGURARE,319563,1.0000,20
9900044,SYNTH COMPANY 044 SRL,synth retail 00611,PURCHASE,635,"CHELT. CU ALTE IMPOZITE, TAXE",319611,1.0000,5
9900044,SYNTH COMPANY 044 SRL,synth utility 01177,PURCHASE,625,"CHELT. CU DEPLASARI, DETASARI",309177,1.0000,19
9900044,SYNTH COMPANY 044 SRL,synth service 00418,PURCHASE,622,CHELT. CU COMISIOANELE SI ONORARIILE,321418,1.0000,6
9900044,SYNTH COMPANY 044 SRL,synth retail 00620,PURCHASE,635,"CHELT. CU ALTE IMPOZITE, TAXE",305620,1.0000,1
9900044,SYNTH COMPANY 044 SRL,synth misc 00179,SALE,701,VEN. DIN VANZAREA PROD. FINITE,311179,1.0000,6
9900044,SYNTH COMPANY 044 SRL,synth packaging 00518,SALE,701,VEN. DIN VANZAREA PROD. FINITE,319518,1.0000,10
9900044,SYNTH COMPANY 044 SRL,synth utility 00166,PURCHASE,622,CHELT. CU COMISIOANELE SI ONORARIILE,305166,1.0000,23
9900044,SYNTH COMPANY 044 SRL,synth maintenance 00049,PURCHASE,607,CHELT. PRIVIND MARFURILE,300049,1.0000,4
9900045,SYNTH COMPANY 045 SRL,synth misc 00693,PURCHASE,625,"CHELT. CU DEPLASARI, DETASARI",321693,1.0000,1
9900045,SYNTH COMPANY 045 SRL,synth utility 00120,PURCHASE,401,FURNIZORI,300120,1.0000,1
9900045,SYNTH COMPANY 045 SRL,synth fuel 00634,PURCHASE,601,CHELT. CU MATERIILE PRIME,300634,1.0000,1
9900045,SYNTH COMPANY 045 SRL,synth fuel 00897,PURCHASE,371,MARFURI,300897,1.0000,1
9900045,SYNTH COMPANY 045 SRL,synth raw material 00582,PURCHASE,622,CHELT. CU COMISIOANELE SI ONORARIILE,311582,1.0000,2
9900045,SYNTH COMPANY 045 SRL,synth utility 00749,PURCHASE,607,CHELT. PRIVIND MARFURILE,300749,1.0000,1
9900045,SYNTH COMPANY 045 SRL,synth packaging 00554,PURCHASE,613,CHELT. CU PRIMELE DE ASIGURARE,321554,1.0000,1
9900045,SYNTH COMPANY 045 SRL,synth retail 01030,PURCHASE,6022,CHELT. PRIVIND COMBUSTIBILUL,309030,1.0000,1
9900045,SYNTH COMPANY 045 SRL,synth raw material 00463,PURCHASE,602,CHELT. CU MATERIALELE CONSUMABILE,300463,1.0000,1
9900045,SYNTH COMPANY 045 SRL,synth service 00949,PURCHASE,601,CHELT. CU MATERIILE PRIME,309949,1.0000,1
9900045,SYNTH COMPANY 045 SRL,synth transport 00152,PURCHASE,625,"CHELT. CU DEPLASARI, DETASARI",319152,1.0000,1
9900045,SYNTH COMPANY 045 SRL,synth raw material 00988,PURCHASE,6022,CHELT. PRIVIND COMBUSTIBILUL,309988,1.0000,1
9900045,SYNTH COMPANY 045 SRL,synth office 01043,PURCHASE,622,CHELT. CU COMISIOANELE SI ONORARIILE,319043,1.0000,1
9900046,SYNTH COMPANY 046 SRL,synth misc 00236,SALE,411,CLIENTI,321236,1.0000,9
9900046,SYNTH COMPANY 046 SRL,synth raw material 01015,SALE,704,VEN. DIN SERVICII PRESTATE,321015,1.0000,16
9900046,SYNTH COMPANY 046 SRL,synth raw material 00903,SALE,701,VEN. DIN VANZAREA PROD. FINITE,300903,1.0000,2
9900046,SYNTH COMPANY 046 SRL,synth packaging 00887,PURCHASE,6022,CHELT. PRIVIND COMBUSTIBILUL,321887,1.0000,2
9900046,SYNTH COMPANY 046 SRL,synth utility 00551,PURCHASE,628,ALTE CHELT. CU SERVICIILE EXECUTATE DE TERTI,305551,1.0000,4
9900046,SYNTH COMPANY 046 SRL,synth raw material 00403,PURCHASE,609,REDUCERI COMERCIALE PRIMITE,319403,1.0000,4
9900046,SYNTH COMPANY 046 SRL,synth raw material 00216,PURCHASE,628,ALTE CHELT. CU SERVICIILE EXECUTATE DE TERTI,300216,1.0000,8
9900046,SYNTH COMPANY 046 SRL,synth misc 00113,PURCHASE,371,MARFURI,321113,1.0000,5
9900046,SYNTH COMPANY 046 SRL,synth office 00121,PURCHASE,607,CHELT. PRIVIND MARFURILE,311121,1.0000,1
9900046,SYNTH COMPANY 046 SRL,synth office 00184,PURCHASE,401,FURNIZORI,311184,1.0000,2
9900046,SYNTH COMPANY 046 SRL,synth fuel 01183,PURCHASE,612,"CHELT. CU REDEVENTELE, LOCATIILE DE GESTIUNE",305183,1.0000,3
9900046,SYNTH COMPANY 046 SRL,synth fuel 00402,PURCHASE,608,CHELT. PRIVIND AMBALAJELE,300402,1.0000,1
9900046,SYNTH COMPANY 046 SRL,synth raw material 00827,PURCHASE,607,CHELT. PRIVIND MARFURILE,319827,1.0000,1
9900046,SYNTH COMPANY 046 SRL,synth fuel 00047,PURCHASE,609,REDUCERI COMERCIALE PRIMITE,305047,1.0000,6
9900046,SYNTH COMPANY 046 SRL,synth misc 00088,PURCHASE,605,CHELT. CU ENERGIA SI APA,311088,1.0000,1
9900046,SYNTH COMPANY 046 SRL,synth packaging 00554,PURCHASE,613,CHELT. CU PRIMELE DE ASIGURARE,321554,1.0000,3
9900046,SYNTH COMPANY 046 SRL,synth service 00454,SALE,4427,TVA COLECTATA,309454,1.0000,1
9900046,SYNTH COMPANY 046 SRL,synth office 00156,PURCHASE,601,CHELT. CU MATERIILE PRIME,311156,1.0000,1
9900046,SYNTH COMPANY 046 SRL,synth retail 00078,PURCHASE,602,CHELT. CU MATERIALELE CONSUMABILE,311078,1.0000,3
9900046,SYNTH COMPANY 046 SRL,synth maintenance 00158,PURCHASE,608,CHELT. PRIVIND AMBALAJELE,300158,1.0000,1
9900046,SYNTH COMPANY 046 SRL,synth fuel 00756,PURCHASE,401,FURNIZORI,309756,1.0000,1
9900046,SYNTH COMPANY 046 SRL,synth maintenance 01159,PURCHASE,612,"CHELT. CU REDEVENTELE, LOCATIILE DE GESTIUNE",321159,1.0000,1
9900047,SYNTH COMPANY 047 SRL,synth service 00101,PURCHASE,607,CHELT. PRIVIND MARFURILE,309101,0.6333,30
9900047,SYNTH COMPANY 047 SRL,synth retail 00526,PURCHASE,608,CHELT. PRIVIND AMBALAJELE,319526,1.0000,12
9900047,SYNTH COMPANY 047 SRL,synth raw material 00969,PURCHASE,605,CHELT. CU ENERGIA SI APA,300969,1.0000,1
9900047,SYNTH COMPANY 047 SRL,synth packaging 01047,PURCHASE,605,CHELT. CU ENERGIA SI APA,300047,1.0000,3
9900047,SYNTH COMPANY 047 SRL,synth utility 00551,PURCHASE,628,ALTE CHELT. CU SERVICIILE EXECUTATE DE TERTI,305551,1.0000,4
9900047,SYNTH COMPANY 047 SRL,synth retail 00164,SALE,704,VEN. DIN SERVICII PRESTATE,321164,1.0000,14
9900047,SYNTH COMPANY 047 SRL,synth maintenance 01121,PURCHASE,601,CHELT. CU MATERIILE PRIME,319121,1.0000,3
9900047,SYNTH COMPANY 047 SRL,synth maintenance 00737,SALE,411,CLIENTI,309737,0.7000,10
9900047,SYNTH COMPANY 047 SRL,synth misc 00936,PURCHASE,6022,CHELT. PRIVIND COMBUSTIBILUL,300936,1.0000,1
9900047,SYNTH COMPANY 047 SRL,synth service 00055,SALE,4427,TVA COLECTATA,300055,1.0000,8
9900047,SYNTH COMPANY 047 SRL,synth misc 01191,PURCHASE,605,CHELT. CU ENERGIA SI APA,309191,1.0000,1
9900047,SYNTH COMPANY 047 SRL,synth fuel 00426,SALE,707,VEN. DIN VANZAREA MARFURILOR,311426,1.0000,3
9900047,SYNTH COMPANY 047 SRL,synth maintenance 00828,SALE,4427,TVA COLECTATA,321828,1.0000,3
9900047,SYNTH COMPANY 047 SRL,synth raw material 00536,PURCHASE,602,CHELT. CU MATERIALELE CONSUMABILE,311536,1.0000,1
9900047,SYNTH COMPANY 047 SRL,synth packaging 00421,PURCHASE,601,CHELT. CU MATERIILE PRIME,309421,1.0000,1
9900047,SYNTH COMPANY 047 SRL,synth packaging 00459,PURCHASE,605,CHELT. CU ENERGIA SI APA,309459,1.0000,1
9900047,SYNTH COMPANY 047 SRL,synth misc 00751,PURCHASE,608,CHELT. PRIVIND AMBALAJELE,319751,1.0000,1
9900047,SYNTH COMPANY 047 SRL,synth retail 01078,SALE,707,VEN. DIN VANZAREA MARFURILOR,309078,1.0000,1
9900048,SYNTH COMPANY 048 SRL,synth fuel 00557,PURCHASE,401,FURNIZORI,319557,1.0000,2
9900048,SYNTH COMPANY 048 SRL,synth raw material 01064,SALE,4427,TVA COLECTATA,319064,1.0000,1
9900048,SYNTH COMPANY 048 SRL,synth utility 01119,SALE,701,VEN. DIN VANZAREA PROD. FINITE,305119,1.0000,1
9900048,SYNTH COMPANY 048 SRL,synth misc 00298,SALE,701,VEN. DIN VANZAREA PROD. FINITE,319298,1.0000,1
9900048,SYNTH COMPANY 048 SRL,synth packaging 00858,SALE,411,CLIENTI,319858,1.0000,1
9900048,SYNTH COMPANY 048 SRL,synth maintenance 01121,PURCHASE,601,CHELT. CU MATERIILE PRIME,319121,1.0000,3
9900048,SYNTH COMPANY 048 SRL,synth misc 00106,PURCHASE,608,CHELT. PRIVIND AMBALAJELE,300106,1.0000,1
9900048,SYNTH COMPANY 048 SRL,synth fuel 00992,PURCHASE,371,MARFURI,309992,1.0000,2
9900048,SYNTH COMPANY 048 SRL,synth retail 00431,PURCHASE,601,CHELT. CU MATERIILE PRIME,305431,1.0000,1
9900048,SYNTH COMPANY 048 SRL,synth service 00015,PURCHASE,607,CHELT. PRIVIND MARFURILE,321015,1.0000,1
9900048,SYNTH COMPANY 048 SRL,synth raw material 00110,PURCHASE,401,FURNIZORI,321110,1.0000,1
9900048,SYNTH COMPANY 048 SRL,synth fuel 00514,PURCHASE,628,ALTE CHELT. CU SERVICIILE EXECUTATE DE TERTI,309514,1.0000,1
9900048,SYNTH COMPANY 048 SRL,synth office 00977,PURCHASE,622,CHELT. CU COMISIOANELE SI ONORARIILE,300977,1.0000,1
9900048,SYNTH COMPANY 048 SRL,synth office 00020,PURCHASE,371,MARFURI,305020,1.0000,1
9900048,SYNTH COMPANY 048 SRL,synth service 00394,PURCHASE,622,CHELT. CU COMISIOANELE SI ONORARIILE,309394,1.0000,1
9900048,SYNTH COMPANY 048 SRL,synth service 00575,PURCHASE,602,CHELT. CU MATERIALELE CONSUMABILE,305575,1.0000,1
9900049,SYNTH COMPANY 049 SRL,synth maintenance 00562,PURCHASE,601,CHELT. CU MATERIILE PRIME,321562,1.0000,3
9900049,SYNTH COMPANY 049 SRL,synth retail 00493,PURCHASE,628,ALTE CHELT. CU SERVICIILE EXECUTATE DE TERTI,311493,1.0000,57
9900049,SYNTH COMPANY 049 SRL,synth raw material 00216,PURCHASE,628,ALTE CHELT. CU SERVICIILE EXECUTATE DE TERTI,300216,1.0000,24
9900049,SYNTH COMPANY 049 SRL,synth packaging 00419,PURCHASE,4426,TVA DEDUCTIBILA,309419,1.0000,14
9900049,SYNTH COMPANY 049 SRL,synth packaging 00421,PURCHASE,401,FURNIZORI,309421,1.0000,7
9900049,SYNTH COMPANY 049 SRL,synth fuel 00738,PURCHASE,612,"CHELT. CU REDEVENTELE, LOCATIILE DE GESTIUNE",305738,1.0000,6
9900049,SYNTH COMPANY 049 SRL,synth utility 00786,PURCHASE,601,CHELT. CU MATERIILE PRIME,321786,1.0000,9
9900049,SYNTH COMPANY 049 SRL,synth retail 00744,PURCHASE,601,CHELT. CU MATERIILE PRIME,319744,1.0000,4
9900049,SYNTH COMPANY 049 SRL,synth office 00440,PURCHASE,602,CHELT. CU MATERIALELE CONSUMABILE,321440,1.0000,12
9900049,SYNTH COMPANY 049 SRL,synth office 00687,SALE,704,VEN. DIN SERVICII PRESTATE,300687,1.0000,24
9900049,SYNTH COMPANY 049 SRL,synth office 01065,PURCHASE,607,CHELT. PRIVIND MARFURILE,319065,1.0000,10
9900049,SYNTH COMPANY 049 SRL,synth packaging 01047,PURCHASE,601,CHELT. CU MATERIILE PRIME,300047,1.0000,6
9900049,SYNTH COMPANY 049 SRL,synth utility 01119,SALE,704,VEN. DIN SERVICII PRESTATE,305119,0.6667,6
9900049,SYNTH COMPANY 049 SRL,synth raw material 00586,SALE,707,VEN. DIN VANZAREA MARFURILOR,319586,1.0000,31
9900049,SYNTH COMPANY 049 SRL,synth retail 00041,PURCHASE,608,CHELT. PRIVIND AMBALAJELE,305041,1.0000,4
9900049,SYNTH COMPANY 049 SRL,synth raw material 00071,PURCHASE,609,REDUCERI COMERCIALE PRIMITE,300071,1.0000,13
9900049,SYNTH COMPANY 049 SRL,synth maintenance 01084,PURCHASE,607,CHELT. PRIVIND MARFURILE,319084,1.0000,4
9900049,SYNTH COMPANY 049 SRL,synth office 00604,PURCHASE,608,CHELT. PRIVIND AMBALAJELE,300604,1.0000,2
9900049,SYNTH COMPANY 049 SRL,synth packaging 00958,PURCHASE,605,CHELT. CU ENERGIA SI APA,309958,1.0000,5
9900049,SYNTH COMPANY 049 SRL,synth maintenance 01180,PURCHASE,401,FURNIZORI,305180,1.0000,5
9900049,SYNTH COMPANY 049 SRL,synth service 01068,PURCHASE,628,ALTE CHELT. CU SERVICIILE EXECUTATE DE TERTI,321068,1.0000,2
9900049,SYNTH COMPANY 049 SRL,synth utility 00218,PURCHASE,401,FURNIZORI,311218,0.8000,5
9900049,SYNTH COMPANY 049 SRL,synth service 00055,SALE,707,VEN. DIN VANZAREA MARFURILOR,300055,1.0000,11
9900049,SYNTH COMPANY 049 SRL,synth maintenance 00983,SALE,704,VEN. DIN SERVICII PRESTATE,305983,1.0000,9
9900049,SYNTH COMPANY 049 SRL,synth utility 01125,PURCHASE,605,CHELT. CU ENERGIA SI APA,305125,1.0000,3
9900049,SYNTH COMPANY 049 SRL,synth fuel 01153,PURCHASE,4426,TVA DEDUCTIBILA,321153,1.0000,5
9900049,SYNTH COMPANY 049 SRL,synth retail 00387,PURCHASE,4426,TVA DEDUCTIBILA,305387,1.0000,4
9900049,SYNTH COMPANY 049 SRL,synth raw material 00286,SALE,411,CLIENTI,311286,1.0000,5
9900049,SYNTH COMPANY 049 SRL,synth fuel 00756,PURCHASE,401,FURNIZORI,305756,1.0000,1
9900049,SYNTH COMPANY 049 SRL,synth misc 01191,PURCHASE,607,CHELT. PRIVIND MARFURILE,309191,1.0000,3
9900049,SYNTH COMPANY 049 SRL,synth maintenance 00496,PURCHASE,625,"CHELT. CU DEPLASARI, DETASARI",311496,1.0000,1
9900049,SYNTH COMPANY 049 SRL,synth maintenance 01159,PURCHASE,607,CHELT. PRIVIND MARFURILE,321159,1.0000,1
9900049,SYNTH COMPANY 049 SRL,synth office 00927,PURCHASE,607,CHELT. PRIVIND MARFURILE,305927,1.0000,1
9900050,SYNTH COMPANY 050 SRL,synth utility 00777,PURCHASE,609,REDUCERI COMERCIALE PRIMITE,321777,1.0000,27
9900050,SYNTH COMPANY 050 SRL,synth service 00942,PURCHASE,628,ALTE CHELT. CU SERVICIILE EXECUTATE DE TERTI,305942,1.0000,73
9900050,SYNTH COMPANY 050 SRL,synth misc 00665,PURCHASE,602,CHELT. CU MATERIALELE CONSUMABILE,321665,1.0000,1
9900050,SYNTH COMPANY 050 SRL,synth utility 01137,SALE,4427,TVA COLECTATA,309137,1.0000,51
9900050,SYNTH COMPANY 050 SRL,synth office 00422,SALE,704,VEN. DIN SERVICII PRESTATE,309422,1.0000,3
9900050,SYNTH COMPANY 050 SRL,synth misc 00953,SALE,701,VEN. DIN VANZAREA PROD. FINITE,319953,1.0000,4
9900050,SYNTH COMPANY 050 SRL,synth transport 00175,SALE,411,CLIENTI,309175,1.0000,13
9900050,SYNTH COMPANY 050 SRL,synth fuel 00621,SALE,701,VEN. DIN VANZAREA PROD. FINITE,321621,1.0000,14
9900050,SYNTH COMPANY 050 SRL,synth utility 00962,PURCHASE,628,ALTE CHELT. CU SERVICIILE EXECUTATE DE TERTI,309962,1.0000,49
9900050,SYNTH COMPANY 050 SRL,synth maintenance 00938,PURCHASE,635,"CHELT. CU ALTE IMPOZITE, TAXE",311938,1.0000,16
9900050,SYNTH COMPANY 050 SRL,synth utility 01197,PURCHASE,4426,TVA DEDUCTIBILA,311197,1.0000,17
9900050,SYNTH COMPANY 050 SRL,synth raw material 00848,PURCHASE,607,CHELT. PRIVIND MARFURILE,300848,1.0000,47
9900050,SYNTH COMPANY 050 SRL,synth maintenance 00608,PURCHASE,607,CHELT. PRIVIND MARFURILE,321608,1.0000,7
9900050,SYNTH COMPANY 050 SRL,synth fuel 00481,SALE,411,CLIENTI,305481,1.0000,2
9900050,SYNTH COMPANY 050 SRL,synth raw material 00286,SALE,411,CLIENTI,311286,1.0000,3
9900050,SYNTH COMPANY 050 SRL,synth raw material 01103,PURCHASE,601,CHELT. CU MATERIILE PRIME,305103,1.0000,7
9900050,SYNTH COMPANY 050 SRL,synth office 00604,PURCHASE,6022,CHELT. PRIVIND COMBUSTIBILUL,321604,1.0000,15
9900050,SYNTH COMPANY 050 SRL,synth service 00224,PURCHASE,612,"CHELT. CU REDEVENTELE, LOCATIILE DE GESTIUNE",321224,1.0000,5
9900050,SYNTH COMPANY 050 SRL,synth packaging 01117,PURCHASE,625,"CHELT. CU DEPLASARI, DETASARI",300117,1.0000,7
9900050,SYNTH COMPANY 050 SRL,synth raw material 00925,PURCHASE,628,ALTE CHELT. CU SERVICIILE EXECUTATE DE TERTI,311925,1.0000,5
9900050,SYNTH COMPANY 050 SRL,synth retail 00318,SALE,707,VEN. DIN VANZAREA MARFURILOR,309318,1.0000,1
9900051,SYNTH COMPANY 051 SRL,synth fuel 01017,PURCHASE,602,CHELT. CU MATERIALELE CONSUMABILE,309017,1.0000,3
9900051,SYNTH COMPANY 051 SRL,synth maintenance 01121,PURCHASE,622,CHELT. CU COMISIOANELE SI ONORARIILE,319121,1.0000,4
9900051,SYNTH COMPANY 051 SRL,synth maintenance 00223,SALE,701,VEN. DIN VANZAREA PROD. FINITE,311223,1.0000,2
9900051,SYNTH COMPANY 051 SRL,synth misc 00103,SALE,411,CLIENTI,305103,1.0000,1
9900051,SYNTH COMPANY 051 SRL,synth office 00155,PURCHASE,625,"CHELT. CU DEPLASARI, DETASARI",309155,1.0000,9
9900051,SYNTH COMPANY 051 SRL,synth maintenance 00639,PURCHASE,635,"CHELT. CU ALTE IMPOZITE, TAXE",319639,1.0000,3
9900051,SYNTH COMPANY 051 SRL,synth service 00332,PURCHASE,602,CHELT. CU MATERIALELE CONSUMABILE,300332,1.0000,2
9900051,SYNTH COMPANY 051 SRL,synth maintenance 00373,PURCHASE,612,"CHELT. CU REDEVENTELE, LOCATIILE DE GESTIUNE",305373,0.6667,3
9900051,SYNTH COMPANY 051 SRL,synth utility 00310,PURCHASE,607,CHELT. PRIVIND MARFURILE,305310,1.0000,2
9900051,SYNTH COMPANY 051 SRL,synth service 00797,PURCHASE,6022,CHELT. PRIVIND COMBUSTIBILUL,300797,1.0000,2
9900051,SYNTH COMPANY 051 SRL,synth service 00370,PURCHASE,401,FURNIZORI,309370,1.0000,1
9900051,SYNTH COMPANY 051 SRL,synth maintenance 01171,PURCHASE,612,"CHELT. CU REDEVENTELE, LOCATIILE DE GESTIUNE",300171,1.0000,1
9900051,SYNTH COMPANY 051 SRL,synth utility 00748,PURCHASE,609,REDUCERI COMERCIALE PRIMITE,319748,1.0000,3
9900051,SYNTH COMPANY 051 SRL,synth raw material 00027,PURCHASE,4426,TVA DEDUCTIBILA,311027,0.8571,7
9900051,SYNTH COMPANY 051 SRL,synth packaging 00554,PURCHASE,613,CHELT. CU PRIMELE DE ASIGURARE,321554,1.0000,2
9900051,SYNTH COMPANY 051 SRL,synth packaging 01063,PURCHASE,401,FURNIZORI,309063,1.0000,1
9900051,SYNTH COMPANY 051 SRL,synth maintenance 00257,SALE,701,VEN. DIN VANZAREA PROD. FINITE,311257,1.0000,6
9900051,SYNTH COMPANY 051 SRL,synth office 01029,PURCHASE,601,CHELT. CU MATERIILE PRIME,300029,1.0000,1
9900051,SYNTH COMPANY 051 SRL,synth service 00497,PURCHASE,6022,CHELT. PRIVIND COMBUSTIBILUL,321497,1.0000,1
9900051,SYNTH COMPANY 051 SRL,synth fuel 00544,PURCHASE,622,CHELT. CU COMISIOANELE SI ONORARIILE,300544,1.0000,1
9900051,SYNTH COMPANY 051 SRL,synth packaging 00442,PURCHASE,609,REDUCERI COMERCIALE PRIMITE,311442,1.0000,1
9900051,SYNTH COMPANY 051 SRL,synth office 00718,PURCHASE,608,CHELT. PRIVIND AMBALAJELE,309718,1.0000,1
9900051,SYNTH COMPANY 051 SRL,synth fuel 00203,PURCHASE,607,CHELT. PRIVIND MARFURILE,305203,1.0000,1
9900052,SYNTH COMPANY 052 SRL,synth utility 01120,PURCHASE,607,CHELT. PRIVIND MARFURILE,321120,1.0000,1
9900052,SYNTH COMPANY 052 SRL,synth utility 00709,PURCHASE,608,CHELT. PRIVIND AMBALAJELE,311709,1.0000,1
9900052,SYNTH COMPANY 052 SRL,synth misc 00393,PURCHASE,625,"CHELT. CU DEPLASARI, DETASARI",305393,1.0000,2
9900052,SYNTH COMPANY 052 SRL,synth raw material 00110,PURCHASE,622,CHELT. CU COMISIOANELE SI ONORARIILE,321110,1.0000,1
9900052,SYNTH COMPANY 052 SRL,synth packaging 00324,PURCHASE,622,CHELT. CU COMISIOANELE SI ONORARIILE,305324,1.0000,1
9900052,SYNTH COMPANY 052 SRL,synth utility 00962,PURCHASE,622,CHELT. CU COMISIOANELE SI ONORARIILE,309962,1.0000,1
9900052,SYNTH COMPANY 052 SRL,synth service 00101,PURCHASE,607,CHELT. PRIVIND MARFURILE,309101,0.4615,13
9900052,SYNTH COMPANY 052 SRL,synth maintenance 00576,PURCHASE,605,CHELT. CU ENERGIA SI APA,319576,1.0000,2
9900052,SYNTH COMPANY 052 SRL,synth retail 00626,PURCHASE,607,CHELT. PRIVIND MARFURILE,305626,1.0000,4
9900052,SYNTH COMPANY 052 SRL,synth fuel 00375,PURCHASE,602,CHELT. CU MATERIALELE CONSUMABILE,305375,1.0000,1
9900052,SYNTH COMPANY 052 SRL,synth fuel 01108,PURCHASE,605,CHELT. CU ENERGIA SI APA,305108,1.0000,2
9900052,SYNTH COMPANY 052 SRL,synth service 00836,PURCHASE,602,CHELT. CU MATERIALELE CONSUMABILE,321836,1.0000,1
9900052,SYNTH COMPANY 052 SRL,synth fuel 00738,PURCHASE,612,"CHELT. CU REDEVENTELE, LOCATIILE DE GESTIUNE",305738,1.0000,1
9900052,SYNTH COMPANY 052 SRL,synth raw material 00935,SALE,4427,TVA COLECTATA,311935,1.0000,1
9900053,SYNTH COMPANY 053 SRL,synth retail 00466,PURCHASE,401,FURNIZORI,300466,1.0000,2
9900053,SYNTH COMPANY 053 SRL,synth fuel 00738,PURCHASE,612,"CHELT. CU REDEVENTELE, LOCATIILE DE GESTIUNE",305738,1.0000,6
9900053,SYNTH COMPANY 053 SRL,synth retail 00917,PURCHASE,613,CHELT. CU PRIMELE DE ASIGURARE,300917,0.6000,10
9900053,SYNTH COMPANY 053 SRL,synth fuel 00415,SALE,704,VEN. DIN SERVICII PRESTATE,300415,1.0000,4
9900053,SYNTH COMPANY 053 SRL,synth retail 00081,SALE,704,VEN. DIN SERVICII PRESTATE,300081,1.0000,1
9900053,SYNTH COMPANY 053 SRL,synth fuel 00908,SALE,4427,TVA COLECTATA,321908,1.0000,4
9900053,SYNTH COMPANY 053 SRL,synth maintenance 00662,SALE,411,CLIENTI,305662,1.0000,1
9900053,SYNTH COMPANY 053 SRL,synth retail 00250,PURCHASE,601,CHELT. CU MATERIILE PRIME,319250,1.0000,3
9900053,SYNTH COMPANY 053 SRL,synth office 00499,SALE,704,VEN. DIN SERVICII PRESTATE,311499,1.0000,2
9900053,SYNTH COMPANY 053 SRL,synth transport 00095,SALE,701,VEN. DIN VANZAREA PROD. FINITE,300095,1.0000,4
9900053,SYNTH COMPANY 053 SRL,synth misc 00404,PURCHASE,6022,CHELT. PRIVIND COMBUSTIBILUL,311404,1.0000,5
9900053,SYNTH COMPANY 053 SRL,synth retail 00213,PURCHASE,613,CHELT. CU PRIMELE DE ASIGURARE,311213,1.0000,3
9900053,SYNTH COMPANY 053 SRL,synth office 00067,PURCHASE,612,"CHELT. CU REDEVENTELE, LOCATIILE DE GESTIUNE",300067,1.0000,2
9900053,SYNTH COMPANY 053 SRL,synth retail 00200,PURCHASE,371,MARFURI,311200,1.0000,1
9900053,SYNTH COMPANY 053 SRL,synth maintenance 00578,PURCHASE,602,CHELT. CU MATERIALELE CONSUMABILE,311578,1.0000,1
9900054,SYNTH COMPANY 054 SRL,synth retail 01176,SALE,4427,TVA COLECTATA,309176,1.0000,4
9900054,SYNTH COMPANY 054 SRL,synth raw material 00216,PURCHASE,628,ALTE CHELT. CU SERVICIILE EXECUTATE DE TERTI,300216,1.0000,6
9900054,SYNTH COMPANY 054 SRL,synth service 00452,PURCHASE,608,CHELT. PRIVIND AMBALAJELE,311452,1.0000,2
9900054,SYNTH COMPANY 054 SRL,synth service 00998,PURCHASE,612,"CHELT. CU REDEVENTELE, LOCATIILE DE GESTIUNE",319998,1.0000,1
9900054,SYNTH COMPANY 054 SRL,synth transport 00967,PURCHASE,601,CHELT. CU MATERIILE PRIME,321967,1.0000,2
9900054,SYNTH COMPANY 054 SRL,synth fuel 00249,PURCHASE,605,CHELT. CU ENERGIA SI APA,305249,1.0000,1
9900054,SYNTH COMPANY 054 SRL,synth retail 00683,PURCHASE,625,"CHELT. CU DEPLASARI, DETASARI",309683,0.5000,2
9900054,SYNTH COMPANY 054 SRL,synth transport 01094,PURCHASE,625,"CHELT. CU DEPLASARI, DETASARI",319094,1.0000,3
9900054,SYNTH COMPANY 054 SRL,synth fuel 00968,PURCHASE,401,FURNIZORI,300968,1.0000,1
9900054,SYNTH COMPANY 054 SRL,synth utility 01098,PURCHASE,602,CHELT. CU MATERIALELE CONSUMABILE,319098,1.0000,1
9900054,SYNTH COMPANY 054 SRL,synth maintenance 00983,SALE,4427,TVA COLECTATA,305983,1.0000,1
9900054,SYNTH COMPANY 054 SRL,synth fuel 00270,SALE,707,VEN. DIN VANZAREA MARFURILOR,309270,1.0000,1
9900054,SYNTH COMPANY 054 SRL,synth misc 00953,SALE,701,VEN. DIN VANZAREA PROD. FINITE,319953,1.0000,1
9900055,SYNTH COMPANY 055 SRL,synth packaging 01025,SALE,4427,TVA COLECTATA,319025,1.0000,6
9900055,SYNTH COMPANY 055 SRL,synth office 00026,SALE,707,VEN. DIN VANZAREA MARFURILOR,300026,1.0000,5
9900055,SYNTH COMPANY 055 SRL,synth office 00779,PURCHASE,635,"CHELT. CU ALTE IMPOZITE, TAXE",309779,1.0000,2
9900055,SYNTH COMPANY 055 SRL,synth office 00073,PURCHASE,371,MARFURI,305073,1.0000,10
9900055,SYNTH COMPANY 055 SRL,synth service 00101,PURCHASE,607,CHELT. PRIVIND MARFURILE,309101,0.6471,17
9900055,SYNTH COMPANY 055 SRL,synth retail 00979,PURCHASE,601,CHELT. CU MATERIILE PRIME,305979,1.0000,6
9900055,SYNTH COMPANY 055 SRL,synth raw material 00436,SALE,704,VEN. DIN SERVICII PRESTATE,305436,1.0000,2
9900055,SYNTH COMPANY 055 SRL,synth maintenance 00866,SALE,701,VEN. DIN VANZAREA PROD. FINITE,309866,1.0000,2
9900055,SYNTH COMPANY 055 SRL,synth retail 00890,PURCHASE,622,CHELT. CU COMISIOANELE SI ONORARIILE,305890,1.0000,1
9900055,SYNTH COMPANY 055 SRL,synth utility 01037,SALE,704,VEN. DIN SERVICII PRESTATE,311037,1.0000,1
9900055,SYNTH COMPANY 055 SRL,synth fuel 00261,SALE,4427,TVA COLECTATA,311261,1.0000,3
9900056,SYNTH COMPANY 056 SRL,synth maintenance 00951,PURCHASE,601,CHELT. CU MATERIILE PRIME,300951,1.0000,1
9900056,SYNTH COMPANY 056 SRL,synth office 00073,PURCHASE,371,MARFURI,305073,1.0000,18
9900056,SYNTH COMPANY 056 SRL,synth raw material 00463,PURCHASE,602,CHELT. CU MATERIALELE CONSUMABILE,300463,1.0000,1
9900056,SYNTH COMPANY 056 SRL,synth office 00604,PURCHASE,6022,CHELT. PRIVIND COMBUSTIBILUL,321604,1.0000,2
9900056,SYNTH COMPANY 056 SRL,synth fuel 00047,PURCHASE,601,CHELT. CU MATERIILE PRIME,305047,1.0000,2
9900056,SYNTH COMPANY 056 SRL,synth maintenance 00151,PURCHASE,6022,CHELT. PRIVIND COMBUSTIBILUL,300151,1.0000,4
9900056,SYNTH COMPANY 056 SRL,synth transport 00443,PURCHASE,612,"CHELT. CU REDEVENTELE, LOCATIILE DE GESTIUNE",311443,1.0000,3
9900056,SYNTH COMPANY 056 SRL,synth misc 00572,PURCHASE,601,CHELT. CU MATERIILE PRIME,319572,1.0000,10
9900056,SYNTH COMPANY 056 SRL,synth retail 00611,PURCHASE,635,"CHELT. CU ALTE IMPOZITE, TAXE",319611,1.0000,1
9900056,SYNTH COMPANY 056 SRL,synth misc 00780,SALE,411,CLIENTI,311780,1.0000,13
9900056,SYNTH COMPANY 056 SRL,synth packaging 00309,SALE,411,CLIENTI,300309,1.0000,3
9900056,SYNTH COMPANY 056 SRL,synth utility 00669,SALE,707,VEN. DIN VANZAREA MARFURILOR,311669,1.0000,7
9900056,SYNTH COMPANY 056 SRL,synth maintenance 01163,PURCHASE,622,CHELT. CU COMISIOANELE SI ONORARIILE,319163,1.0000,3
9900056,SYNTH COMPANY 056 SRL,synth transport 00485,PURCHASE,609,REDUCERI COMERCIALE PRIMITE,300485,1.0000,1
9900056,SYNTH COMPANY 056 SRL,synth raw material 00910,PURCHASE,605,CHELT. CU ENERGIA SI APA,321910,1.0000,2
9900056,SYNTH COMPANY 056 SRL,synth service 00312,PURCHASE,635,"CHELT. CU ALTE IMPOZITE, TAXE",300312,1.0000,2
9900056,SYNTH COMPANY 056 SRL,synth maintenance 01159,PURCHASE,612,"CHELT. CU REDEVENTELE, LOCATIILE DE GESTIUNE",321159,1.0000,1
9900056,SYNTH COMPANY 056 SRL,synth misc 00765,PURCHASE,401,FURNIZORI,319765,1.0000,1
9900056,SYNTH COMPANY 056 SRL,synth misc 00993,SALE,4427,TVA COLECTATA,300993,1.0000,3
9900057,SYNTH COMPANY 057 SRL,synth fuel 00716,PURCHASE,601,CHELT. CU MATERIILE PRIME,321716,1.0000,19
9900057,SYNTH COMPANY 057 SRL,synth office 01029,PURCHASE,601,CHELT. CU MATERIILE PRIME,300029,1.0000,1
9900057,SYNTH COMPANY 057 SRL,synth retail 00744,PURCHASE,609,REDUCERI COMERCIALE PRIMITE,319744,1.0000,6
9900057,SYNTH COMPANY 057 SRL,synth office 00127,PURCHASE,612,"CHELT. CU REDEVENTELE, LOCATIILE DE GESTIUNE",321127,1.0000,5
9900057,SYNTH COMPANY 057 SRL,synth misc 00264,PURCHASE,4426,TVA DEDUCTIBILA,300264,1.0000,5
9900057,SYNTH COMPANY 057 SRL,synth retail 00331,PURCHASE,613,CHELT. CU PRIMELE DE ASIGURARE,321331,1.0000,3
9900057,SYNTH COMPANY 057 SRL,synth packaging 00468,PURCHASE,613,CHELT. CU PRIMELE DE ASIGURARE,319468,1.0000,5
9900057,SYNTH COMPANY 057 SRL,synth retail 00021,PURCHASE,602,CHELT. CU MATERIALELE CONSUMABILE,311021,1.0000,1
9900057,SYNTH COMPANY 057 SRL,synth utility 00914,PURCHASE,635,"CHELT. CU ALTE IMPOZITE, TAXE",311914,1.0000,2
9900057,SYNTH COMPANY 057 SRL,synth retail 00070,PURCHASE,401,FURNIZORI,321070,1.0000,6
9900057,SYNTH COMPANY 057 SRL,synth office 00894,SALE,4427,TVA COLECTATA,311894,1.0000,5
9900057,SYNTH COMPANY 057 SRL,synth transport 00297,SALE,707,VEN. DIN VANZAREA MARFURILOR,305297,1.0000,2
9900057,SYNTH COMPANY 057 SRL,synth misc 00953,SALE,707,VEN. DIN VANZAREA MARFURILOR,319953,1.0000,1
9900057,SYNTH COMPANY 057 SRL,synth office 00320,PURCHASE,601,CHELT. CU MATERIILE PRIME,309320,1.0000,8
9900057,SYNTH COMPANY 057 SRL,synth utility 00469,PURCHASE,622,CHELT. CU COMISIOANELE SI ONORARIILE,321469,1.0000,1
9900057,SYNTH COMPANY 057 SRL,synth raw material 01089,PURCHASE,613,CHELT. CU PRIMELE DE ASIGURARE,305089,1.0000,2
9900057,SYNTH COMPANY 057 SRL,synth fuel 00566,SALE,707,VEN. DIN VANZAREA MARFURILOR,311566,1.0000,3
9900057,SYNTH COMPANY 057 SRL,synth raw material 01007,PURCHASE,628,ALTE CHELT. CU SERVICIILE EXECUTATE DE TERTI,300007,1.0000,2
9900057,SYNTH COMPANY 057 SRL,synth maintenance 01110,PURCHASE,612,"CHELT. CU REDEVENTELE, LOCATIILE DE GESTIUNE",309110,1.0000,2
9900057,SYNTH COMPANY 057 SRL,synth utility 00580,PURCHASE,613,CHELT. CU PRIMELE DE ASIGURARE,305580,1.0000,1
9900057,SYNTH COMPANY 057 SRL,synth office 00996,PURCHASE,628,ALTE CHELT. CU SERVICIILE EXECUTATE DE TERTI,305996,1.0000,2
9900057,SYNTH COMPANY 057 SRL,synth packaging 01145,SALE,704,VEN. DIN SERVICII PRESTATE,311145,1.0000,1
9900058,SYNTH COMPANY 058 SRL,synth maintenance 00257,SALE,701,VEN. DIN VANZAREA PROD. FINITE,311257,1.0000,40
9900058,SYNTH COMPANY 058 SRL,synth retail 00874,SALE,704,VEN. DIN SERVICII PRESTATE,309874,1.0000,5
9900058,SYNTH COMPANY 058 SRL,synth packaging 00858,SALE,4427,TVA COLECTATA,319858,1.0000,12
9900058,SYNTH COMPANY 058 SRL,synth fuel 00382,SALE,701,VEN. DIN VANZAREA PROD. FINITE,300382,1.0000,3
9900058,SYNTH COMPANY 058 SRL,synth office 00050,SALE,704,VEN. DIN SERVICII PRESTATE,321050,1.0000,3
9900058,SYNTH COMPANY 058 SRL,synth office 01091,PURCHASE,605,CHELT. CU ENERGIA SI APA,309091,1.0000,40
9900058,SYNTH COMPANY 058 SRL,synth raw material 00351,PURCHASE,602,CHELT. CU MATERIALELE CONSUMABILE,309351,1.0000,6
9900058,SYNTH COMPANY 058 SRL,synth packaging 00421,PURCHASE,401,FURNIZORI,309421,1.0000,9
9900058,SYNTH COMPANY 058 SRL,synth misc 00876,PURCHASE,607,CHELT. PRIVIND MARFURILE,321876,1.0000,9
9900058,SYNTH COMPANY 058 SRL,synth retail 00630,PURCHASE,608,CHELT. PRIVIND AMBALAJELE,311630,1.0000,10
9900058,SYNTH COMPANY 058 SRL,synth misc 00311,PURCHASE,625,"CHELT. CU DEPLASARI, DETASARI",319311,1.0000,9
9900058,SYNTH COMPANY 058 SRL,synth misc 00700,PURCHASE,613,CHELT. CU PRIMELE DE ASIGURARE,321700,1.0000,7
9900058,SYNTH COMPANY 058 SRL,synth service 00768,PURCHASE,401,FURNIZORI,311768,1.0000,8
9900058,SYNTH COMPANY 058 SRL,synth packaging 00335,PURCHASE,609,REDUCERI COMERCIALE PRIMITE,305335,1.0000,4
9900058,SYNTH COMPANY 058 SRL,synth misc 00208,PURCHASE,609,REDUCERI COMERCIALE PRIMITE,319208,1.0000,10
9900058,SYNTH COMPANY 058 SRL,synth retail 00735,PURCHASE,602,CHELT. CU MATERIALELE CONSUMABILE,319735,1.0000,5
9900058,SYNTH COMPANY 058 SRL,synth utility 00036,PURCHASE,601,CHELT. CU MATERIILE PRIME,319036,1.0000,2
9900058,SYNTH COMPANY 058 SRL,synth service 00239,SALE,707,VEN. DIN VANZAREA MARFURILOR,319239,1.0000,3
9900058,SYNTH COMPANY 058 SRL,synth maintenance 00115,PURCHASE,625,"CHELT. CU DEPLASARI, DETASARI",309115,1.0000,2
9900058,SYNTH COMPANY 058 SRL,synth utility 00846,PURCHASE,371,MARFURI,321846,1.0000,1
9900058,SYNTH COMPANY 058 SRL,synth fuel 00273,SALE,4427,TVA COLECTATA,305273,1.0000,2
9900058,SYNTH COMPANY 058 SRL,synth packaging 00243,PURCHASE,601,CHELT. CU MATERIILE PRIME,305243,1.0000,4
9900058,SYNTH COMPANY 058 SRL,synth service 00987,PURCHASE,371,MARFURI,319987,1.0000,1
9900058,SYNTH COMPANY 058 SRL,synth utility 00340,PURCHASE,635,"CHELT. CU ALTE IMPOZITE, TAXE",300340,1.0000,2
9900058,SYNTH COMPANY 058 SRL,synth packaging 00196,PURCHASE,401,FURNIZORI,311196,1.0000,2
9900058,SYNTH COMPANY 058 SRL,synth utility 00801,PURCHASE,601,CHELT. CU MATERIILE PRIME,305801,1.0000,1
9900059,SYNTH COMPANY 059 SRL,synth transport 00627,SALE,704,VEN. DIN SERVICII PRESTATE,321627,1.0000,1
9900059,SYNTH COMPANY 059 SRL,synth packaging 00636,SALE,701,VEN. DIN VANZAREA PROD. FINITE,309636,1.0000,3
9900059,SYNTH COMPANY 059 SRL,synth utility 00275,SALE,411,CLIENTI,309275,1.0000,1
9900059,SYNTH COMPANY 059 SRL,synth raw material 00216,PURCHASE,628,ALTE CHELT. CU SERVICIILE EXECUTATE DE TERTI,300216,1.0000,1
9900059,SYNTH COMPANY 059 SRL,synth retail 00647,PURCHASE,4426,TVA DEDUCTIBILA,319647,1.0000,2
9900059,SYNTH COMPANY 059 SRL,synth raw material 01039,SALE,701,VEN. DIN VANZAREA PROD. FINITE,311039,1.0000,1
9900060,SYNTH COMPANY 060 SRL,synth maintenance 00205,PURCHASE,628,ALTE CHELT. CU SERVICIILE EXECUTATE DE TERTI,300205,1.0000,2
9900060,SYNTH COMPANY 060 SRL,synth fuel 00667,PURCHASE,371,MARFURI,319667,1.0000,1
9900060,SYNTH COMPANY 060 SRL,synth raw material 00984,PURCHASE,605,CHELT. CU ENERGIA SI APA,300984,1.0000,1
9900060,SYNTH COMPANY 060 SRL,synth misc 00393,PURCHASE,625,"CHELT. CU DEPLASARI, DETASARI",300393,1.0000,2
9900060,SYNTH COMPANY 060 SRL,synth utility 00943,PURCHASE,4426,TVA DEDUCTIBILA,321943,1.0000,2
